id,Status_C,Status_CL,Status_D
15000,0.41505701035224674,0.003232451746011838,0.5817105379017414
15001,0.8889031972794975,0.011831132273555093,0.09926567044694741
15002,0.7460929226728034,0.006067912810305227,0.24783916451689134
15003,0.9861930298371764,0.0009713518921131975,0.012835618270710421
15004,0.21915447815204234,0.13424372657561426,0.6466017952723434
15005,0.8390051230503947,0.011348366888485931,0.14964651006111934
15006,0.1829302597397198,0.006932687676078958,0.8101370525842012
15007,0.012695306586094843,0.0017201310550526159,0.9855845623588526
15008,0.674872194320479,0.005138538821851225,0.31998926685766976
15009,0.9519559453107723,0.00666566912703417,0.041378385562193455
15010,0.11917382226096665,0.04536459473529676,0.8354615830037365
15011,0.9514422842018061,0.008482450396849845,0.04007526540134412
15012,0.015478698731169324,0.0005201965891095493,0.9840011046797212
15013,0.9835464371385831,0.0005861532681523335,0.01586740959326459
15014,0.07642686594173843,0.0100438607923242,0.9135292732659375
15015,0.962435268387745,0.001780686340749855,0.035784045271505194
15016,0.958807216821512,0.0005732099517343232,0.04061957322675348
15017,0.9430321015473001,0.025752654079700378,0.031215244372999395
15018,0.9096756881632684,0.026170399665544908,0.0641539121711868
15019,0.49472447951099185,0.05847531108276043,0.44680020940624765
15020,0.9602524210718849,0.0002071489799539775,0.03954042994816112
15021,0.9540847833768166,0.02912527485851028,0.016789941764673157
15022,0.005550026260773309,0.007438731047295752,0.987011242691931
15023,0.9345180411927041,0.001718084407570257,0.06376387439972564
15024,0.9338593802539322,0.008764967846185107,0.057375651899882744
15025,0.9875087800281851,0.0003094948179296319,0.01218172515388523
15026,0.005776230645689219,0.007689839036990592,0.9865339303173202
15027,0.07916650651857042,0.34139719932665824,0.5794362941547714
15028,0.0009984074057506921,0.0005004271490233713,0.998501165445226
15029,0.863832958647804,0.006321448634576252,0.12984559271761986
15030,0.016165750662547197,0.019515278859935033,0.9643189704775178
15031,0.2857663227045843,0.002798034839095124,0.7114356424563206
15032,0.05931977214898556,0.007063117345794489,0.9336171105052199
15033,0.11228093411576226,0.0019988201861005778,0.8857202456981371
15034,0.9286083083783699,0.00671062039174363,0.06468107122988656
15035,0.8043498352776818,0.014122605256792035,0.18152755946552618
15036,0.682370082956469,0.06878821398775961,0.24884170305577147
15037,0.016385094575646613,0.0030103602921823986,0.980604545132171
15038,0.9300212104806196,0.021374276783433597,0.048604512735946806
15039,0.9121011993768886,0.004609571321183011,0.0832892293019284
15040,0.010544007580773907,0.0002737986529263509,0.9891821937662998
15041,0.7824937711638306,0.04229113376495157,0.17521509507121785
15042,0.13437465563961112,0.031066170862830155,0.8345591734975587
15043,0.09433212606682849,0.018838138977896376,0.8868297349552752
15044,0.23241249864712635,0.002283900030572583,0.765303601322301
15045,0.9357252441185892,0.012232248739018181,0.0520425071423927
15046,0.44767449627729605,0.009462980448635716,0.5428625232740684
15047,0.9687928162244699,0.000675421371564437,0.030531762403965643
15048,0.9704856745303251,0.004117486782227845,0.025396838687447135
15049,0.0007575669085109921,0.00028438490032244083,0.9989580481911665
15050,0.4588241044979904,0.04356048022398261,0.49761541527802694
15051,0.9844387196655141,0.0011967210234966844,0.014364559310989159
15052,0.9692947488425939,0.011986085271837917,0.018719165885568198
15053,0.9410521750755713,0.019322430832822514,0.0396253940916063
15054,0.018906248233695206,0.00075389882798845,0.9803398529383163
15055,0.06304369487570699,0.010092794302771806,0.9268635108215212
15056,0.5926080610149237,0.2486953810943564,0.15869655789071987
15057,0.9930248082864388,0.0001176445428416685,0.006857547170719589
15058,0.82211999725339,0.009219414984295462,0.1686605877623144
15059,0.8451405218789124,0.028042089902980426,0.12681738821810715
15060,0.7510357743524237,0.14709235656425035,0.1018718690833259
15061,0.9059588625350993,0.04961395658380718,0.04442718088109352
15062,0.007237260015524563,0.0037929141071992196,0.9889698258772762
15063,0.5381792144824105,0.22490949338395205,0.2369112921336375
15064,0.08576484321737336,0.0046221799340910134,0.9096129768485357
15065,0.9694153193782504,0.008756504504054565,0.02182817611769506
15066,0.680483658750533,0.21171000326753753,0.10780633798192951
15067,0.8176508465795445,0.005197967646419764,0.1771511857740358
15068,0.5433304426685025,0.0015565908503362078,0.4551129664811612
15069,0.9030631395747947,0.054604355884792406,0.04233250454041296
15070,0.8324594069339382,0.1214722694360703,0.04606832362999153
15071,0.9767251842902843,0.001084329979105384,0.022190485730610384
15072,0.9728576857664002,0.0033727247046588093,0.023769589528941006
15073,0.3062920818443838,0.11962608483859714,0.5740818333170191
15074,0.03274367128741892,0.004387170166177139,0.962869158546404
15075,0.9459313916943327,0.0008394214014516918,0.053229186904215534
15076,0.6900029651834628,0.2619683231035878,0.048028711712949375
15077,0.9385298920724822,0.00104921270839841,0.06042089521911958
15078,0.34448074521374494,0.014172731902494065,0.6413465228837609
15079,0.7264836803920974,0.007604397215715895,0.26591192239218664
15080,0.9297194855495192,0.002117366558087693,0.06816314789239308
15081,0.8431809446245949,0.011650063917244477,0.14516899145816067
15082,0.0388572480343131,0.0026357431975461,0.9585070087681409
15083,0.9445807767741983,0.030457889214751746,0.024961334011050027
15084,0.9754564381693221,0.00971852384523908,0.014825037985438855
15085,0.8693552628867427,0.007790559977547736,0.12285417713570966
15086,0.6873236002893849,0.04137832714937606,0.27129807256123906
15087,0.6617320811849545,0.05214671920836933,0.28612119960667615
15088,0.9924304960428459,0.000462054778060259,0.007107449179093742
15089,0.8079389446645738,0.011278037267465933,0.18078301806796018
15090,0.9920339943975135,0.00023144544852040513,0.007734560153966235
15091,0.6915066320577143,0.002679741579094524,0.30581362636319115
15092,0.9536276663297498,0.029093118546862484,0.017279215123387724
15093,0.017329656969858734,0.00888588161153675,0.9737844614186045
15094,0.7784864718723874,0.011767189677581821,0.2097463384500308
15095,0.9319125772057268,0.0034445870159003906,0.06464283577837282
15096,0.8521731661185384,0.0022259192236854498,0.1456009146577761
15097,0.941153483038601,0.0031214183608685516,0.05572509860053045
15098,0.6266593400850071,0.03486527862538054,0.3384753812896124
15099,0.9761970020252994,0.0006141480271681073,0.02318884994753255
15100,0.9752464780938264,0.001968102816261776,0.02278541908991186
15101,0.053815476011943836,0.00257370536156593,0.9436108186264902
15102,0.6550111463840889,0.002319328432048549,0.3426695251838626
15103,0.9483736244921676,0.02752644024666261,0.02409993526116982
15104,0.9125655422927075,0.0034323008427759516,0.0840021568645165
15105,0.9220668652003748,0.03673319502705043,0.04119993977257476
15106,0.9952527427299855,0.0005584222217436863,0.004188835048270744
15107,0.775639787077617,0.004155452723291797,0.22020476019909113
15108,0.952154606445636,0.035016369511418184,0.012829024042945796
15109,0.7355124338258012,0.03534074243860027,0.22914682373559855
15110,0.8764882419549082,0.054222710926165534,0.06928904711892625
15111,0.014633067001169803,0.002548607375460101,0.9828183256233701
15112,0.9557463317615676,0.014914524761594746,0.02933914347683751
15113,0.98224918449058,0.0021854704867853465,0.015565345022634522
15114,0.9735928368016922,0.0015186173416347575,0.024888545856673164
15115,0.15988009348022444,0.01007446575633353,0.830045440763442
15116,0.9549302380728668,0.0009071954048288053,0.0441625665223044
15117,0.2681418790735277,0.03426544189427676,0.6975926790321956
15118,0.009353811580802533,0.007942306844032049,0.9827038815751654
15119,0.9417839868457074,0.012224317912200395,0.045991695242092234
15120,0.07661090019024866,0.0038800351898077693,0.9195090646199435
15121,0.9282706408927327,0.024567541651538807,0.047161817455728464
15122,0.5069916836577988,0.15785371436018472,0.3351546019820165
15123,0.9777936286877518,0.002454120000520763,0.019752251311727347
15124,0.6579170358993089,0.14064917675485097,0.20143378734584008
15125,0.5182151707340759,0.015198707480876377,0.4665861217850479
15126,0.7292921243339264,0.015723551053887886,0.25498432461218573
15127,0.9193296469369827,0.004005963709179867,0.07666438935383749
15128,0.03006820691840087,0.003632353839295353,0.9662994392423038
15129,0.7211860897638277,0.005970795585674839,0.2728431146504975
15130,0.6758571980032596,0.014478126395325098,0.30966467560141525
15131,0.542239079743946,0.017928988417288284,0.4398319318387656
15132,0.08413009290840914,0.0014185520063952424,0.9144513550851957
15133,0.9028199496347824,0.011485051554647956,0.08569499881056969
15134,0.923798373324893,0.011737337203432558,0.06446428947167442
15135,0.9333019320769034,0.0026880924772129354,0.06400997544588367
15136,0.0006580489220702285,0.00011768887704774013,0.9992242622008821
15137,0.9864309924732241,0.005625435722413591,0.007943571804362363
15138,0.9378666135948319,0.016275788528637324,0.045857597876530695
15139,0.19669285235103026,0.5609207340831953,0.24238641356577448
15140,0.8737344825227801,0.04896006122208988,0.07730545625513004
15141,0.9889883951407645,0.0011065389866826733,0.00990506587255284
15142,0.3388709171174675,0.3401063477663911,0.32102273511614143
15143,0.7160718713846937,0.012138065456334243,0.27179006315897214
15144,0.9133357116003888,0.0015858164956479668,0.08507847190396312
15145,0.9726847632033525,0.006880006519979019,0.020435230276668572
15146,0.7893623103790062,0.006615180795090951,0.20402250882590287
15147,0.9221976589097426,0.0012792545161740654,0.07652308657408335
15148,0.9391005167817706,0.0075391319432412205,0.05336035127498806
15149,0.036503690760011254,0.004956793231166914,0.9585395160088218
15150,0.8729916308012284,0.001592541052063742,0.12541582814670774
15151,0.9677311238425536,0.0024194656561713525,0.02984941050127525
15152,0.9082745292408332,0.06605382025501588,0.02567165050415088
15153,0.11818603076982379,0.003871035565118703,0.8779429336650575
15154,0.9382060290404871,0.03439073214449277,0.027403238815020083
15155,0.44789774645342206,0.07042710526541471,0.4816751482811632
15156,0.5962398241198665,0.055115904454939205,0.3486442714251943
15157,0.8770123060068642,0.0015080636549695088,0.12147963033816626
15158,0.2202777870300571,0.007945544506629125,0.7717766684633136
15159,0.9890523395297864,0.0009179482826578142,0.010029712187555726
15160,0.1406472109780491,0.0008310757882340306,0.8585217132337168
15161,0.3256938004036157,0.1011623025610206,0.5731438970353637
15162,0.9533071998456961,0.0034908739773999568,0.04320192617690388
15163,0.0361651309838302,0.007771403454511632,0.9560634655616582
15164,0.9782408398123079,0.01683226981779718,0.004926890369894907
15165,0.9756503363817395,0.002268130221757532,0.022081533396502904
15166,0.9352800948642597,0.00428116797979778,0.06043873715594251
15167,0.925339811794488,0.00038216265977030725,0.0742780255457417
15168,0.9663997602404151,0.00531970301028409,0.028280536749300943
15169,0.9735722990965581,0.013927362040638247,0.012500338862803592
15170,0.9668140288266902,0.0004492101609477023,0.032736761012362094
15171,0.06133590500407272,0.0075515491370831194,0.9311125458588442
15172,0.07381324714213482,0.0018385136456582425,0.9243482392122071
15173,0.9430607880783558,0.0073383503148333265,0.04960086160681083
15174,0.911495468946302,0.038671424882436925,0.049833106171261146
15175,0.9845257643019291,0.00490554791546872,0.010568687782602244
15176,0.868933404802643,0.0835450057887965,0.047521589408560536
15177,0.9973143947201376,0.0010706289148079528,0.0016149763650544842
15178,0.041495985610433286,0.0011150489329706619,0.957388965456596
15179,0.9771355447750937,0.00374315200813264,0.01912130321677378
15180,0.08127889299076488,0.0024033618098004655,0.9163177451994347
15181,0.5697842649291511,0.025749498443968184,0.40446623662688047
15182,0.03206935619238372,0.0012378377505175705,0.9666928060570987
15183,0.9566465982226755,0.0056240085327988526,0.03772939324452562
15184,0.04629834763003099,0.0019679633473764727,0.9517336890225925
15185,0.020458458859563655,0.0009132734549265718,0.9786282676855098
15186,0.255345148585359,0.5115663906195744,0.2330884607950665
15187,0.9840517068856156,0.005969622420175854,0.009978670694208481
15188,0.9604800687784569,0.023181522085176067,0.016338409136366958
15189,0.8937597285574155,0.003535922282389967,0.10270434916019468
15190,0.9442501970991107,0.00739266558779028,0.04835713731309901
15191,0.976779432207306,0.0031656893384052294,0.02005487845428882
15192,0.9679752177829329,0.012884138367097803,0.019140643849969243
15193,0.9859445640608472,0.0012870689898583608,0.012768366949294457
15194,0.024763361954353177,0.0025462320673673875,0.9726904059782795
15195,0.8962958873441301,0.002688936210081465,0.10101517644578849
15196,0.9578647404867969,0.0011339620078465932,0.04100129750535637
15197,0.9675056785765591,0.001849969942359271,0.030644351481081626
15198,0.7650338366341319,0.016163520763833462,0.21880264260203458
15199,0.9489317989011344,0.0015674276171843012,0.0495007734816812
15200,0.6757249602337316,0.00959867896048366,0.3146763608057847
15201,0.9824303592064508,0.00527102134968632,0.012298619443862905
15202,0.74319643390294,0.02197773653745909,0.23482582955960085
15203,0.9189917454514737,0.0005657964903937963,0.08044245805813263
15204,0.9859909722353444,0.006277842191270498,0.007731185573385096
15205,0.9812114186626958,0.00581433157704728,0.012974249760256993
15206,0.001939436505907855,0.0004502067716471983,0.997610356722445
15207,0.8117017609727333,0.0005576630011761382,0.1877405760260908
15208,0.20274927346862065,0.7046316975130611,0.09261902901831827
15209,0.04221613537147475,0.0004337013151999414,0.9573501633133253
15210,0.7078050669708468,0.2669592617769469,0.025235671252206302
15211,0.9830022305115493,0.0013757317369388863,0.015622037751511738
15212,0.010418071489997124,0.0008451560685616618,0.9887367724414411
15213,0.6712239226598029,0.0033867522271328206,0.3253893251130643
15214,0.7641697809593524,0.014160842365009961,0.22166937667563766
15215,0.9898771230396849,0.0006028979696385735,0.009519978990676484
15216,0.8900217553370754,0.007097800141040487,0.1028804445218842
15217,0.8713699023475638,0.003978268600472564,0.12465182905196356
15218,0.9096385230028048,0.014896156955594748,0.07546532004160048
15219,0.8260824319859653,0.009731735927939978,0.16418583208609466
15220,0.14467096119313097,0.36302472443006994,0.492304314376799
15221,0.9619956608457533,0.0016875542007270545,0.03631678495351965
15222,0.8269224431126142,0.01658598618761157,0.1564915706997743
15223,0.977360575840875,0.012811765880727759,0.009827658278397183
15224,0.9781912968553369,0.00028062199486181093,0.02152808114980139
15225,0.9718059456662864,0.0008709062939907248,0.02732314803972275
15226,0.9625242035764489,0.0005455671849347013,0.0369302292386164
15227,0.7657487551629302,0.009737846566864404,0.22451339827020556
15228,0.19789316764268594,0.6385180802782771,0.16358875207903695
15229,0.08302064768275584,0.0021862570258451095,0.9147930952913991
15230,0.9941950796851583,0.0004093021226088319,0.0053956181922328395
15231,0.8784398641864465,0.01089273114985028,0.11066740466370321
15232,0.5006477379053479,0.005869316131451953,0.49348294596320014
15233,0.7677747356289254,0.025884217497657527,0.20634104687341712
15234,0.9316597467047417,0.0006085313620482024,0.06773172193320995
15235,0.9391485489408278,0.0026555436695608115,0.05819590738961139
15236,0.18864786840981831,0.011887443560771207,0.7994646880294104
15237,0.7274910064701403,0.027281006602904397,0.24522798692695538
15238,0.9612163356991011,0.006638045120932705,0.03214561917996617
15239,0.7754191193897614,0.02716344780996794,0.19741743280027077
15240,0.015317709644809586,0.0014834105036787215,0.9831988798515118
15241,0.9679088577719289,0.0029851254545089907,0.029106016773562064
15242,0.5722143697727098,0.025013210637923017,0.40277241958936727
15243,0.6652994384177457,0.2531721362241982,0.08152842535805603
15244,0.9769200569787909,0.0025421779970778383,0.020537765024131155
15245,0.309108166026647,0.050434670917529525,0.6404571630558235
15246,0.954046521018825,0.0017297359212496578,0.04422374305992523
15247,0.9683998232215287,0.00020584397644094984,0.03139433280203042
15248,0.945415766503223,0.0034631197029379407,0.05112111379383907
15249,0.9772868361736986,0.0009010285450636113,0.02181213528123782
15250,0.6124983209744171,0.054666104703315316,0.33283557432226757
15251,0.9872987209650618,0.0014138042520028657,0.011287474782935349
15252,0.7654959884013426,0.0046252897255636095,0.22987872187309388
15253,0.9865127998137837,0.0013585713603355607,0.01212862882588077
15254,0.0007362704955798596,0.00015442299274189269,0.9991093065116783
15255,0.45030236422224057,0.12548817438507878,0.42420946139268073
15256,0.0377943511104264,0.0016430836096307847,0.9605625652799428
15257,0.27143271352754317,0.02988620583194018,0.6986810806405167
15258,0.9336914502321351,0.026567015562193777,0.03974153420567133
15259,0.9973385492967206,0.0005300322976258047,0.0021314184056535823
15260,0.9735682343481163,0.0008860431058369397,0.025545722546046805
15261,0.9763206335362127,0.0019376262326000655,0.021741740231187152
15262,0.09163091185958318,0.003488027175573473,0.9048810609648433
15263,0.03686255774047431,0.002130397034486873,0.9610070452250388
15264,0.8681169617602854,0.006762659687013457,0.125120378552701
15265,0.9928121729995203,0.0003962814658124675,0.006791545534667241
15266,0.9946407114603805,0.0013566430338559838,0.004002645505763562
15267,0.8636853226934916,0.008721580040575893,0.12759309726593257
15268,0.9177505514313066,0.002331885797180073,0.07991756277151339
15269,0.44130346944290144,0.013241088699192162,0.5454554418579064
15270,0.9717383706711871,0.011661643762060758,0.016599985566752178
15271,0.9699852947184715,0.0017749687205989458,0.028239736560929582
15272,0.9191999313524317,0.0008349365725973408,0.07996513207497086
15273,0.9318319396014312,0.01316641479109134,0.055001645607477535
15274,0.9839948224105786,0.0013700583583776576,0.014635119231043782
15275,0.9895610287223296,0.005607555135418245,0.004831416142252094
15276,0.9288710688963833,0.0013887690423812246,0.06974016206123557
15277,0.0064716048433458235,0.0008795039457675981,0.9926488912108866
15278,0.9906481544554168,0.00017434865923639156,0.009177496885346834
15279,0.4927675800811207,0.005151078440936372,0.5020813414779428
15280,0.7763290052583859,0.0016968697784894048,0.22197412496312466
15281,0.9883492994657703,0.000486471272418312,0.011164229261811423
15282,0.9160879005618062,0.03541358871958844,0.048498510718605246
15283,0.9313889873625916,0.0032608342643289335,0.06535017837307948
15284,0.15360895443248518,0.043272305811810886,0.803118739755704
15285,0.12226886018129611,0.01892900518114799,0.8588021346375561
15286,0.9135694156830563,0.002964650999046122,0.08346593331789758
15287,0.7774723878362669,0.012847972583067755,0.20967963958066527
15288,0.9097622334033771,0.0008486459817356583,0.08938912061488719
15289,0.11960379049721614,0.0018238998510271185,0.8785723096517568
15290,0.9471724834828047,0.004815106420530955,0.048012410096664425
15291,0.10744604670417977,0.014416783522198193,0.8781371697736221
15292,0.9794869688558323,0.0035643590417024688,0.0169486721024652
15293,0.7662938476682054,0.011554804743321271,0.22215134758847327
15294,0.9868437940976574,0.0013604868565842338,0.011795719045758275
15295,0.9942962101755757,0.0015363208093776815,0.004167469015046605
15296,0.7785162361245151,0.09297259071138404,0.12851117316410085
15297,0.09911879758886862,0.011056438601817698,0.8898247638093136
15298,0.8443874382239446,0.003315132307464816,0.15229742946859048
15299,0.9648559438096066,0.0037820058479198612,0.03136205034247347
15300,0.17803596308288736,0.003366378044690968,0.8185976588724216
15301,0.9668948076368288,0.0020845522810401685,0.031020640082130995
15302,0.8219678836464825,0.008681767424631424,0.16935034892888592
15303,0.6785617553521324,0.030998931734908246,0.29043931291295944
15304,0.4528223134494491,0.08362781929188808,0.4635498672586628
15305,0.07319618075091416,0.0012445395669687953,0.9255592796821172
15306,0.930482527355978,0.0038708744511186787,0.06564659819290336
15307,0.8981942822842734,0.005399441784204199,0.09640627593152247
15308,0.8966256208423626,0.013756997269859135,0.08961738188777826
15309,0.9479839964904047,0.01043193314794245,0.04158407036165289
15310,0.9848805883891586,0.0006428169453982929,0.014476594665443085
15311,0.8290993978008827,0.13032753543024328,0.04057306676887405
15312,0.9758981982500494,0.00191132386706812,0.022190477882882472
15313,0.9011652629993031,0.010942150983994297,0.08789258601670247
15314,0.9369005280632663,0.01468023041019626,0.04841924152653735
15315,0.9578959949095652,0.008617091867089468,0.03348691322334536
15316,0.9238373254084329,0.001981780992687524,0.07418089359887962
15317,0.9765817198455752,0.014148778382033616,0.0092695017723912
15318,0.6179930917239095,0.019059074333136607,0.3629478339429538
15319,0.8046155426649026,0.003590644109153438,0.19179381322594385
15320,0.038454686059081644,0.0037276328938141323,0.9578176810471042
15321,0.3979296537566406,0.017646792268482363,0.584423553974877
15322,0.6988311055503089,0.002521202781580089,0.298647691668111
15323,0.826349429522922,0.012833706020600452,0.16081686445647747
15324,0.8720722803893824,0.09906480268987261,0.02886291692074492
15325,0.6994806066122583,0.01616992219663243,0.2843494711911092
15326,0.888067211305154,0.008031514826547886,0.10390127386829803
15327,0.38640457767262776,0.05524534417761769,0.5583500781497546
15328,0.08145717601056446,0.002411923880391489,0.9161309001090441
15329,0.894119523977756,0.0060764190502887805,0.09980405697195524
15330,0.5146437528099884,0.02693999780788012,0.4584162493821315
15331,0.9662762782241279,0.0006656955624793268,0.03305802621339291
15332,0.9809636271469612,0.0008203193135207648,0.01821605353951814
15333,0.6724494858663276,0.061379118096295635,0.2661713960373769
15334,0.7764602301009974,0.011065076394697542,0.21247469350430512
15335,0.12252241724702302,0.0194208410976305,0.8580567416553464
15336,0.3744937417593897,0.013296588325343812,0.6122096699152664
15337,0.9277695762238894,0.002934152271200953,0.06929627150490968
15338,0.0015527253629113065,9.999481464967682e-05,0.998347279822439
15339,0.2200417117304828,0.008473948468566968,0.7714843398009502
15340,0.9783139009920244,0.00032099064884766765,0.021365108359127968
15341,0.169651060657477,0.06865833036488969,0.7616906089776332
15342,0.9607496832099996,0.000491430014896582,0.03875888677510391
15343,0.10869804901028957,0.04671037839955278,0.8445915725901577
15344,0.9826158261240499,0.005143880703422389,0.012240293172527636
15345,0.9343719073938004,0.009001378005200452,0.05662671460099913
15346,0.8739488519905086,0.007757034183046802,0.11829411382644447
15347,0.05824998200813889,0.0270765612181574,0.9146734567737038
15348,0.006579393283980367,0.01266714867325505,0.9807534580427645
15349,0.9799389918832968,0.0006938432937830327,0.019367164822920092
15350,0.03871028195913051,0.0014143610591063468,0.9598753569817632
15351,0.3799706347806918,0.006640832003952742,0.6133885332153555
15352,0.9627660985147575,0.010983757184125741,0.02625014430111672
15353,0.9580242877738994,0.0030219186787265946,0.03895379354737408
15354,0.8719551333672929,0.042135636176218405,0.0859092304564886
15355,0.9821751851173891,0.0015330350531814901,0.01629177982942945
15356,0.9546849247303809,0.003632902917344044,0.041682172352274935
15357,0.6583784920269483,0.0014345427462138956,0.3401869652268377
15358,0.9382293192720382,0.002042018937209758,0.05972866179075206
15359,0.049327850336464675,0.029404566370135873,0.9212675832933994
15360,0.05520804620114407,0.010505245522544197,0.9342867082763118
15361,0.9898142977790736,0.0005619280500808087,0.009623774170845591
15362,0.007903499209853115,0.002609436151598653,0.9894870646385482
15363,0.9759413751027445,0.003803543886166574,0.020255081011088857
15364,0.26905462610526143,0.008900734086921568,0.722044639807817
15365,0.9536744317284708,0.0003115619803839091,0.046014006291145305
15366,0.13546718819340578,0.013293210331247,0.8512396014753473
15367,0.984150245525943,0.007551998243020852,0.008297756231036114
15368,0.07459262783770507,0.00269499835201703,0.9227123738102779
15369,0.9412848607386974,0.0007297476176785122,0.057985391643624075
15370,0.6970745980290932,0.012176678657183214,0.2907487233137235
15371,0.9613507591573436,0.0021951949757319303,0.03645404586692446
15372,0.7122122937148295,0.0017542157386545327,0.28603349054651594
15373,0.9803041948615476,0.0009057506119817584,0.01879005452647052
15374,0.9919451633711153,0.00031548200685675053,0.007739354622027998
15375,0.9536035513090892,0.0029657876122388565,0.04343066107867197
15376,0.835624039678118,0.010842245654149681,0.1535337146677323
15377,0.34007987981084653,0.00516134387919976,0.6547587763099537
15378,0.7004908529616777,0.05010799609181797,0.24940115094650434
15379,0.9563908144975534,0.003417326226829948,0.04019185927561668
15380,0.8580000242544263,0.008563838773558163,0.13343613697201553
15381,0.9833879885222676,0.0008504761013989125,0.01576153537633348
15382,0.07301046360700622,0.00898973587535993,0.9179998005176337
15383,0.6697915373805128,0.0010394084439239051,0.32916905417556336
15384,0.4780103210516088,0.009936189338566518,0.5120534896098246
15385,0.0006350272868832116,0.0003593430133231518,0.9990056296997936
15386,0.8852800189800349,0.00932618425268034,0.10539379676728469
15387,0.92676796067484,0.0009534476548424397,0.07227859167031751
15388,0.979330559342266,0.003204750612481798,0.017464690045252355
15389,0.992603500806216,0.002426146949155106,0.0049703522446289975
15390,0.8920686107259311,0.032710806799259765,0.07522058247480913
15391,0.9147399504780248,0.0035531654347966796,0.08170688408717845
15392,0.032740335410063215,0.007183785680860858,0.960075878909076
15393,0.8030468738413343,0.007200940623305553,0.18975218553536005
15394,0.9231303196003898,0.005070427523676197,0.07179925287593406
15395,0.45524801936999393,0.0023434273392824562,0.5424085532907236
15396,0.9640943630004485,0.00827209809849506,0.02763353890105634
15397,0.009488548688332335,0.007937622109981,0.9825738292016867
15398,0.7303504619097457,0.0013518315426209618,0.2682977065476333
15399,0.0021207163745852417,0.0011101522731067417,0.996769131352308
15400,0.9572662605879291,0.004004483305285007,0.03872925610678591
15401,0.971832280882698,0.0013589025217270526,0.026808816595574887
15402,0.055122967039589126,0.0031952347525297563,0.9416817982078811
15403,0.9481922992618713,0.007103105815029794,0.0447045949230989
15404,0.9718690211490548,0.007898203300281964,0.020232775550663145
15405,0.487957737639036,0.017142085162058885,0.4949001771989051
15406,0.9815729586538124,0.0001929952768691193,0.0182340460693184
15407,0.9557790807305083,0.031876609764993666,0.012344309504498004
15408,0.8840812747634648,0.0037602154300167756,0.11215850980651847
15409,0.9299571078868079,0.005900393194964935,0.06414249891822722
15410,0.029649290684001742,0.0055856259288041945,0.964765083387194
15411,0.5968023420866656,0.0036064468065157367,0.3995912111068188
15412,0.9549175874155026,0.0018261575350206347,0.04325625504947676
15413,0.46902122140124153,0.06583925931245208,0.46513951928630626
15414,0.972326972822661,0.004834445882280455,0.022838581295058544
15415,0.9918349906514385,0.0015740039210119623,0.006591005427549496
15416,0.09109119584214334,0.0016040299858159283,0.9073047741720408
15417,0.8459323559113753,0.0088263841868838,0.14524125990174092
15418,0.9829832894490138,0.0014978816431361066,0.01551882890784999
15419,0.9781562034786249,0.0016003061301125988,0.02024349039126257
15420,0.8745840261967313,0.05114597251640494,0.07427000128686395
15421,0.023163986532577896,0.0009487143304814741,0.9758872991369407
15422,0.3048549210186019,0.011210494352087472,0.6839345846293108
15423,0.7877088913622172,0.022225808915180157,0.19006529972260255
15424,0.8147353354054184,0.00428344445145533,0.18098122014312626
15425,0.988970458204702,0.004237075991800191,0.006792465803497848
15426,0.005937984741357384,0.00012319227272593767,0.9939388229859167
15427,0.791700332297266,0.010867055897157587,0.19743261180557645
15428,0.9610316436040239,0.018982794169564377,0.01998556222641169
15429,0.7203850794233352,0.0895096006195903,0.1901053199570744
15430,0.7324356475925362,0.025440985559242547,0.24212336684822133
15431,0.952585250804843,0.01738846299477803,0.030026286200378973
15432,0.7659893093128217,0.007953540482051547,0.2260571502051267
15433,0.9573735530468596,0.0044290604989091825,0.038197386454231264
15434,0.39811456744502993,0.0030633681526154493,0.5988220644023545
15435,0.10184590763649151,0.18075739619004746,0.717396696173461
15436,0.8969517699076794,0.0016526423996733413,0.10139558769264727
15437,0.9933706048752996,0.0024429092401503896,0.004186485884550074
15438,0.7988256155197425,0.02012288673748845,0.18105149774276905
15439,0.7148015319002559,0.031251591294212566,0.2539468768055317
15440,0.9289533667518307,0.010089412387919303,0.06095722086025009
15441,0.9562228201422176,0.02285400745973784,0.020923172398044605
15442,0.9839959002951072,0.0013765090340472077,0.014627590670845625
15443,0.9006179801021063,0.004688247880450175,0.09469377201744351
15444,0.8920115644396266,0.007072946071424843,0.1009154894889486
15445,0.3538781674992811,0.032429939561331195,0.6136918929393879
15446,0.9299009991851328,0.03192769371031828,0.038171307104548975
15447,0.8591756647416889,0.005538360814689603,0.13528597444362145
15448,0.9155011046891747,0.008497005645151018,0.07600188966567432
15449,0.9594680115333336,0.0012444521499678882,0.03928753631669853
15450,0.7062440380952008,0.1058389420681202,0.18791701983667902
15451,0.05048061502060765,0.04918630359963335,0.900333081379759
15452,0.3217521177714226,0.029531380251395654,0.6487165019771817
15453,0.463130664971909,0.2041020841597902,0.3327672508683008
15454,0.942810842291646,0.0006153881156016023,0.05657376959275238
15455,0.00477278340759289,0.0020163454461703434,0.9932108711462367
15456,0.030386176883191188,0.0010743553105321052,0.9685394678062766
15457,0.38921597946062453,0.03510181811577576,0.5756822024235997
15458,0.10366675778576881,0.018647314544725405,0.8776859276695058
15459,0.7013182256442062,0.016883669958339655,0.2817981043974541
15460,0.902365499186716,0.02390785197573661,0.07372664883754744
15461,0.7753879613579461,0.008673226103908352,0.21593881253814554
15462,0.9480609712810566,0.0027701695174332406,0.049168859201510075
15463,0.9485215727939509,0.002142136147277102,0.04933629105877193
15464,0.9076089267227893,0.010554027084386002,0.08183704619282488
15465,0.6181970451969444,0.008576273292167732,0.3732266815108879
15466,0.16981488598739197,0.009770731471853842,0.8204143825407542
15467,0.016247021814184477,0.0027003293857475697,0.9810526488000679
15468,0.451377966494166,0.015709372387178056,0.532912661118656
15469,0.9132030378705619,0.001686547361219588,0.08511041476821866
15470,0.6513427982303936,0.08318340525847844,0.26547379651112796
15471,0.5015794637404419,0.063721498636388,0.4346990376231699
15472,0.01681912905609724,0.0028339384047467897,0.980346932539156
15473,0.9858549366434833,0.0017213086784693126,0.012423754678047374
15474,0.8245829334673177,0.024111900416421278,0.15130516611626102
15475,0.9507312461734487,0.0006634104473471803,0.04860534337920415
15476,0.9196864946168303,0.0015131421423892582,0.07880036324078048
15477,0.9632031143118982,0.002336586808233801,0.03446029887986793
15478,0.8387792100364263,0.00496126272998914,0.1562595272335845
15479,0.9944932013494658,0.0014387878769792604,0.004068010773554765
15480,0.8400862872609749,0.01745802567835714,0.14245568706066783
15481,0.9731842022465428,0.0025305021930957182,0.024285295560361412
15482,0.9805816687664541,0.007476357173324249,0.011941974060221548
15483,0.903283570252182,0.0009437118975021511,0.09577271785031584
15484,0.8830259667563174,0.01552550525094172,0.10144852799274101
15485,0.0009252302845489806,0.0013501826472457421,0.9977245870682053
15486,0.04527699232176015,0.001983996314738086,0.9527390113635018
15487,0.9647984996889811,0.003208550596540986,0.031992949714477865
15488,0.6903293758735682,0.1880795469235585,0.12159107720287325
15489,0.8933308383164729,0.018306127708246068,0.08836303397528117
15490,0.11219288395027638,0.0007695994736800373,0.8870375165760436
15491,0.9506751606076393,0.02065409184056579,0.02867074755179499
15492,0.09381787749768503,0.051310232450724344,0.8548718900515906
15493,0.9719495603133468,0.0006917425077316608,0.02735869717892147
15494,0.9951234338858315,0.001664531393876889,0.0032120347202917033
15495,0.755441696709096,0.006277421910649368,0.23828088138025452
15496,0.900738595776899,0.005244248508391783,0.09401715571470935
15497,0.9238570240951743,0.0161374264670779,0.06000554943774787
15498,0.9470538700473531,0.018653451186202267,0.03429267876644463
15499,0.9665857869527689,0.004297322023141527,0.029116891024089587
15500,0.36039045736822267,0.02504230247161879,0.6145672401601586
15501,0.6233058557089921,0.006371485655972055,0.37032265863503594
15502,0.4599765255458001,0.009309917540651904,0.5307135569135479
15503,0.8949513992924648,0.002306250905096566,0.10274234980243857
15504,0.3304774311984764,0.009527093931517088,0.6599954748700065
15505,0.791043479611208,0.0032440747030178284,0.20571244568577418
15506,0.9874432778228773,0.003685818974709538,0.008870903202413048
15507,0.25192864958873057,0.01591960166004338,0.7321517487512261
15508,0.9938944505442141,0.00033528560183910817,0.005770263853946822
15509,0.020431869938849444,0.0019202197209109294,0.9776479103402397
15510,0.06490208704485638,0.013616739187163246,0.9214811737679803
15511,0.947780148521137,0.01671297318605615,0.035506878292807
15512,0.827666602284684,0.010061010215320859,0.1622723874999951
15513,0.9415685375331656,0.007589883906516989,0.05084157856031733
15514,0.5030638494456435,0.009403127092090584,0.4875330234622658
15515,0.8349179945460175,0.02308652838942466,0.14199547706455778
15516,0.92766181839505,0.0015339683470467983,0.07080421325790318
15517,0.9646101108443167,0.0018083319142947528,0.03358155724138852
15518,0.028345402887271873,0.005645766314350862,0.9660088307983773
15519,0.9533430905381125,0.012885632833957937,0.03377127662792957
15520,0.919004694692748,0.010552463429879833,0.07044284187737208
15521,0.11688192778624215,0.822945366120309,0.06017270609344896
15522,0.8509776602150823,0.002574379415961277,0.14644796036895644
15523,0.992038224189996,0.003939294071265113,0.004022481738739017
15524,0.008490796324073865,0.0020139539806627556,0.9894952496952635
15525,0.6482197277571057,0.011071744407830795,0.3407085278350635
15526,0.7477215989346188,0.011564988334354329,0.2407134127310269
15527,0.7753471022625298,0.012013428226434827,0.2126394695110354
15528,0.1751930387601559,0.0013502154468539027,0.8234567457929902
15529,0.9800647701724747,0.0006761734397366301,0.01925905638778867
15530,0.3357936680610164,0.06514714424172566,0.5990591876972579
15531,0.9827799583101686,0.0037959641357401728,0.013424077554091272
15532,0.962895903912598,0.0023660635221453077,0.03473803256525651
15533,0.9900954656870724,0.00086171445299939,0.0090428198599283
15534,0.8382391950635157,0.040188174664854096,0.12157263027163026
15535,0.9198234544797235,0.018845624201331956,0.061330921318944666
15536,0.013103290163674914,0.0015749307273292515,0.9853217791089959
15537,0.9088506160831662,0.004606147046481962,0.08654323687035186
15538,0.9851181171478984,0.0033160329535425245,0.011565849898559024
15539,0.847828167790944,0.0090719283719077,0.14309990383714824
15540,0.9888838853172077,0.0016743042487088393,0.009441810434083599
15541,0.9909810325263579,0.0003980303261813023,0.008620937147460848
15542,0.9816110762858913,0.004365944934252217,0.014022978779856437
15543,0.9466599943737704,0.031035311198379087,0.022304694427850612
15544,0.6584897036729609,0.14767198476484675,0.19383831156219236
15545,0.14587542233990708,0.006206608475023904,0.8479179691850691
15546,0.9319268563429612,0.04706326902832568,0.021009874628713107
15547,0.9924326909845415,0.00023431745814295722,0.0073329915573155866
15548,0.9770485812167254,0.00450079897426582,0.01845061980900865
15549,0.9565944332568692,0.004131100773956084,0.03927446596917461
15550,0.8298144897967825,0.001897325305899961,0.1682881848973176
15551,0.03093529316732441,0.058316198207250425,0.9107485086254251
15552,0.37044764977177586,0.018177746711963035,0.611374603516261
15553,0.04279003324303224,0.015271727095095073,0.9419382396618727
15554,0.03437833409714031,0.033974717162407145,0.9316469487404526
15555,0.9716580259909355,0.003999151992474007,0.024342822016590555
15556,0.19192827492699166,0.025560388927573948,0.7825113361454344
15557,0.9442849277397362,0.0029662616167691314,0.05274881064349473
15558,0.4652971591334082,0.006614866164519777,0.528087974702072
15559,0.9471010012232015,0.008061661384731028,0.04483733739206744
15560,0.9677158633678896,0.0015310821622845374,0.030753054469825854
15561,0.1724210662092276,0.3634233121593339,0.46415562163143853
15562,0.961471835976038,0.017750408893663083,0.02077775513029885
15563,0.8400375295064941,0.008184155594134506,0.15177831489937146
15564,0.003510945933402989,0.0003002145308654903,0.9961888395357316
15565,0.923580546253482,0.016162093402184843,0.06025736034433321
15566,0.822059564332426,0.018272307529307988,0.15966812813826609
15567,0.013000886442390362,0.0003569757123553916,0.9866421378452542
15568,0.7917857741006571,0.0092405985677713,0.19897362733157167
15569,0.8948088428055215,0.007301664841149889,0.09788949235332876
15570,0.7439071144913019,0.0075603047817557195,0.24853258072694245
15571,0.929817983415654,0.0015662301334846936,0.06861578645086135
15572,0.9535269247676981,0.000605914871553956,0.045867160360748095
15573,0.5333554882785927,0.020640294060356203,0.44600421766105103
15574,0.8271371507470782,0.014937204244027634,0.15792564500889425
15575,0.7087621934023602,0.0033889098024469586,0.28784889679519293
15576,0.9571738392519047,0.00078086008140798,0.04204530066668732
15577,0.3349422652676488,0.04614212067088724,0.618915614061464
15578,0.5225034037353643,0.011446766449795533,0.4660498298148403
15579,0.748293449154438,0.17282049402151817,0.07888605682404401
15580,0.014100945232567556,0.004321906826752587,0.98157714794068
15581,0.20776547600952525,0.011321799895636992,0.7809127240948378
15582,0.7616001248901092,0.014296268052331248,0.2241036070575596
15583,0.6328043828615794,0.004165240970989404,0.3630303761674312
15584,0.9854951783162105,0.0024386030083887573,0.012066218675400604
15585,0.00922241607108065,0.005159099560840182,0.9856184843680792
15586,0.979131733914469,0.0032577498074477878,0.017610516278083275
15587,0.7878620574648314,0.024675856998916265,0.1874620855362524
15588,0.8166221440442972,0.011849017205625818,0.17152883875007696
15589,0.9784257294404156,0.004044654790897599,0.01752961576868683
15590,0.6165306207636344,0.009019733459595761,0.37444964577676976
15591,0.9803544221514594,0.015319021757510301,0.004326556091030317
15592,0.9576727370921407,0.0007816089077702012,0.041545654000089166
15593,0.08959578536729156,0.3938080271229113,0.516596187509797
15594,0.951140408411193,0.014463281126203561,0.03439631046260353
15595,0.9832085763269564,0.0010938448903563497,0.01569757878268726
15596,0.7958116670291231,0.0032800522199320607,0.20090828075094477
15597,0.8009290872824725,0.017229260552696527,0.18184165216483103
15598,0.8717504579545627,0.029147641552056396,0.09910190049338079
15599,0.001553936589929291,0.00019238960733736945,0.9982536738027334
15600,0.9893247288006516,0.000729374068996259,0.009945897130352151
15601,0.18570143438260261,0.05645637065886429,0.7578421949585331
15602,0.8710868976584161,0.03352336433683462,0.09538973800474933
15603,0.4056426587457247,0.30855674590132953,0.2858005953529459
15604,0.9213503253081186,0.00733229247622807,0.07131738221565337
15605,0.3558169525711015,0.40502593085138444,0.23915711657751396
15606,0.8710119204905811,0.0034940899425107046,0.1254939895669082
15607,0.07328924772405158,0.01025185128312325,0.9164589009928252
15608,0.9170929842607238,0.0025477186098539417,0.08035929712942223
15609,0.8777614909518057,0.025168299404251315,0.09707020964394306
15610,0.9627598898424581,0.012255196109946546,0.024984914047595338
15611,0.7576810279645985,0.1777549228315632,0.0645640492038383
15612,0.9795034374997608,0.013074716590152595,0.007421845910086598
15613,0.019174429129394772,0.002425798498744175,0.978399772371861
15614,0.7016750038160249,0.0020072302174749808,0.29631776596650017
15615,0.7152813314755685,0.04602241958870828,0.23869624893572317
15616,0.6161321087309227,0.012236617250350452,0.3716312740187269
15617,0.8866654986802812,0.008594976441557083,0.10473952487816177
15618,0.9775221501158787,0.00162997619923855,0.020847873684882612
15619,0.9811323795992907,0.005034114496007585,0.013833505904701742
15620,0.006137111600736999,0.001655624333230177,0.9922072640660328
15621,0.9582689836278936,0.0016974521456057483,0.040033564226500645
15622,0.0149816032207023,0.002241020652417613,0.9827773761268802
15623,0.7380215993271216,0.008361687574895745,0.25361671309798267
15624,0.5858497749265446,0.0024012334481314664,0.4117489916253241
15625,0.9964839214348217,0.0018156259665045116,0.0017004525986738747
15626,0.3089830445707155,0.012284366150915533,0.678732589278369
15627,0.050820595435715724,0.004493322065837309,0.944686082498447
15628,0.6046677013389212,0.010847161448831305,0.3844851372122474
15629,0.023173650728157212,0.002247555095904689,0.9745787941759381
15630,0.5576508352924864,0.02755940898311461,0.414789755724399
15631,0.005354682020662232,0.0022139656081880737,0.9924313523711497
15632,0.9220787021923188,0.012621051145561946,0.06530024666211924
15633,0.8805239253844238,0.006495681060559892,0.1129803935550162
15634,0.5427359782738314,0.020870104921500574,0.436393916804668
15635,0.6648798766234668,0.0029721482373506417,0.3321479751391827
15636,0.9783512000990932,0.003938274152495063,0.017710525748411865
15637,0.6578991372250109,0.004503210312366529,0.3375976524626227
15638,0.03349337419757601,0.0010126322120521173,0.9654939935903719
15639,0.9476294848158858,0.015250759804497194,0.03711975537961697
15640,0.6942534278556849,0.0037414925347188425,0.30200507960959627
15641,0.9000814626155325,0.05179524853258633,0.04812328885188113
15642,0.29863225307574365,0.004916994087161224,0.6964507528370952
15643,0.989975388090081,0.0005511793665193186,0.009473432543399706
15644,0.9780010663324168,0.0029996546041929544,0.018999279063390228
15645,0.9558048494466447,0.00997140842817208,0.034223742125183206
15646,0.8762332584224528,0.017379312646429338,0.10638742893111781
15647,0.9907030311275293,0.0057397201407585405,0.003557248731712256
15648,0.8558305152158137,0.02882826065680395,0.11534122412738229
15649,0.01668058970008976,0.000518777115907121,0.982800633184003
15650,0.7853334985846471,0.011575596819974547,0.20309090459537846
15651,0.7193337128588623,0.014254337294085926,0.2664119498470518
15652,0.8377642204474899,0.009695765828899144,0.15254001372361092
15653,0.39872193992909744,0.027183741359230844,0.5740943187116717
15654,0.9765340679379567,0.0037719357774757835,0.019693996284567656
15655,0.9877939074501034,0.002304549915294199,0.009901542634602445
15656,0.9848373890391416,0.007590386987059083,0.007572223973799195
15657,0.9213376944854822,0.000727632551663578,0.07793467296285425
15658,0.0739262447585525,0.009667974495957505,0.9164057807454901
15659,0.9574467866836183,0.007123582412153286,0.03542963090422855
15660,0.7417120188408765,0.004904261815009705,0.25338371934411386
15661,0.9237666159477639,0.03637244033821233,0.03986094371402378
15662,0.9606258897151344,0.003124281249563961,0.03624982903530168
15663,0.9576985189480207,0.014965769747837886,0.027335711304141433
15664,0.9861934555278303,0.006665082848648343,0.007141461623521324
15665,0.8932411830257299,0.017310064291137222,0.08944875268313292
15666,0.7445711739436769,0.027411616500498604,0.22801720955582447
15667,0.3739546346206316,0.40254501958120825,0.22350034579816
15668,0.36494687857446567,0.021644708989240886,0.6134084124362934
15669,0.8563223619918141,0.017591074859550655,0.12608656314863523
15670,0.9518548987480637,0.023073737001610722,0.025071364250325537
15671,0.92868868818493,0.0009474517587247318,0.07036386005634537
15672,0.04848369446960157,0.001505822942975752,0.9500104825874227
15673,0.9908777576333833,0.00016088401952797315,0.008961358347088845
15674,0.6160193604024007,0.019755525544236246,0.36422511405336294
15675,0.9757259976354378,0.00020372222448600215,0.024070280140076276
15676,0.9118057032992202,0.004429492545868945,0.08376480415491097
15677,0.8970262847673878,0.02450893474567504,0.07846478048693722
15678,0.9882900349216045,0.000994416886224858,0.010715548192170587
15679,0.9548296557944567,0.016858420533817045,0.02831192367172637
15680,0.9577867329537444,0.0006498508739557109,0.04156341617229991
15681,0.860464674428633,0.005738496055388332,0.1337968295159787
15682,0.800793329030178,0.02069344032898373,0.17851323064083827
15683,0.6660104000509924,0.00536241677996037,0.3286271831690471
15684,0.8126066815993361,0.04126316791631689,0.1461301504843469
15685,0.058196540509539964,0.006999302325214972,0.9348041571652451
15686,0.3373592726504951,0.45360829911558603,0.2090324282339189
15687,0.9549297915645462,0.006647873796151207,0.03842233463930263
15688,0.3336403813075906,0.011913539667567526,0.6544460790248419
15689,0.35272823800511066,0.009465161304518122,0.6378066006903712
15690,0.8381426323908877,0.014727913104842782,0.1471294545042696
15691,0.17706290887766843,0.013765952021482277,0.8091711391008494
15692,0.22675288663496757,0.011805780385985239,0.7614413329790471
15693,0.16911519825553825,0.0095774754831044,0.8213073262613573
15694,0.9461208481469399,0.0013396388612100867,0.052539512991850036
15695,0.8482329463801793,0.0028130184495474444,0.14895403517027317
15696,0.26005165038169653,0.5825767547654955,0.15737159485280794
15697,0.24542351096378962,0.10586413971130086,0.6487123493249095
15698,0.9642439868571343,0.0063279448975476354,0.029428068245318045
15699,0.8215005102105893,0.048471505591227766,0.13002798419818273
15700,0.003548061330092399,0.0004621907468871624,0.9959897479230204
15701,0.7541417422683775,0.03860266722593216,0.20725559050569028
15702,0.2029031569299551,0.0064161667543983685,0.7906806763156465
15703,0.8326295151326157,0.05937727144850978,0.10799321341887462
15704,0.703387278667949,0.006688588478264089,0.28992413285378693
15705,0.9799340227091946,0.0007410609323228036,0.019324916358482668
15706,0.06807433227981081,0.0039033659619359127,0.9280223017582533
15707,0.9243656283111734,0.011298352620213682,0.06433601906861286
15708,0.3024428753890419,0.013556824413059877,0.6840003001978981
15709,0.9416233359944652,0.0121416683694438,0.046234995636090966
15710,0.932087205653069,0.03471025434225813,0.03320254000467287
15711,0.9573369279516848,0.0037424859823820063,0.03892058606593317
15712,0.9275038791127675,0.0015183977081867986,0.07097772317904552
15713,0.17827678545412753,0.015883532215019872,0.8058396823308526
15714,0.7024166623010709,0.0011762781237630408,0.29640705957516617
15715,0.05747585419826238,0.004120760067194853,0.9384033857345426
15716,0.9914131144192215,0.000360424288553281,0.008226461292225234
15717,0.9631193256698898,0.013428319334772293,0.023452354995337966
15718,0.7409550374170879,0.06170883509678043,0.1973361274861315
15719,0.909398719916752,0.0026023469279679847,0.08799893315528
15720,0.9944050218268862,0.0002603190336755668,0.005334659139438354
15721,0.8909235495170715,0.056401134770498136,0.05267531571243042
15722,0.010162604475677118,0.0022802949635486415,0.9875571005607742
15723,0.8875408590012908,0.011393415385917626,0.10106572561279177
15724,0.6411826307161659,0.007727085689919791,0.3510902835939144
15725,0.7577691770105528,0.020215452809682483,0.22201537017976475
15726,0.5055333817423316,0.0037836762003661526,0.4906829420573024
15727,0.29565117584584094,0.014494142421880195,0.6898546817322789
15728,0.9810452730875212,0.0015730291079099094,0.017381697804568885
15729,0.8839730323080276,0.009852003825383517,0.10617496386658898
15730,0.7747999848096396,0.0741652224518634,0.15103479273849701
15731,0.9828628604948176,0.0003228285629587705,0.016814310942223725
15732,0.573587714766343,0.0015739812022376246,0.42483830403141937
15733,0.9539992710068114,0.039396628975533726,0.006604100017654964
15734,0.030413070796041147,0.002184757057136038,0.9674021721468228
15735,0.33432176364159005,0.002377086310452987,0.663301150047957
15736,0.8214444767272429,0.0009585031267907055,0.17759702014596643
15737,0.8970621790221408,0.005483395008900601,0.09745442596895851
15738,0.9866077789188362,0.0008219748146679342,0.012570246266495827
15739,0.9167456477968623,0.002816038470655716,0.08043831373248213
15740,0.13945444889285225,0.007076114460269561,0.8534694366468781
15741,0.9054788760349941,0.03992713343289337,0.05459399053211255
15742,0.9771392356739249,0.00040651986191685163,0.02245424446415833
15743,0.8155975928969048,0.020855396056933678,0.16354701104616143
15744,0.06337893648668516,0.001288477531911623,0.9353325859814032
15745,0.8688461862849709,0.06950314323800282,0.061650670477026305
15746,0.9288837296586684,0.005231959073762401,0.0658843112675693
15747,0.9754257996643884,0.005113221650361635,0.019460978685249927
15748,0.9637800843247876,0.0011134805562506838,0.0351064351189618
15749,0.01819918584132917,0.000949752488509614,0.9808510616701612
15750,0.24562837136587623,0.03164170712148273,0.722729921512641
15751,0.8357370602191592,0.0063467419616596975,0.1579161978191811
15752,0.42930287490270574,0.06651036556299293,0.5041867595343013
15753,0.020405735146812518,0.0022048268971395202,0.9773894379560479
15754,0.6077405500413186,0.16588155815717037,0.22637789180151113
15755,0.9043277598501032,0.0006529209786115804,0.09501931917128519
15756,0.9584743734253736,0.0033312325455403845,0.0381943940290862
15757,0.9834368437027025,0.00021911144897008664,0.016344044848327494
15758,0.350748676013308,0.04439131153057514,0.6048600124561169
15759,0.6557226268017564,0.17469652739136546,0.16958084580687824
15760,0.96064508719911,0.012080447103247061,0.02727446569764298
15761,0.35853329787718297,0.003587098396221998,0.637879603726595
15762,0.9324312252331463,0.0037841373963206585,0.06378463737053312
15763,0.8544933033294094,0.020818012277597223,0.12468868439299345
15764,0.38614093445683645,0.008499243943475603,0.6053598215996878
15765,0.8208053468217081,0.018562033380951134,0.1606326197973408
15766,0.9868417601911319,0.0018270697160000637,0.0113311700928681
15767,0.9544743138514963,0.034166543346856815,0.011359142801646847
15768,0.4690553109896406,0.0036218299877703217,0.527322859022589
15769,0.9672490888017221,0.001537311027610966,0.03121360017066686
15770,0.4474600814276775,0.027635795861471846,0.5249041227108507
15771,0.09416613611452804,0.009207708903477399,0.8966261549819945
15772,0.984829871199711,0.0033914268420870836,0.011778701958201883
15773,0.0067631768098345415,0.0006907616411042791,0.9925460615490611
15774,0.9730387776669407,0.005109404733735425,0.02185181759932392
15775,0.947929072922766,0.015753660677326285,0.03631726639990793
15776,0.9431975421148223,0.028410147693185638,0.028392310191991902
15777,0.9451626011923893,0.02095741978181864,0.03387997902579207
15778,0.7522566777827844,0.01321690250133012,0.23452641971588542
15779,0.8677822071401864,0.015204753848147217,0.11701303901166644
15780,0.9655642479713582,0.0006161190464765907,0.0338196329821651
15781,0.002368734337090562,0.001324997157989449,0.9963062685049199
15782,0.013814215445571024,0.00040833885228680445,0.9857774457021421
15783,0.9456603840942468,0.002073180001500269,0.052266435904252936
15784,0.620755042198155,0.018558914026496634,0.36068604377534835
15785,0.9582561162888893,0.0019289700547657099,0.03981491365634498
15786,0.01716698792094498,0.0017673914718707032,0.9810656206071843
15787,0.01284061190840285,0.0018827013871582864,0.9852766867044388
15788,0.8727773611277628,0.009433660334680462,0.11778897853755664
15789,0.8912844763267253,0.0026504248853790116,0.10606509878789568
15790,0.9460287049895065,0.0005194740662595112,0.05345182094423389
15791,0.061515306906592654,0.0026929238086704165,0.9357917692847368
15792,0.22661657745534652,0.09987105511339006,0.6735123674312634
15793,0.9818475472787797,0.008476834560976107,0.009675618160244256
15794,0.8992857773234882,0.010300953732590212,0.0904132689439214
15795,0.985397155081071,0.0004211952173345953,0.014181649701594436
15796,0.8112003709693568,0.06309969583809096,0.1256999331925523
15797,0.9758979542360988,0.0010268032797286035,0.023075242484172535
15798,0.009913852272874862,0.013808584870962256,0.9762775628561629
15799,0.9720317674307584,0.006397108469324944,0.021571124099916728
15800,0.8185719005862255,0.00884121465236209,0.17258688476141246
15801,0.7402440195589444,0.013164507419771614,0.24659147302128395
15802,0.8957491879575852,0.0013803512355355018,0.10287046080687946
15803,0.9011840550163189,0.017162235047329076,0.08165370993635207
15804,0.9062682042237927,0.0315493561235708,0.06218243965263655
15805,0.9829426139081802,0.0033423099156624746,0.01371507617615736
15806,0.9559339541669131,0.015949759910772975,0.028116285922313963
15807,0.9790288921181206,0.012302912312172525,0.008668195569706896
15808,0.9822300446137575,0.00390684716540871,0.013863108220833736
15809,0.946461307077353,0.002383790260518342,0.05115490266212863
15810,0.13299948055488917,0.002296235153273285,0.8647042842918375
15811,0.9503366625690358,0.00917161802990707,0.04049171940105706
15812,0.89626816499265,0.01987814084457141,0.08385369416277845
15813,0.832083432863187,0.014855885859099497,0.1530606812777135
15814,0.28109668014554695,0.012293613150649809,0.7066097067038032
15815,0.9819959066683717,0.000444438953419734,0.01755965437820868
15816,0.8960068280834977,0.007498645929950756,0.0964945259865515
15817,0.9271954234909904,0.011995576808883185,0.06080899970012636
15818,0.9606487667755446,0.02268157771944271,0.01666965550501269
15819,0.022776589479735137,0.011835040216527598,0.9653883703037373
15820,0.9627012297789961,0.0021765790561857528,0.0351221911648181
15821,0.9666700876282416,0.005303645407275,0.028026266964483453
15822,0.21648304482309827,0.01055783141010695,0.7729591237667949
15823,0.22812212162177645,0.033007052670730515,0.7388708257074931
15824,0.590530199586746,0.013988236143593132,0.39548156426966086
15825,0.9776872482430281,0.005171182460157967,0.017141569296814
15826,0.8695478141316677,0.0610976524587485,0.06935453340958389
15827,0.34209915438644567,0.006950118121001743,0.6509507274925525
15828,0.9858746292450536,0.009299403031468416,0.004825967723477847
15829,0.9663393281307479,0.013281345878397953,0.020379325990854204
15830,0.8257883510606137,0.01732072267104608,0.15689092626834036
15831,0.9080389577516083,0.01333813780338147,0.07862290444501027
15832,0.991848127288466,0.0018564775389572693,0.0062953951725767026
15833,0.3430156932679651,0.0009742971867218545,0.6560100095453131
15834,0.5752578911069918,0.0076715725640602575,0.4170705363289479
15835,0.06805514515523692,0.002540460553386608,0.9294043942913766
15836,0.018865089721108216,0.0036648173627661707,0.9774700929161255
15837,0.992426607815974,0.001841841566401358,0.005731550617624619
15838,0.8991584209714923,0.00473210451395594,0.0961094745145518
15839,0.9026256864559845,0.0022510656492288283,0.09512324789478659
15840,0.4021760524888264,0.09457191388723687,0.5032520336239368
15841,0.8184045423926299,0.0035719887837131347,0.17802346882365694
15842,0.9464234235706913,0.005008484242468321,0.04856809218684027
15843,0.019269029141051764,0.0014303987830092142,0.9793005720759389
15844,0.8887260562255964,0.011431341990747298,0.09984260178365627
15845,0.4650105847279785,0.03333403559789052,0.5016553796741311
15846,0.9731714108138332,0.0013983665406962038,0.025430222645470648
15847,0.9049451543955801,0.032358665694649874,0.06269617990976999
15848,0.9861664365466086,0.0011226841214679404,0.012710879331923561
15849,0.07898234104451386,0.0021705900389793263,0.9188470689165068
15850,0.7734873096936706,0.006448067597858517,0.22006462270847094
15851,0.9601488226573847,0.00046342821744973096,0.03938774912516573
15852,0.8513593318526506,0.0014965604924950212,0.14714410765485444
15853,0.04282246973382695,0.005266314427398088,0.9519112158387749
15854,0.7710643016950093,0.01758440930599126,0.21135128899899944
15855,0.2240646966119812,0.03833957740564614,0.7375957259823727
15856,0.9192668236344058,0.016536048320605075,0.06419712804498923
15857,0.9488538639711268,0.0004178877333683814,0.050728248295504944
15858,0.7697135431711243,0.004302345865548111,0.2259841109633275
15859,0.906478546357316,0.016106571263746858,0.0774148823789372
15860,0.38994815517202747,0.012325490353442742,0.5977263544745298
15861,0.45317715179651086,0.016262702852006435,0.5305601453514827
15862,0.8153330535756683,0.011300851242892887,0.17336609518143875
15863,0.07523083125401529,0.0004042992796282873,0.9243648694663564
15864,0.9804387681344187,0.0005831051319063519,0.018978126733674983
15865,0.38538437154689636,0.01930288770635558,0.595312740746748
15866,0.0012313399103326289,0.00030987199672698044,0.9984587880929404
15867,0.986477715729548,0.008588377369757953,0.004933906900694055
15868,0.9907810655532239,0.0003912709741006426,0.008827663472675606
15869,0.533543770227868,0.02592703270581198,0.4405291970663201
15870,0.8037896132520516,0.016303535606146242,0.1799068511418022
15871,0.17339500449203055,0.006055905484552269,0.8205490900234171
15872,0.822497591779416,0.014900065375697076,0.16260234284488695
15873,0.5281977771625069,0.03214526717296485,0.4396569556645282
15874,0.9728859932635046,0.016619109290819695,0.0104948974456757
15875,0.3944345374089644,0.0028761461815110753,0.6026893164095246
15876,0.9861352963756439,0.010075241388838602,0.0037894622355175655
15877,0.17453273455117843,0.01682223564364797,0.8086450298051736
15878,0.7774434040145024,0.00359286843552688,0.21896372754997084
15879,0.6340729347608705,0.00522368950136685,0.36070337573776284
15880,0.771846722173533,0.024431228722004754,0.2037220491044622
15881,0.937255737222853,0.002723187113719158,0.06002107566342783
15882,0.008427645784941753,0.005076227182456683,0.9864961270326015
15883,0.08817006353921243,0.02281328510034728,0.8890166513604403
15884,0.8731107905936649,0.01476277880190148,0.11212643060443353
15885,0.9722936234218554,0.0028896382382862617,0.024816738339858296
15886,0.016127956192076486,0.003619434845363164,0.9802526089625604
15887,0.894723283386238,0.030101347463116074,0.07517536915064586
15888,0.9651808701015006,0.00220939570526743,0.03260973419323208
15889,0.2433223967575062,0.04123335159780222,0.7154442516446915
15890,0.2766516966117341,0.0035518903974725304,0.7197964129907934
15891,0.9160559898467248,0.0022087410837453004,0.08173526906952978
15892,0.9534632299493596,0.005866314977966789,0.04067045507267362
15893,0.38098922710811284,0.01853854101939263,0.6004722318724945
15894,0.9963580181729882,0.00013528993126638733,0.003506691895745335
15895,0.11067289451005677,0.32913057940013307,0.5601965260898102
15896,0.6598133456308933,0.0038288879181257967,0.33635776645098087
15897,0.15158545761378286,0.05175940349225576,0.7966551388939613
15898,0.05171755362377566,0.0026788648800334753,0.9456035814961907
15899,0.1664331952508731,0.0030237599954296987,0.8305430447536972
15900,0.5211424651479176,0.012098970051377203,0.4667585648007052
15901,0.18938277035418044,0.0751836095209767,0.7354336201248428
15902,0.3618658033871833,0.012739290662819609,0.6253949059499971
15903,0.9434592930463679,0.030979555953261805,0.025561151000370336
15904,0.9681226223466065,0.00026219199113762434,0.0316151856622558
15905,0.8571972223430865,0.0012263303368721403,0.1415764473200414
15906,0.960522161233322,0.005968248131336221,0.033509590635341785
15907,0.959232558444995,0.03679479648818277,0.003972645066822079
15908,0.9011941952016598,0.05855628219800411,0.04024952260033609
15909,0.800383678760916,0.003969153113303777,0.1956471681257802
15910,0.48576410186331115,0.03302943304421098,0.4812064650924779
15911,0.9905737510256908,0.00032766695740948774,0.009098582016899595
15912,0.7666356226633491,0.017315410547763074,0.21604896678888777
15913,0.7864226652406564,0.0029989668717902555,0.21057836788755346
15914,0.9088236941700666,0.006805037713628253,0.08437126811630513
15915,0.0007656960979667625,0.00037466951417137036,0.9988596343878618
15916,0.9519955994879247,0.0015673037422701279,0.04643709676980512
15917,0.04026684470046986,0.000974816427235264,0.9587583388722948
15918,0.8237891003519586,0.062305452414247633,0.11390544723379366
15919,0.21870233557120072,0.023507080291786553,0.7577905841370127
15920,0.9776733663346022,0.004493939296124394,0.017832694369273348
15921,0.9834977069606691,0.0044369398691645094,0.012065353170166401
15922,0.8495071052515262,0.008314924598175727,0.1421779701502982
15923,0.9007494938497981,0.00432481355201313,0.09492569259818884
15924,0.47246929860018244,0.418521834821027,0.10900886657879066
15925,0.001471218595066118,0.00013918118498747225,0.9983896002199465
15926,0.51546893475352,0.018449728382661713,0.46608133686381836
15927,0.9166210449060765,0.008113620101034356,0.07526533499288902
15928,0.1597397731664964,0.002519625394504042,0.8377406014389994
15929,0.22250639529398658,0.03576738708282245,0.741726217623191
15930,0.9756336978858545,0.0003128184964655587,0.02405348361767998
15931,0.9427808260555118,0.029404050284014636,0.027815123660473513
15932,0.37829887479053,0.021436715685163248,0.6002644095243067
15933,0.9886475343056107,0.0031718252035423064,0.008180640490847164
15934,0.9435219929942689,0.0019283613717569637,0.054549645633974124
15935,0.9762074210932501,0.0014805054668058785,0.022312073439943937
15936,0.9067198479878243,0.015859420889912063,0.07742073112226361
15937,0.995486576314598,0.00048025830138377873,0.004033165384018149
15938,0.9374949826084276,0.0033673255971320096,0.059137691794440395
15939,0.850769112134287,0.04424642554436718,0.10498446232134587
15940,0.11960869324689145,0.007485065813624685,0.8729062409394839
15941,0.3194079271083316,0.007098515395427944,0.6734935574962405
15942,0.9266344889857886,0.04425027244419065,0.029115238570020806
15943,0.014973440766268378,0.004300099544653584,0.9807264596890781
15944,0.960450628555718,0.018989043306362113,0.020560328137919876
15945,0.4515510822200411,0.00210315084852429,0.5463457669314347
15946,0.006425270937663831,0.007571802291405334,0.9860029267709308
15947,0.9806008850598579,0.004900425419574695,0.01449868952056746
15948,0.9963571399172927,0.00028402384556201873,0.0033588362371453065
15949,0.13381172892336474,0.07208121185477659,0.7941070592218586
15950,0.8418852421440779,0.021163241915263604,0.1369515159406584
15951,0.1354162228687636,0.050026931130618214,0.8145568460006181
15952,0.8459319951346459,0.006598641260735405,0.14746936360461885
15953,0.3914026842432126,0.003943233453276001,0.6046540823035114
15954,0.923961344800718,0.058054445581310274,0.017984209617971727
15955,0.015503902961354826,0.010385268121215622,0.9741108289174296
15956,0.37204685914430763,0.0049139293960739116,0.6230392114596185
15957,0.915661053948174,0.010240842383966308,0.07409810366785965
15958,0.954872847030466,0.0030904437044281217,0.04203670926510587
15959,0.2681379725251865,0.13839810741174333,0.5934639200630702
15960,0.6164850409419024,0.038951641447284364,0.3445633176108132
15961,0.11122942346856472,0.0017651897763197627,0.8870053867551155
15962,0.8775928472399215,0.0036135508990131683,0.11879360186106534
15963,0.9861326104510013,0.0024761592754910934,0.011391230273507677
15964,0.12816180458731,0.0034462166291078494,0.8683919787835821
15965,0.039339361566436144,0.1350488574237959,0.825611781009768
15966,0.915364773931581,0.055198745568699706,0.029436480499719288
15967,0.3265751585965195,0.06008191745691136,0.6133429239465693
15968,0.9882177981834787,0.0004659608803956709,0.011316240936125637
15969,0.526351830001173,0.014951972934957362,0.4586961970638696
15970,0.9209432471205418,0.0024232207905509995,0.07663353208890722
15971,0.9958068539456671,0.0006593620866264092,0.003533783967706379
15972,0.9878178899006164,0.0011092799893199132,0.011072830110063653
15973,0.990354865852579,0.00014213153723892114,0.00950300261018209
15974,0.9574645576539776,0.025778062459152838,0.016757379886869397
15975,0.9631022622546154,0.002194063669198699,0.03470367407618597
15976,0.9269412897798703,0.006526972111575094,0.06653173810855462
15977,0.9944341875161021,0.00010831661336201364,0.0054574958705359096
15978,0.981876584153033,0.003458104467551376,0.014665311379415668
15979,0.834506122647871,0.0030422118598505445,0.16245166549227844
15980,0.30760032884178845,0.19706750389403602,0.4953321672641755
15981,0.9216452496188754,0.05454536601184322,0.023809384369281313
15982,0.9064249815703884,0.02307855956034743,0.0704964588692641
15983,0.8086166500879877,0.005852826251123804,0.18553052366088849
15984,0.9906879403306457,0.00399006902584313,0.005321990643511283
15985,0.7803620180516547,0.03668687691920222,0.1829511050291431
15986,0.9608647346156601,0.0046232845295498,0.034511980854790146
15987,0.9704124348113267,0.004601333516547163,0.024986231672126276
15988,0.0021741627461835233,0.001353138176028324,0.9964726990777881
15989,0.8915053430159364,0.010923257655875512,0.09757139932818816
15990,0.9323283145288521,0.03416249284034505,0.03350919263080283
15991,0.050775341519685956,0.0014515523933318973,0.9477731060869822
15992,0.9193160616722506,0.01210325420651753,0.0685806841212318
15993,0.905540552799555,0.016133691313823275,0.07832575588662177
15994,0.9317125927271626,0.015361013412151436,0.05292639386068597
15995,0.9780623019571645,0.0035741141825860454,0.018363583860249458
15996,0.0025514220916297036,0.0004200374558108239,0.9970285404525595
15997,0.7818061272494158,0.11264856098307252,0.10554531176751168
15998,0.8354364600983923,0.007082087516792955,0.15748145238481456
15999,0.9776627271188348,0.008412452136956775,0.013924820744208316
16000,0.1431441982054787,0.008829169205562462,0.8480266325889589
16001,0.9524977602365478,0.001140918778867117,0.04636132098458511
16002,0.10233440654180112,0.0009963461654326291,0.8966692472927662
16003,0.7892108456551307,0.01347832904860139,0.1973108252962679
16004,0.9547113573776767,0.0010338253061156879,0.044254817316207826
16005,0.9921063230107607,0.0003149318509121725,0.007578745138327036
16006,0.8609473436581749,0.0006949155337467848,0.13835774080807828
16007,0.6705050902882229,0.00560277146394299,0.32389213824783397
16008,0.9063266122053479,0.06164636579755245,0.03202702199709968
16009,0.02834697779546968,0.003005564994985023,0.9686474572095454
16010,0.9811925598017174,0.0005851940850939765,0.018222246113188616
16011,0.9616640563606745,0.016947975750853033,0.02138796788847253
16012,0.9922906617777862,0.0002601362776828542,0.007449201944530912
16013,0.728127593090578,0.007454447323411878,0.2644179595860102
16014,0.37905248935194336,0.017957961357364077,0.6029895492906926
16015,0.9178383262823332,0.00024169474060254338,0.08191997897706424
16016,0.9969924368329285,0.00012298373136435695,0.0028845794357072177
16017,0.6414524754760973,0.02104646687407879,0.33750105764982385
16018,0.9234493592070926,0.00588282918283496,0.07066781161007239
16019,0.4420615952347578,0.017475053045201746,0.5404633517200403
16020,0.06150747382616064,0.011249436146709674,0.9272430900271297
16021,0.03417489993369223,0.0032039330715731814,0.9626211669947345
16022,0.7855638983451801,0.001309081265236722,0.21312702038958314
16023,0.9838751837686059,0.0019465199772533905,0.014178296254140568
16024,0.6948633596180869,0.001232515642204771,0.30390412473970835
16025,0.19411414633374383,0.04884628035666529,0.7570395733095908
16026,0.8704786966640569,0.004946480747627455,0.12457482258831565
16027,0.4660603691221591,0.016266468201866325,0.5176731626759746
16028,0.5795263131627422,0.41169280789580054,0.008780878941457182
16029,0.9658965448571503,0.002948217267007402,0.03115523787584241
16030,0.8831397346966042,0.006371285256183458,0.11048898004721214
16031,0.9760441388305151,0.008992348401668186,0.014963512767816902
16032,0.30233490312730155,0.003201288773575025,0.6944638080991236
16033,0.9336817571143664,0.004329967567358972,0.06198827531827452
16034,0.3101624107710832,0.022843417113988105,0.6669941721149287
16035,0.4483679415050035,0.07258766771053311,0.4790443907844634
16036,0.7918662696772778,0.1457535001798774,0.06238023014284487
16037,0.7750805876952335,0.04118968917769095,0.1837297231270757
16038,0.5313089304425915,0.020335456796821274,0.44835561276058716
16039,0.026772194869078673,0.009533888881773665,0.9636939162491477
16040,0.11067394141650841,0.0034955975019034056,0.8858304610815882
16041,0.9601869290415745,0.0005723522807609684,0.03924071867766446
16042,0.8976969337286314,0.0006884442503352179,0.10161462202103341
16043,0.8697719068313104,0.006457117033501763,0.12377097613518781
16044,0.07473252745425034,0.0011553620810722265,0.9241121104646776
16045,0.9052027081017738,0.06420736022869211,0.030589931669533995
16046,0.9794995379342701,0.00030948386984218585,0.02019097819588762
16047,0.9625264193621261,0.0009724836914675085,0.03650109694640646
16048,0.22938751564504978,0.0015589410439000684,0.7690535433110501
16049,0.9915103297543884,0.0001530923763089846,0.008336577869302681
16050,0.058652817013910834,0.009379630023451505,0.9319675529626376
16051,0.9430415665837409,0.006948429422977254,0.05001000399328187
16052,0.9415344604048446,0.019075247565630175,0.039390292029525244
16053,0.9867146737045633,0.0010715664861778058,0.012213759809258855
16054,0.7905801902592487,0.009753614261866165,0.19966619547888514
16055,0.9170964759793944,0.0012798178669148135,0.08162370615369073
16056,0.0025872424861537982,0.0005239668969437071,0.9968887906169024
16057,0.9736515154662085,0.001976116369259174,0.02437236816453217
16058,0.539210981745498,0.03342100974224138,0.4273680085122605
16059,0.9776941588528382,0.00026562809469597894,0.022040213052465875
16060,0.9716990907287072,0.0071178576641348175,0.021183051607158117
16061,0.9855720324722516,0.009285891144174888,0.005142076383573453
16062,0.815836500092636,0.006656936172083017,0.1775065637352809
16063,0.7090094165111585,0.007578128074232707,0.2834124554146088
16064,0.28770704498049904,0.02591731407145763,0.6863756409480433
16065,0.9037335606398677,0.05381969559307584,0.042446743767056545
16066,0.3998693141163375,0.05221710429719944,0.547913581586463
16067,0.9921655934506012,0.004698823044605008,0.0031355835047937285
16068,0.029087031924948867,0.005680067154582066,0.965232900920469
16069,0.27259839134590835,0.024621379604165015,0.7027802290499267
16070,0.6075885944418074,0.019621109693677065,0.3727902958645156
16071,0.9466003537029551,0.00048067176838554086,0.05291897452865939
16072,0.9264352377743366,0.012032052351623409,0.061532709874039894
16073,0.007602617737236702,0.0021837548717138677,0.9902136273910495
16074,0.05041987079621872,0.01683773659856516,0.9327423926052162
16075,0.43381886106115597,0.03715369633380645,0.5290274426050376
16076,0.9329072127279169,0.01196739742572635,0.05512538984635672
16077,0.8135995553358021,0.1401871328341958,0.04621331183000211
16078,0.9181930079300198,0.006025233273795825,0.07578175879618441
16079,0.809556557020424,0.006544348452246728,0.1838990945273294
16080,0.008407211530908926,0.0006723314304160401,0.990920457038675
16081,0.2807051447137231,0.007172768818244508,0.7121220864680324
16082,0.9882931569702379,0.0003944466947158416,0.011312396335046321
16083,0.9524509291202556,0.00577161545128738,0.041777455428457
16084,0.056878056246240094,0.08545012192735783,0.8576718218264021
16085,0.9002778304392037,0.08241863492007591,0.017303534640720496
16086,0.15504287081147722,0.3356361514989723,0.5093209776895505
16087,0.9121085326194832,0.0022948746170858916,0.08559659276343085
16088,0.9918503773934041,0.00015255484510662962,0.007997067761489333
16089,0.9749461506694078,0.009017040569886167,0.016036808760705935
16090,0.38998264738031696,0.005941753824972263,0.6040755987947108
16091,0.23304209890065233,0.009651200296750113,0.7573067008025975
16092,0.9621463195089082,0.0007519636539596554,0.03710171683713206
16093,0.16941333162117278,0.00756867603033714,0.8230179923484902
16094,0.9568353654642312,0.00506613877342755,0.038098495762341145
16095,0.303803028414017,0.012627260976569547,0.6835697106094134
16096,0.4811198893086897,0.04089395255681945,0.47798615813449086
16097,0.9887272899794942,0.0014141902481303377,0.009858519772375519
16098,0.9367154458674382,0.04683801026226255,0.016446543870299323
16099,0.9702991857013927,0.021178489250586532,0.008522325048020746
16100,0.47991533939170455,0.32807756907396574,0.1920070915343298
16101,0.9875782294044578,0.003394463882741621,0.009027306712800498
16102,0.015164409794079374,0.0030442344267357017,0.9817913557791849
16103,0.01488593139436966,0.001353528285059692,0.9837605403205707
16104,0.779783007991634,0.007441414971310951,0.212775577037055
16105,0.7053592692388,0.0021057921217199566,0.29253493863948
16106,0.6706638141090333,0.030392915775511942,0.29894327011545485
16107,0.9895886991094199,0.0011620892146683532,0.009249211675911681
16108,0.7638560334820347,0.007539922018480577,0.2286040444994847
16109,0.7882802025492485,0.00624990729348743,0.20546989015726413
16110,0.011897683245898415,0.0027908787401277877,0.9853114380139738
16111,0.8949881778606366,0.005473927740806439,0.09953789439855701
16112,0.4308844494880362,0.04667388641500756,0.5224416640969561
16113,0.7277318264056722,0.03248201062268143,0.23978616297164643
16114,0.9686425701515314,0.006995656386823418,0.024361773461645215
16115,0.9752345851812094,0.017649554762017114,0.007115860056773496
16116,0.924465122814167,0.010472870027510671,0.06506200715832229
16117,0.9754231445529229,0.0006860838637185079,0.02389077158335865
16118,0.9567170596111593,0.025107341241291176,0.018175599147549695
16119,0.9206427272249439,0.0010197445966875491,0.07833752817836873
16120,0.8917165131771337,0.006971648514848558,0.10131183830801764
16121,0.07946724333229614,0.003940768616026914,0.916591988051677
16122,0.9609800624968758,0.023958085286781193,0.015061852216343112
16123,0.7990870380891246,0.01806457192344732,0.18284838998742803
16124,0.19723920427256886,0.136542319297236,0.666218476430195
16125,0.7035968147521074,0.019443254775052193,0.2769599304728403
16126,0.08603133530828551,0.019312555211956,0.8946561094797585
16127,0.9673474463975205,0.0007938227150821814,0.031858730887397296
16128,0.0017433311819135505,0.0002788215694895196,0.997977847248597
16129,0.8786583049924581,0.0023638534177884505,0.11897784158975344
16130,0.7428782003961109,0.0033705658473428203,0.25375123375654635
16131,0.9718836454306762,0.012316549136571837,0.015799805432751963
16132,0.8922141970315711,0.008185174423453291,0.09960062854497556
16133,0.4613433644507233,0.0313635488945109,0.5072930866547658
16134,0.2288330980026404,0.07408224833157843,0.6970846536657812
16135,0.9510378116203545,0.023131140544014796,0.025831047835630675
16136,0.005081686808516048,0.0013839687998482935,0.9935343443916358
16137,0.34659496036115267,0.004851775807908187,0.648553263830939
16138,0.7771088363481878,0.11556661194517338,0.10732455170663886
16139,0.8134947099836064,0.008641849325012545,0.17786344069138105
16140,0.9765052407033968,0.0010671314531810264,0.022427627843422095
16141,0.9712578879485675,0.001788476780014583,0.026953635271417996
16142,0.9871307180954528,0.0014338202757079568,0.011435461628839357
16143,0.4307448229365585,0.005420662861503123,0.5638345142019384
16144,0.12872729134168862,0.017469649890384655,0.8538030587679267
16145,0.8198542560349563,0.024163483035412266,0.15598226092963152
16146,0.038016643091292227,0.02731007338847386,0.9346732835202339
16147,0.7784234945198,0.19793652076074397,0.023639984719455966
16148,0.982588477529107,0.0004354802248771619,0.016976042246015857
16149,0.9897684423461043,0.0009184113930951403,0.009313146260800636
16150,0.6404627508939991,0.01368715958384793,0.345850089522153
16151,0.021522612768856007,0.004133587342240381,0.9743437998889037
16152,0.376893830292954,0.017211860538524106,0.6058943091685219
16153,0.6173851577432663,0.027944686657296026,0.35467015559943765
16154,0.8737641813688886,0.02591545404524093,0.10032036458587054
16155,0.014370409918066202,0.00035188350911560817,0.9852777065728181
16156,0.5229643573185662,0.01579120366309692,0.46124443901833706
16157,0.3968306554557818,0.026336220468450064,0.5768331240757681
16158,0.008590653138224567,0.0024267754859638676,0.9889825713758116
16159,0.9651382296977851,0.01498076856314629,0.019881001739068708
16160,0.9219649248270513,0.006360556168656242,0.07167451900429246
16161,0.9391779471083956,0.002558036933079836,0.058264015958524554
16162,0.7985559287001902,0.007466255499373192,0.1939778158004366
16163,0.6913832018829407,0.001355172578384145,0.3072616255386752
16164,0.9598104625930911,0.003991796734086022,0.03619774067282282
16165,0.979860157256319,0.0011432235254559843,0.018996619218225024
16166,0.9333861242617978,0.040669173405647185,0.025944702332555022
16167,0.9593328660140221,0.02251295788877276,0.018154176097205155
16168,0.9759884811124263,0.00023697507889984594,0.023774543808673748
16169,0.9824337323278793,0.007224860195188817,0.010341407476931979
16170,0.9667128840713893,0.006021894039778669,0.027265221888832104
16171,0.9904181909863342,0.00016756851193574251,0.009414240501730033
16172,0.9893663507114188,0.005277451348443144,0.0053561979401381505
16173,0.9948821198110865,0.0012743720915517408,0.003843508097361707
16174,0.2566086287801259,0.026381839194846643,0.7170095320250275
16175,0.9617716388706227,0.000562166104021857,0.03766619502535551
16176,0.7891332442499938,0.0033033336232436896,0.20756342212676257
16177,0.056870225551258785,0.0037047745070820925,0.9394249999416591
16178,0.06729183284406713,0.03230438708895447,0.9004037800669783
16179,0.9951974754441696,0.00153284114707487,0.0032696834087556186
16180,0.9278680483091103,0.0310308069434282,0.041101144747461606
16181,0.9248091507126951,0.002756884689077875,0.07243396459822692
16182,0.093353298444886,0.026403569732611088,0.8802431318225028
16183,0.5954441738365723,0.16446565485320364,0.2400901713102241
16184,0.30819585803895855,0.006051355944895101,0.6857527860161463
16185,0.14540335610352642,0.038428233156940016,0.8161684107395336
16186,0.05406977500049509,0.025613625132501355,0.9203165998670035
16187,0.7462085510817444,0.0017993104618890328,0.2519921384563665
16188,0.0023160454226412823,0.00011397640736811216,0.9975699781699906
16189,0.007654044286558959,0.0014562131415452176,0.9908897425718958
16190,0.8594243643755483,0.08935225840013242,0.05122337722431938
16191,0.956324332643708,0.005574140362352373,0.03810152699393972
16192,0.9558379715678692,0.004061749997880534,0.04010027843425031
16193,0.6787291283970864,0.060580067459549095,0.26069080414336443
16194,0.9707263655931674,0.00033071390100224406,0.028942920505830336
16195,0.9657409223501542,0.0020306492378368442,0.032228428412008965
16196,0.07056773808066871,0.3623576734273054,0.5670745884920259
16197,0.5959013689083231,0.04778596718073748,0.3563126639109394
16198,0.8847343928789886,0.009460375635551875,0.1058052314854595
16199,0.8763496257138218,0.07340671895134486,0.050243655334833305
16200,0.9505577262968623,0.0019364596829938372,0.04750581402014396
16201,0.021105878458833327,0.0038241350329091513,0.9750699865082576
16202,0.9884265949884813,0.004824171902438829,0.006749233109079894
16203,0.9699945327490526,0.012946189253156883,0.017059277997790508
16204,0.5809065920815805,0.0021531438162469144,0.4169402641021726
16205,0.5307248066904509,0.019611735233226357,0.4496634580763228
16206,0.7651406605326653,0.005000042043880913,0.22985929742345385
16207,0.019142318992901523,0.0009251329331575415,0.9799325480739409
16208,0.764910427180532,0.02175151562945714,0.2133380571900108
16209,0.9701806960153876,0.02047033730679483,0.009348966677817571
16210,0.6197959334450869,0.07501654230179042,0.3051875242531228
16211,0.9587228600399689,0.02034664205655669,0.020930497903474475
16212,0.9220215936937026,0.004057935343230939,0.07392047096306648
16213,0.9794473720338666,0.004266479338777247,0.01628614862735609
16214,0.4811575517306636,0.043838901907714396,0.47500354636162195
16215,0.12509536111170602,0.2038687003436055,0.6710359385446885
16216,0.8031760713788614,0.002126977445945539,0.19469695117519317
16217,0.9807925257375417,0.00045733867873344304,0.01875013558372486
16218,0.007190322606611335,0.00603083272593012,0.9867788446674585
16219,0.9376514147393548,0.0006774746280766163,0.0616711106325686
16220,0.06209788337940126,0.0026652294930800025,0.9352368871275187
16221,0.8915787498389542,0.0015355805722179175,0.10688566958882785
16222,0.8198608589111199,0.004416942844622688,0.17572219824425742
16223,0.5542726169729131,0.006593269748599636,0.43913411327848734
16224,0.016524921433722174,0.01328356079590466,0.9701915177703732
16225,0.943324278580886,0.00018949925746001976,0.05648622216165383
16226,0.6605832103499902,0.057985147955816475,0.2814316416941932
16227,0.6231952661468577,0.013387868147555338,0.3634168657055869
16228,0.9629613438392569,0.019528797056447326,0.01750985910429579
16229,0.437214116976537,0.0017612782344491257,0.5610246047890138
16230,0.9492499091597382,0.010079060744927553,0.040671030095334265
16231,0.957480891081092,0.0016253040121015192,0.04089380490680643
16232,0.9909424041303411,0.0015182362225745962,0.007539359647084259
16233,0.9532515250232578,0.0007737870517335166,0.04597468792500864
16234,0.029430920282114782,0.0005026274969867551,0.9700664522208984
16235,0.8172201317891727,0.007679418033596979,0.17510045017723028
16236,0.9711362223269326,0.008500848774974762,0.02036292889809265
16237,0.9818683529876435,0.008386158828067536,0.009745488184288996
16238,0.20704911613591323,0.029344567287377478,0.7636063165767093
16239,0.9743133895599583,0.010619708814462031,0.015066901625579637
16240,0.8290027610090271,0.010155078523330363,0.16084216046764258
16241,0.0025234863622608235,0.0015900576351752839,0.995886456002564
16242,0.8995041936000366,0.012302710879108322,0.08819309552085505
16243,0.9911241986181553,0.0027463305281768624,0.006129470853667725
16244,0.10904589660354497,0.01976608815051829,0.8711880152459368
16245,0.9096246353051847,0.007774567827077231,0.08260079686773811
16246,0.6823167231676565,0.002555089988390209,0.3151281868439534
16247,0.043592130722335136,0.0003019345956191311,0.9561059346820457
16248,0.7263056100217691,0.005124274026975439,0.2685701159512554
16249,0.941743868810643,0.0006260110814498626,0.05763012010790724
16250,0.06673715055809701,0.013408414130155893,0.9198544353117472
16251,0.9772324855967823,0.0001997916072476083,0.022567722795970017
16252,0.914897542842741,0.01677864631630681,0.06832381084095214
16253,0.8972658437144492,0.042244800555997,0.06048935572955389
16254,0.8537082447710038,0.018868618520382515,0.1274231367086137
16255,0.028189162453639092,0.00771384908751414,0.9640969884588467
16256,0.8599981702389541,0.0028515905568947766,0.13715023920415106
16257,0.877273116157432,0.013345217010682756,0.10938166683188527
16258,0.5618031121669913,0.023137412920746548,0.4150594749122622
16259,0.9657895642865459,0.014102045159955136,0.02010839055349903
16260,0.6655037010679129,0.008890271372859108,0.32560602755922796
16261,0.010750307103542096,0.0008080595177862917,0.9884416333786716
16262,0.035970742542531214,0.000505643486516656,0.9635236139709521
16263,0.9573974050184834,0.003415174547018818,0.039187420434497855
16264,0.9905668244504564,0.0003866659443307783,0.009046509605212862
16265,0.9366498748552964,0.0009192146953239443,0.06243091044937976
16266,0.7406694588182713,0.0024534622466185906,0.2568770789351102
16267,0.9692572962429136,0.000465967336236821,0.030276736420849513
16268,0.002489814347429528,0.002043316900515811,0.9954668687520546
16269,0.9869582518342621,9.999967348315232e-05,0.012941748492254847
16270,0.004367851504226279,0.0031396410282857464,0.9924925074674881
16271,0.9714479928516376,0.007379071618041714,0.021172935530320694
16272,0.9702878965326768,0.0033646529923090983,0.02634745047501403
16273,0.971568934489767,0.0021791219031634316,0.026251943607069523
16274,0.99289766260646,0.002393733226850057,0.004708604166690052
16275,0.028011141549414226,0.027354247971996468,0.9446346104785892
16276,0.9790911968068744,0.0007841893310596854,0.0201246138620659
16277,0.9868096054160618,0.0011300668884319024,0.012060327695506379
16278,0.9444164043703855,0.009843203331916127,0.045740392297698294
16279,0.758900376231766,0.03378950954002599,0.207310114228208
16280,0.8491130901072554,0.00791524034544183,0.14297166954730284
16281,0.021422640119064015,0.0012874389336261442,0.9772899209473098
16282,0.01127392542264062,0.0009413665290532627,0.9877847080483061
16283,0.9436015172100061,0.01930638953593141,0.03709209325406246
16284,0.8810681489183352,0.0098230187325097,0.10910883234915518
16285,0.013110381644325847,0.0012011090216947485,0.9856885093339793
16286,0.786770559704456,0.014594669934945669,0.19863477036059823
16287,0.9399019743924469,0.0009317237832588156,0.0591663018242943
16288,0.05203036508701445,0.10157179923874263,0.8463978356742429
16289,0.39314016592939793,0.0010913667333480896,0.605768467337254
16290,0.8586032199366349,0.008848460865686783,0.13254831919767826
16291,0.9518113940116719,0.008480361991606502,0.039708243996721536
16292,0.9840112688484431,0.004140414963434157,0.011848316188122666
16293,0.6724432072632798,0.00038950367188560724,0.32716728906483455
16294,0.9590660778852389,0.012914463640645732,0.02801945847411535
16295,0.12748207810111997,0.023319875688748767,0.8491980462101312
16296,0.9474392370732996,0.0009500552161406899,0.05161070771055973
16297,0.002020244815456444,0.0008644816512300893,0.9971152735333135
16298,0.9596618062442771,0.008704855581922166,0.03163333817380067
16299,0.44704657289287714,0.0026605912262207066,0.5502928358809022
16300,0.9391258025580583,0.0053148654045965795,0.05555933203734514
16301,0.17463694839376243,0.023740844221820524,0.801622207384417
16302,0.1955389073186246,0.000518756890657472,0.8039423357907179
16303,0.9828503021387385,0.005342285738524506,0.011807412122736905
16304,0.9660417438161942,0.009994000296602024,0.023964255887203693
16305,0.7617509016959311,0.004917652300698643,0.23333144600337027
16306,0.9196736180816458,0.042856524372411865,0.03746985754594222
16307,0.2707118471760008,0.08551192741989454,0.6437762254041047
16308,0.1292243837008256,0.06330029401466966,0.8074753222845047
16309,0.975235519683135,0.0044259530934843486,0.020338527223380636
16310,0.26674957097658736,0.010543338381936159,0.7227070906414764
16311,0.9085758234730665,0.012327157614010533,0.07909701891292291
16312,0.8939629031811898,0.03280777937687091,0.07322931744193922
16313,0.9830031005164872,0.0005935475110203171,0.016403351972492455
16314,0.9575924884760771,0.0031250850499668892,0.03928242647395579
16315,0.9878482420699423,0.0024556671244538694,0.009696090805603793
16316,0.985754499957059,0.0032687102807575025,0.010976789762183574
16317,0.9584317757437418,0.004497291336919228,0.03707093291933895
16318,0.01969478043930155,0.0026178319533855503,0.977687387607313
16319,0.9630166285966318,0.007959982428902184,0.02902338897446591
16320,0.5797654713208545,0.0057871184287068365,0.4144474102504387
16321,0.9357880901313197,0.027605266635427606,0.03660664323325273
16322,0.32517395308668784,0.10605551875155955,0.5687705281617526
16323,0.849194061760332,0.007519002529346394,0.14328693571032172
16324,0.030994236291199656,0.006123592742905663,0.9628821709658947
16325,0.0856269775023253,0.02459585776405236,0.8897771647336223
16326,0.9846022006029354,0.0009696624252236507,0.01442813697184102
16327,0.534532013229307,0.011719866732568423,0.4537481200381246
16328,0.6624767505688625,0.0025573463829599912,0.3349659030481776
16329,0.845433081331144,0.006746798128334355,0.14782012054052163
16330,0.020541920252453532,0.004759130591289984,0.9746989491562565
16331,0.9538469846670325,0.007767284125142072,0.03838573120782541
16332,0.20844842542256414,0.008939070826336671,0.7826125037510991
16333,0.8357344243206771,0.0419763752705192,0.12228920040880367
16334,0.711255832847828,0.009386086264274462,0.27935808088789743
16335,0.9030415203310797,0.001562993779431112,0.09539548588948923
16336,0.07434364076516392,0.0018712012765233063,0.9237851579583128
16337,0.5098150082386973,0.4535325094705639,0.036652482290738836
16338,0.052862635349684564,0.001025335312173646,0.9461120293381419
16339,0.9056603805864457,0.00388984193315417,0.09044977748040016
16340,0.5932350063972459,0.04317858530571972,0.3635864082970344
16341,0.9748028564124073,0.015300030931220725,0.009897112656371923
16342,0.9250185417625634,0.003959262516304829,0.07102219572113166
16343,0.03394013335851168,0.013334369882143121,0.9527254967593451
16344,0.8119142356055198,0.002225912961128569,0.18585985143335165
16345,0.9423695251549429,0.002269219459365311,0.055361255385691734
16346,0.13095985428110507,0.25673370648873095,0.612306439230164
16347,0.9182886597723227,0.011795444034278443,0.06991589619339877
16348,0.21687283099014287,0.014236238159719325,0.7688909308501378
16349,0.9144340018495395,0.016564851968851355,0.06900114618160913
16350,0.9798206860917118,0.0004199375570280562,0.019759376351260086
16351,0.5173884594290983,0.019607532876878504,0.4630040076940232
16352,0.9720802858496345,0.0004870115514971633,0.02743270259886846
16353,0.026681370698491615,0.0014864944368669138,0.9718321348646415
16354,0.98903778788494,0.0007511376130180742,0.010211074502042039
16355,0.9501937274700575,0.010195429442353573,0.03961084308758899
16356,0.878088737298279,0.004269033205931637,0.11764222949578942
16357,0.7487690006808656,0.0028047340004171057,0.24842626531871737
16358,0.9867683567534971,0.0018243300622824575,0.011407313184220431
16359,0.9561717321328101,0.0028034909373169914,0.04102477692987291
16360,0.989679194299343,0.003157626039998009,0.007163179660659036
16361,0.8964454851648165,0.0026788886025243446,0.1008756262326591
16362,0.9827197232048727,0.005427304204277843,0.011852972590849437
16363,0.4993446921700323,0.0034742863918467413,0.4971810214381211
16364,0.6519105488720907,0.006698410395441493,0.34139104073246795
16365,0.012110515883349717,0.0008755132919718615,0.9870139708246785
16366,0.14679203409912783,0.0008889696362967965,0.8523189962645754
16367,0.9757624414908156,0.002631370087867879,0.021606188421316497
16368,0.9942335662474968,0.0009549758348387285,0.004811457917664405
16369,0.2630043729271782,0.04679287643317559,0.6902027506396462
16370,0.8867807796744037,0.0077934343060727905,0.1054257860195236
16371,0.07224525029248607,0.0010722320137139243,0.9266825176938
16372,0.8297081679810123,0.00937058607158528,0.1609212459474023
16373,0.9257860379323112,0.004774861060029286,0.06943910100765956
16374,0.9699690802378658,0.0006607902018206797,0.0293701295603136
16375,0.7759065174700126,0.03890300791961671,0.18519047461037072
16376,0.9420417910849739,0.002625843477992012,0.055332365437034056
16377,0.9351366123506334,0.002763313018654027,0.06210007463071263
16378,0.9378527548348135,0.0020826398122309256,0.060064605352955686
16379,0.961316341944758,0.011630828634805693,0.027052829420436197
16380,0.09812769951269468,0.0041764976306903154,0.8976958028566149
16381,0.9562112475154938,0.035837912411005764,0.007950840073500465
16382,0.8207733323586588,0.023339820059773666,0.15588684758156748
16383,0.9863575221384517,0.007522834967667544,0.006119642893880727
16384,0.24763619806770606,0.007100794036720223,0.7452630078955736
16385,0.9871014448677699,0.005927347497989441,0.006971207634240768
16386,0.9841633243632413,0.0031867675775882373,0.012649908059170514
16387,0.8432763808589734,0.0008542406432741657,0.1558693784977524
16388,0.0020982381715611616,0.0013159780669838976,0.996585783761455
16389,0.007144580711003303,0.0003962372389905818,0.9924591820500062
16390,0.3382308106840886,0.026192506521384835,0.6355766827945265
16391,0.9828734954023541,0.001210116451305309,0.015916388146340617
16392,0.5123116032296325,0.008791320743289028,0.4788970760270785
16393,0.9648450750386409,0.00761949184033568,0.027535433121023474
16394,0.6067577815532971,0.0065024895834211935,0.3867397288632816
16395,0.22646816862607053,0.013689353317962382,0.759842478055967
16396,0.959571775643116,0.005175783903901991,0.035252440452981905
16397,0.9736794279246098,0.0028365291497196507,0.023484042925670474
16398,0.9177742931678954,0.004130449908551871,0.07809525692355264
16399,0.0026011671425344063,0.00039574231471071293,0.9970030905427549
16400,0.02388731791283941,0.0013899128351709687,0.9747227692519896
16401,0.05383714607545367,0.000903723946514373,0.945259129978032
16402,0.0843405506727148,0.07192174060368453,0.8437377087236008
16403,0.9702227002760195,0.01683385075382886,0.012943448970151636
16404,0.5148602549364,0.3991689947202594,0.08597075034334054
16405,0.985386946118169,0.0057902444984175155,0.008822809383413439
16406,0.886146170320108,0.002106477014217568,0.11174735266567437
16407,0.5811007283845085,0.26587713416079134,0.15302213745470017
16408,0.9778183695452513,0.004955082710173261,0.017226547744575497
16409,0.9481846265344784,0.038430200492400514,0.013385172973120977
16410,0.9600746166132367,0.0006617682507322745,0.039263615136030994
16411,0.5185531912843844,0.02102331547505417,0.46042349324056153
16412,0.5951643810463509,0.055826902575334646,0.3490087163783144
16413,0.8495209115146446,0.001248749465764573,0.14923033901959074
16414,0.8073740046262768,0.005364812953696763,0.1872611824200264
16415,0.9390495478003442,0.004040165685447572,0.05691028651420823
16416,0.21510154814725876,0.6893418703800467,0.09555658147269463
16417,0.9657714604392661,0.020306957446214306,0.013921582114519604
16418,0.9362915580998182,0.0012928513742503994,0.062415590525931396
16419,0.8522407652339221,0.004625799638723669,0.1431334351273542
16420,0.35121954321898136,0.0032900165758328066,0.6454904402051859
16421,0.8296504425229758,0.00378544153289949,0.16656411594412457
16422,0.9875380914473291,0.002609594630313322,0.009852313922357681
16423,0.8265463780173979,0.0038656220034233558,0.16958799997917878
16424,0.6840636887592028,0.023909909858008106,0.2920264013827892
16425,0.9254844079863275,0.005878912063999767,0.06863667994967272
16426,0.9019981184011253,0.03490611973131423,0.06309576186756041
16427,0.91517752906481,0.012790457208602963,0.07203201372658698
16428,0.9768428211009167,0.0010130248330130693,0.022144154066070218
16429,0.8656289518268955,0.08311617422882654,0.05125487394427793
16430,0.8997778198973192,0.020856405894225147,0.07936577420845568
16431,0.9824739426516756,0.008290385867565872,0.009235671480758509
16432,0.762729989115764,0.03770807699361072,0.1995619338906253
16433,0.9934899177308635,0.0006616295476292739,0.005848452721507238
16434,0.21917714905191493,0.009615003885735163,0.77120784706235
16435,0.9321400344184074,0.0031979087682776604,0.06466205681331487
16436,0.8319476027027766,0.009812099863103852,0.15824029743411963
16437,0.9728611979078257,0.008724340359689733,0.018414461732484684
16438,0.9546643611569421,0.0020713958088246715,0.04326424303423336
16439,0.8108843149381992,0.0044147692008805976,0.1847009158609202
16440,0.04391455073342897,0.00503548558290142,0.9510499636836696
16441,0.8415779306898081,0.007810067865777405,0.15061200144441445
16442,0.6569204012127924,0.02296408763814154,0.32011551114906606
16443,0.9622212597577072,0.0018355910596958755,0.03594314918259685
16444,0.5637909712911883,0.012571864428651795,0.42363716428016
16445,0.3116433719055327,0.17185846947905778,0.5164981586154096
16446,0.9625354765604514,0.003040426147561468,0.03442409729198711
16447,0.9791375192457403,0.004068273825181987,0.01679420692907764
16448,0.46953522653974017,0.001197815735316924,0.529266957724943
16449,0.3225231450549477,0.02465344886448559,0.6528234060805667
16450,0.9603436635229826,0.0020723791747914804,0.03758395730222582
16451,0.7415260200874652,0.05707524948978933,0.20139873042274553
16452,0.399486027069869,0.5843457637445266,0.016168209185604302
16453,0.02718569336242388,0.022996437517808405,0.9498178691197676
16454,0.9820075054376588,0.000636465448156569,0.017356029114184584
16455,0.9145946360132332,0.013675985303071372,0.07172937868369547
16456,0.7475563359199688,0.01066400396477998,0.24177966011525112
16457,0.9835893127905552,0.000514092588619276,0.015896594620825558
16458,0.9319801191927438,0.033602087707226336,0.03441779310002995
16459,0.6741314200581372,0.02871569888123096,0.2971528810606318
16460,0.0005601437713896193,9.999359989142926e-05,0.9993398626287189
16461,0.9943644664008173,0.0005925419172639113,0.005042991681918726
16462,0.9517006960692889,0.0073745167957133834,0.04092478713499771
16463,0.9699654434981967,0.01079849811869054,0.019236058383112747
16464,0.9932419702337466,0.00015650895347724768,0.0066015208127761914
16465,0.06012580497667902,0.007654335870876401,0.9322198591524447
16466,0.9223914197736299,0.010524204549146265,0.06708437567722382
16467,0.6251811148942394,0.05206842886409197,0.3227504562416685
16468,0.9798454071123052,0.017839983046486894,0.0023146098412078955
16469,0.9828158766215644,0.0010190605647446094,0.01616506281369103
16470,0.8199554709494977,0.1401830588202665,0.039861470230235736
16471,0.9864918735054866,0.009020118295884677,0.00448800819862884
16472,0.9589337342777506,0.002718869291480282,0.03834739643076915
16473,0.9910551854843976,0.0011615596737244685,0.007783254841877792
16474,0.9002496385470976,0.010688154901309413,0.08906220655159293
16475,0.9581400367943105,0.015992945088490217,0.025867018117199287
16476,0.12397120718548993,0.0046678745874358845,0.8713609182270743
16477,0.9800979535597626,0.008970748055839868,0.010931298384397523
16478,0.985308829649237,0.010432304583101515,0.004258865767661421
16479,0.9725902364277224,0.012557773691597485,0.014851989880680047
16480,0.9954033794075224,0.0017131555796070451,0.002883465012870503
16481,0.9478847362777554,0.004683360795011439,0.04743190292723329
16482,0.6688992129614011,0.0047724543389419906,0.326328332699657
16483,0.03557012268542787,0.006966574561608762,0.9574633027529633
16484,0.9289025259406016,0.002748492711234137,0.06834898134816417
16485,0.8108342996054501,0.0012500065251363456,0.1879156938694137
16486,0.9763142182441132,0.006826045990258517,0.01685973576562827
16487,0.021288410643378067,0.00047402111463614127,0.9782375682419858
16488,0.06854050374104584,0.0028364260871358653,0.9286230701718182
16489,0.9685977975710253,0.0005362441915796511,0.030865958237395047
16490,0.8808416766513497,0.01861936197551816,0.10053896137313229
16491,0.3743026333778722,0.47873896567249896,0.14695840094962878
16492,0.9683630346879348,0.0020258522463797923,0.029611113065685337
16493,0.9778383077506058,0.004550807650457672,0.01761088459893652
16494,0.8568886125672993,0.0071395806405905125,0.13597180679211016
16495,0.071698504861133,0.020505509814738563,0.9077959853241284
16496,0.9523719186252978,0.0004777717227424805,0.04715030965195968
16497,0.46119401984088926,0.07215506874278783,0.4666509114163228
16498,0.04832112535097448,0.03634425903874302,0.9153346156102825
16499,0.19026368230364427,0.13325949717668228,0.6764768205196735
16500,0.9059667858848409,0.007605244328627207,0.08642796978653189
16501,0.04827685677983884,0.028662131962853405,0.9230610112573079
16502,0.9042186705502153,0.022272217412901897,0.07350911203688283
16503,0.8335301168402384,0.038569230910121544,0.12790065224964017
16504,0.5749201948389965,0.00719051259431934,0.41788929256668417
16505,0.87192218766234,0.008241469117070608,0.11983634322058935
16506,0.9433205115808243,0.03212832500535027,0.024551163413825346
16507,0.9560004713037524,0.009598054802024428,0.034401473894223225
16508,0.8539216726761856,0.0003474490214668582,0.1457308783023476
16509,0.8954578299361733,0.020980506271798295,0.08356166379202849
16510,0.9940402875916455,0.0011231597802289358,0.0048365526281255325
16511,0.8389098551217764,0.003559835476025936,0.1575303094021977
16512,0.024264746446439136,0.0015693819443001735,0.9741658716092606
16513,0.5547011575577832,0.0011518675583097441,0.44414697488390714
16514,0.7848591417418846,0.0023534915135264255,0.21278736674458898
16515,0.0069248712189152505,0.00023814732352897555,0.9928369814575558
16516,0.04341754909200867,0.002783472838521028,0.9537989780694702
16517,0.8481382638144631,0.09495251310810328,0.056909223077433575
16518,0.9405305699851935,0.008430236274722166,0.051039193740084504
16519,0.9680710699351927,0.006436338077287412,0.02549259198751992
16520,0.0011361861869774372,0.0010349403682829985,0.9978288734447396
16521,0.9731005996242819,0.0009447300619608047,0.025954670313757304
16522,0.9700180867112498,0.021876791741782708,0.008105121546967508
16523,0.801663912924177,0.01899914829449887,0.179336938781324
16524,0.09781506506598048,0.38131966555003766,0.5208652693839818
16525,0.9808665818636565,0.0015228871168165342,0.01761053101952705
16526,0.9651573016915828,0.021285373207528057,0.013557325100889092
16527,0.9131525686421846,0.018694646907848455,0.06815278444996702
16528,0.9237412076305415,0.003715151593425248,0.07254364077603331
16529,0.02806783624951808,0.008372820431865711,0.9635593433186163
16530,0.9403783418441332,0.010032639700659214,0.04958901845520773
16531,0.007780192063185857,0.00035222959942571785,0.9918675783373885
16532,0.3080664408638448,0.005630054305046039,0.6863035048311091
16533,0.9436160389836518,0.02380847569968842,0.03257548531665983
16534,0.9794982906596937,0.004803963085980347,0.015697746254325896
16535,0.39779989221138856,0.012606929683210592,0.5895931781054008
16536,0.8035895379972102,0.04630951750114714,0.15010094450164263
16537,0.17544837047210646,0.6401717247633486,0.18437990476454497
16538,0.8220595320284775,0.017733508924369718,0.16020695904715282
16539,0.9964843899474454,0.0010280195097799193,0.002487590542774665
16540,0.24305745765900075,0.00939480826009565,0.7475477340809037
16541,0.992251666141227,0.0037673249053584083,0.0039810089534146964
16542,0.9698734562909754,0.01071729966992852,0.019409244039096
16543,0.7720518721480504,0.013212366187671347,0.2147357616642783
16544,0.11760989479413748,0.004523610279574083,0.8778664949262885
16545,0.7117108950506105,0.002426920810852286,0.28586218413853715
16546,0.9235303775128019,0.04302798349615135,0.033441638991046775
16547,0.20642573072816148,0.046951188793077844,0.7466230804787606
16548,0.34045558524329195,0.011586338708478843,0.6479580760482292
16549,0.025472611443581337,0.006808261412248157,0.9677191271441704
16550,0.8543952746267176,0.04646886018424531,0.09913586518903711
16551,0.8897572354688307,0.0044681701731053205,0.105774594358064
16552,0.6502715403657252,0.006043218040156173,0.3436852415941187
16553,0.9825096861922867,0.0005351967284675373,0.016955117079245803
16554,0.09739983451781264,0.08931032840033114,0.8132898370818562
16555,0.7104698514132564,0.016147976129538222,0.2733821724572055
16556,0.9548790222440938,0.0018036751854995897,0.04331730257040663
16557,0.09389288736467254,0.058061125915441894,0.8480459867198857
16558,0.9836085550120096,0.0017834580284996563,0.014607986959490716
16559,0.008442552264008243,0.0032615112732538713,0.988295936462738
16560,0.7460736787243782,0.04247957952656642,0.2114467417490554
16561,0.14438921196981547,0.009252958586559265,0.8463578294436253
16562,0.9911026750731089,0.00023737742274011265,0.008659947504151019
16563,0.982127073422085,0.005175660181596606,0.012697266396318466
16564,0.023516893402460423,0.017178032778326757,0.9593050738192128
16565,0.9773142269067988,0.0030851845497868765,0.019600588543414264
16566,0.9791884830359168,0.0029957972489848333,0.01781571971509836
16567,0.9614844135375167,0.010747565250843721,0.027768021211639578
16568,0.9871729771407499,0.007919782332282682,0.004907240526967518
16569,0.2623901838977376,0.0038151738398809515,0.7337946422623813
16570,0.9221224585844716,0.005336560289668815,0.07254098112585958
16571,0.9666838682480718,0.0017368938918114613,0.0315792378601167
16572,0.9650078240852293,0.024757510594987448,0.010234665319783101
16573,0.011759038730159186,0.006927153272385551,0.9813138079974553
16574,0.9289529232487321,0.0019111616795093747,0.06913591507175862
16575,0.9463265794630821,0.010747677866408989,0.042925742670508964
16576,0.022169213109509495,0.0578958192698777,0.9199349676206129
16577,0.7877587783695585,0.01004122894723469,0.20219999268320674
16578,0.9732555042262934,0.0015570545870968785,0.025187441186609618
16579,0.8726736434636754,0.015039385011291373,0.11228697152503318
16580,0.014253465223040166,0.003469410730570532,0.9822771240463893
16581,0.28612292550403773,0.05471322632425538,0.6591638481717069
16582,0.9096294488561445,0.004887635418095572,0.08548291572575989
16583,0.9497001899964594,0.009249521272602547,0.04105028873093803
16584,0.4038604447366443,0.016842904454672156,0.5792966508086835
16585,0.960668851721304,0.016174373579740137,0.023156774698955992
16586,0.9806809898300367,0.0007511960671991376,0.018567814102764046
16587,0.9839636807944219,0.0027709239427401535,0.01326539526283801
16588,0.77640432074389,0.0017521637574988177,0.22184351549861125
16589,0.33855311176550706,0.1526005880094706,0.5088463002250223
16590,0.6856725248376911,0.001554577665572137,0.31277289749673676
16591,0.981850760911513,0.011259305039044726,0.0068899340494423065
16592,0.9686577637000341,0.0024986239757985467,0.028843612324167437
16593,0.9717221927176806,0.0029491132704469293,0.025328694011872505
16594,0.9822978841198121,0.0008763295614868366,0.016825786318701078
16595,0.9876581511863067,0.0013681831620994686,0.01097366565159389
16596,0.4051725838685791,0.049350149599425054,0.545477266531996
16597,0.8304680288004528,0.001917231192652282,0.1676147400068948
16598,0.8778281504651536,0.05880062809703566,0.06337122143781077
16599,0.41692213041745707,0.004233638315112347,0.5788442312674306
16600,0.8362261696580571,0.012321075916536443,0.1514527544254065
16601,0.15265549450604354,0.005955494862675835,0.8413890106312806
16602,0.4637641887785872,0.002273841370408767,0.5339619698510041
16603,0.926309764313769,0.010147905237980299,0.06354233044825072
16604,0.9733579775271842,0.004006125906555466,0.022635896566260257
16605,0.9584097245773271,0.0010117210493009276,0.04057855437337199
16606,0.12192838051946717,0.007625562400844846,0.870446057079688
16607,0.7266008051956806,0.08538240134060651,0.1880167934637128
16608,0.7003998203363203,0.013414665526355302,0.28618551413732435
16609,0.9202855570255845,0.004907682466240633,0.07480676050817489
16610,0.9844744997585335,0.0001309615099107526,0.015394538731555652
16611,0.7917148610888055,0.013638547989234195,0.19464659092196024
16612,0.33730883877221485,0.049441780727844206,0.6132493804999408
16613,0.14677571789672486,0.002390403355975803,0.8508338787472994
16614,0.9631324844537591,0.001041731315074486,0.03582578423116649
16615,0.9932340111468168,0.0009759577385812635,0.0057900311146020424
16616,0.6109281559940167,0.18433022907911706,0.20474161492686618
16617,0.9459052459126076,0.02644950909499659,0.027645244992395762
16618,0.9892485492581078,0.0005834552301069142,0.010167995511785382
16619,0.8045774783363562,0.004346327588972699,0.19107619407467108
16620,0.9824258834890925,0.0016475726301579466,0.015926543880749527
16621,0.9891491294324426,0.0004209974491597386,0.010429873118397723
16622,0.05109025128765025,0.00930977216028247,0.9395999765520673
16623,0.011093877175790886,0.003253441544560796,0.9856526812796483
16624,0.0803208186061073,0.020586404642702442,0.8990927767511903
16625,0.9847790428462225,0.0031438902611692445,0.01207706689260831
16626,0.9598751987794172,0.01024756312731863,0.02987723809326422
16627,0.9567190982445073,0.0018131260313369048,0.04146777572415587
16628,0.4155518005060211,0.06483563874940003,0.519612560744579
16629,0.17642586136063151,0.11311368482943039,0.7104604538099382
16630,0.012291841420240531,0.0001802631848803065,0.9875278953948792
16631,0.9760323378253378,0.0010618712219056501,0.02290579095275644
16632,0.7131681479140726,0.09450135105061262,0.19233050103531485
16633,0.905052441130689,0.042198388896821606,0.05274916997248948
16634,0.01019237360834304,0.006760731148356012,0.983046895243301
16635,0.9195729872851992,0.027228507919833462,0.05319850479496739
16636,0.9845461107092097,0.0004203288360187914,0.015033560454771513
16637,0.9446871944316858,0.0033985061496596895,0.05191429941865445
16638,0.13379954095517196,0.007333737993060313,0.8588667210517676
16639,0.9518053477831542,0.01344779402983968,0.034746858187006194
16640,0.1789431812864301,0.06097020100248242,0.7600866177110875
16641,0.16123558766961682,0.008981610260581007,0.8297828020698022
16642,0.1845914407011377,0.04709005950437382,0.7683184997944884
16643,0.9840332886236186,0.00305264586698041,0.01291406550940104
16644,0.9420735789209198,0.002260392630819009,0.055666028448261295
16645,0.9612723152151004,0.0016961079604957102,0.03703157682440397
16646,0.9641296243061065,0.0008411485193316986,0.03502922717456186
16647,0.8813223025281157,0.01037600441215457,0.10830169305972975
16648,0.32616326441900495,0.001128361238316747,0.6727083743426783
16649,0.9643624067583219,0.0012859371309128862,0.034351656110765204
16650,0.9116335353111158,0.0030649471218771856,0.08530151756700699
16651,0.9682980180969929,0.004824352568953532,0.026877629334053653
16652,0.9245639823489776,0.00377665200973967,0.07165936564128264
16653,0.8933490579629257,0.02600858863790863,0.0806423533991657
16654,0.7386207605469188,0.002266186500869723,0.2591130529522114
16655,0.9059796360981927,0.007961634135298106,0.08605872976650926
16656,0.24140806188355418,0.003201341091648333,0.7553905970247974
16657,0.9579278995920179,0.006133192844051446,0.03593890756393065
16658,0.8305213324304519,0.04395336300030783,0.1255253045692402
16659,0.5650441459315763,0.002204960077921066,0.4327508939905026
16660,0.9665067366859367,0.0015310725276673036,0.031962190786395964
16661,0.29478480455052386,0.10557787451292826,0.599637320936548
16662,0.9867283394887374,0.0006218526165085361,0.012649807894753983
16663,0.3546432691395105,0.0044225130499605135,0.640934217810529
16664,0.9502402602680654,0.008383731257091973,0.041376008474842574
16665,0.986548612178051,0.002426208984304812,0.011025178837644051
16666,0.050034006012619814,0.006661994166309048,0.9433039998210712
16667,0.002123935925931425,0.00037560968891329376,0.9975004543851553
16668,0.8804546453619656,0.001183866213038999,0.1183614884249954
16669,0.016205201997730862,0.24157765743708737,0.7422171405651818
16670,0.9751376047105542,0.006002739834278944,0.018859655455166924
16671,0.5349002458313745,0.03531751502242361,0.42978223914620184
16672,0.9578247755069205,0.00033543328900074087,0.041839791204078845
16673,0.8553691141590065,0.0210304716214191,0.12360041421957428
16674,0.9707966901938324,0.002296755849315433,0.026906553956852243
16675,0.8954255918799993,0.03873965078715019,0.06583475733285062
16676,0.959211682184783,0.0018734506677673638,0.03891486714744952
16677,0.12728535673623897,0.0009414908383667441,0.8717731524253943
16678,0.9784178569732894,0.006300236517797163,0.015281906508913316
16679,0.6778044263488177,0.23893843569266077,0.08325713795852156
16680,0.8991582785657215,0.0031304885820314216,0.09771123285224716
16681,0.9050492634005904,0.006803461174356504,0.08814727542505303
16682,0.4430285226893668,0.021932457186665304,0.5350390201239679
16683,0.8800739053215857,0.00526089866891257,0.1146651960095017
16684,0.09053772761060475,0.01756246641503213,0.891899805974363
16685,0.6148267449908651,0.18732499499738486,0.19784826001175007
16686,0.9976943424315574,0.00014044749584470287,0.002165210072597945
16687,0.9863565799345645,0.005446251050782202,0.008197169014653342
16688,0.9473526562174398,0.015160700114207556,0.03748664366835261
16689,0.4238391415557248,0.34706671136825606,0.22909414707601913
16690,0.9502350259940878,0.012116355766434056,0.037648618239478265
16691,0.9881367707894921,0.001459596941765615,0.010403632268742274
16692,0.10371461708294645,0.006932762408441236,0.8893526205086123
16693,0.5312331767660996,0.024593076162473648,0.44417374707142676
16694,0.005919057052885832,0.0004885814605814528,0.9935923614865327
16695,0.9790208377759626,0.0009050336313088904,0.020074128592728457
16696,0.9878983198577995,0.00028870417689913784,0.011812975965301328
16697,0.02434087870484934,0.0012215684258927413,0.9744375528692579
16698,0.5674676383499363,0.01410356236931237,0.4184287992807514
16699,0.005290279015331459,0.0006708070892361044,0.9940389138954324
16700,0.987534632983066,0.0007202681887525194,0.011745098828181404
16701,0.6373797585514893,0.009659770422471594,0.3529604710260392
16702,0.6421858690582432,0.2299982222856176,0.12781590865613918
16703,0.5543682792977588,0.010375198787300905,0.4352565219149403
16704,0.964422970705963,0.01646878364536128,0.01910824564867573
16705,0.9800357063421844,0.001420902307120465,0.01854339135069513
16706,0.1417602602559371,0.051365239136569256,0.8068745006074937
16707,0.9801027485234929,0.0005255075996939416,0.019371743876813244
16708,0.9071835732960094,0.0006232302492911463,0.09219319645469944
16709,0.9641092875770092,0.006348977665007097,0.02954173475798378
16710,0.9889539681387723,0.0024119978710215157,0.008634033990206121
16711,0.9921260116005848,0.0003311799313758512,0.00754280846803939
16712,0.9876919927047321,0.001085048269536892,0.011222959025730977
16713,0.024645690210382137,0.00022995372219015138,0.9751243560674278
16714,0.012627857406115281,0.0009046476536593347,0.9864674949402255
16715,0.004012765685853853,9.999646149683974e-05,0.9958872378526493
16716,0.4694381193152612,0.09850854717369457,0.43205333351104425
16717,0.9490335055185948,0.0036542957848030794,0.047312198696602116
16718,0.9201804326386671,0.0005900597272355724,0.07922950763409735
16719,0.982784503930448,0.0009676041880936236,0.01624789188145837
16720,0.4645633573830163,0.06442480522357286,0.47101183739341096
16721,0.9901035806933239,0.00033616476990779476,0.009560254536768231
16722,0.8555664031970895,0.006339017251562549,0.13809457955134785
16723,0.8752784930075802,0.010353150356746681,0.11436835663567314
16724,0.06843462653801467,0.03204531980429524,0.89952005365769
16725,0.9142999287764393,0.0012417569556893518,0.08445831426787129
16726,0.9525033736228492,0.0024448576002032807,0.0450517687769475
16727,0.9753504655425478,0.002530404242713036,0.022119130214739175
16728,0.10389041981826552,0.02489179659893309,0.8712177835828013
16729,0.9779601298538253,0.00858558934840259,0.013454280797772064
16730,0.48939574798729646,0.14141653894682352,0.3691877130658799
16731,0.8583158382887357,0.017130435022179126,0.12455372668908521
16732,0.32308137326043984,0.12249515029359456,0.5544234764459657
16733,0.18002045261566016,0.0009741980660362528,0.8190053493183036
16734,0.11342150525037549,0.007299370875194657,0.8792791238744297
16735,0.8552762517523687,0.002378159428450319,0.14234558881918105
16736,0.9235307505346978,0.00771982360547799,0.06874942585982428
16737,0.13671848955484445,0.03186123375125776,0.8314202766938977
16738,0.9288863803401418,0.005147066213682175,0.06596655344617602
16739,0.9688977126985173,0.0004692913732170747,0.030632995928265624
16740,0.47562128804942105,0.011767508915053628,0.5126112030355253
16741,0.37529567035663247,0.19474838766600955,0.4299559419773581
16742,0.014158082396747334,0.003453372392908003,0.9823885452103446
16743,0.9448223687662454,0.023254688160045382,0.03192294307370933
16744,0.9369951485042294,0.0016614298227036856,0.06134342167306695
16745,0.8160389479666807,0.02117982563434056,0.16278122639897874
16746,0.9760267170683729,0.0040827199160820725,0.01989056301554517
16747,0.09392379555807126,0.030744528979726446,0.8753316754622023
16748,0.9762297153372109,0.0011412567696046795,0.022629027893184397
16749,0.6701742341049222,0.0021103609895669596,0.3277154049055107
16750,0.19655026704599507,0.17817217121600687,0.6252775617379982
16751,0.9845751472066765,0.0008981166777287466,0.014526736115594777
16752,0.9675064635414137,0.0024875463393693544,0.030005990119216876
16753,0.9129389600810138,0.0010355782533790258,0.08602546166560708
16754,0.9770856380101965,0.0036288695309488607,0.01928549245885457
16755,0.9743359481645643,0.0007283096989501032,0.02493574213648572
16756,0.8060710312938265,0.06670023933812128,0.12722872936805207
16757,0.9665268407274535,0.021859960721509565,0.011613198551036786
16758,0.9825292400368038,0.003322557082955437,0.014148202880240879
16759,0.9049444272789742,0.0046210961759515405,0.09043447654507437
16760,0.975099637820346,0.008614980055874395,0.016285382123779682
16761,0.9877250205441567,0.006312010843699739,0.0059629686121436066
16762,0.6380206378318076,0.004587274616671451,0.3573920875515209
16763,0.8264350690916595,0.026874718824495856,0.1466902120838446
16764,0.7972268731970151,0.005837356974091885,0.19693576982889294
16765,0.8060829660304755,0.009572732339133931,0.18434430163039062
16766,0.0236387917400793,0.0007781853151924206,0.9755830229447282
16767,0.9342935501108726,0.016048144917565944,0.04965830497156144
16768,0.02234305794166716,0.00025302694338861934,0.9774039151149443
16769,0.9424689838629163,0.04318629614125012,0.014344719995833644
16770,0.6345531860835079,0.022687728881336286,0.34275908503515573
16771,0.16408128801127753,0.013057440124354782,0.8228612718643677
16772,0.022277298444455012,0.002373131996713595,0.9753495695588315
16773,0.5940625453517809,0.001906902406566338,0.4040305522416527
16774,0.9485770129840796,0.022065243732374944,0.02935774328354543
16775,0.9179414385360233,0.006432676608357233,0.07562588485561955
16776,0.024545837122433294,0.0010366340428809677,0.9744175288346857
16777,0.9731079520811714,0.010247822368738016,0.016644225550090645
16778,0.9166424342261891,0.02748842297070223,0.05586914280310857
16779,0.9447708045754912,0.01367144089077413,0.041557754533734684
16780,0.8981031201111856,0.005870140643991197,0.09602673924482304
16781,0.9925463631789253,0.0005049495381059792,0.006948687282968653
16782,0.7373478285961627,0.013516591115276954,0.24913558028856037
16783,0.9641205016184946,0.0032200626559221405,0.03265943572558319
16784,0.8816270415080115,0.003467516177755808,0.11490544231423269
16785,0.977860673629953,0.007390995388034671,0.014748330982012437
16786,0.9593777511253615,0.011670514282774826,0.0289517345918637
16787,0.002323299192147183,0.0019781135538790213,0.9956985872539739
16788,0.9222708737353801,0.016428334776381646,0.06130079148823832
16789,0.012086473774130373,0.0030069113898638315,0.9849066148360058
16790,0.9273608667223747,0.003981851393053741,0.06865728188457158
16791,0.9269776885438712,0.004654812720225633,0.06836749873590306
16792,0.8737502128230831,0.05889058361307822,0.06735920356383868
16793,0.8507880021851304,0.006325434677044853,0.14288656313782475
16794,0.7880648283130871,0.009234489772327707,0.20270068191458515
16795,0.4880510635935708,0.020536970990600558,0.4914119654158287
16796,0.8620973893535734,0.016187848434092506,0.12171476221233411
16797,0.018348602385673467,0.0011136555720519187,0.9805377420422746
16798,0.8133370104981593,0.1005743584749591,0.08608863102688165
16799,0.8095007020168573,0.00287735871227516,0.18762193927086768
16800,0.03347801956764477,0.0017806860260696825,0.9647412944062855
16801,0.9372811688160646,0.03368317380475832,0.029035657379177102
16802,0.8074610306272244,0.004081552820039475,0.18845741655273618
16803,0.16480392713549588,0.005840006126341157,0.8293560667381629
16804,0.05169183091904964,0.005520879254497351,0.942787289826453
16805,0.1663703233142354,0.07159514529907027,0.7620345313866943
16806,0.8592898618873895,0.0018174886657982938,0.1388926494468123
16807,0.9851626037661776,0.0013331579221415818,0.0135042383116807
16808,0.9836843602089261,0.007823097106703607,0.008492542684370377
16809,0.5069362579817359,0.018366797771648513,0.47469694424661557
16810,0.5530547928414434,0.0018442049787843863,0.44510100217977233
16811,0.04176003533671058,0.006494951972087365,0.951745012691202
16812,0.3707507317473901,0.019375276445119095,0.6098739918074909
16813,0.9439015965976915,0.0028527214349604894,0.05324568196734808
16814,0.9242750431037886,0.0005463126410839964,0.07517864425512752
16815,0.4226239138060594,0.0020304931549753836,0.5753455930389653
16816,0.852631317566148,0.013070628268367577,0.13429805416548452
16817,0.7789007624227936,0.014020275995913024,0.20707896158129346
16818,0.9723098452590566,0.010188323024973982,0.017501831715969408
16819,0.7100425049883157,0.05227209827222297,0.23768539673946149
16820,0.9702407132310437,0.01172297428540587,0.018036312483550362
16821,0.07874173400987887,0.002654640090364542,0.9186036258997566
16822,0.9660355724687111,0.0004528974606805183,0.03351153007060843
16823,0.959979706430621,0.0025875791775932357,0.03743271439178573
16824,0.8760356508321018,0.005560397916852379,0.11840395125104587
16825,0.951484731261305,0.013925117548145868,0.03459015119054921
16826,0.6890113016371637,0.015528470470998049,0.29546022789183823
16827,0.3456215772684869,0.050639364373517896,0.6037390583579952
16828,0.013061696241145311,0.0020979989104587845,0.9848403048483959
16829,0.9724168873258481,0.004640496674866321,0.022942615999285564
16830,0.6260278847980014,0.0005415855946740634,0.37343052960732454
16831,0.022486888955753705,0.001752219611962156,0.9757608914322841
16832,0.9445407251695083,0.002344634504895896,0.05311464032559577
16833,0.989980336612248,0.0003099987104271568,0.0097096646773247
16834,0.9704450020287662,0.0013430331991532236,0.028211964772080475
16835,0.09694547929203674,0.010559194831874473,0.8924953258760887
16836,0.8159459331221536,0.015221083029343371,0.16883298384850307
16837,0.5757976021184014,0.11604266919956746,0.3081597286820313
16838,0.8572609385274461,0.018886694113748024,0.12385236735880585
16839,0.9736826798075351,0.01179653166761122,0.014520788524853851
16840,0.09399238823636126,0.004549430609758778,0.9014581811538799
16841,0.9835764981124432,0.003472940552909958,0.01295056133464699
16842,0.8676985167118529,0.015346432369736344,0.11695505091841071
16843,0.9851783449963684,0.003109328861550179,0.011712326142081465
16844,0.9171843923925429,0.00034877355489890756,0.0824668340525582
16845,0.9883941717953578,0.00022210202696014468,0.01138372617768194
16846,0.977709384436471,0.0017658503743509767,0.02052476518917805
16847,0.05697118561894309,0.000633461289087646,0.9423953530919692
16848,0.009078204849146055,0.0011256877160703907,0.9897961074347835
16849,0.9538278605638303,0.0010743118940883512,0.04509782754208135
16850,0.9230968285600055,0.0508716171326925,0.026031554307301946
16851,0.8333355580865628,0.03598656096615387,0.13067788094728325
16852,0.9438475298194224,0.013183515958065316,0.042968954222512165
16853,0.41628221380063146,0.007709585964784515,0.576008200234584
16854,0.9548161068603813,0.0014980424877278121,0.043685850651890776
16855,0.9708590162880666,0.0030925120122650253,0.026048471699668264
16856,0.8735892516354673,0.0036900839446966,0.12272066441983616
16857,0.8644434621205241,0.018343654586249612,0.11721288329322635
16858,0.9690807155736167,0.001500459556624804,0.029418824869758452
16859,0.9023719284352025,0.004531327735115018,0.09309674382968255
16860,0.5935846729352343,0.033290277866253756,0.37312504919851197
16861,0.008024649081202446,0.003862915448979328,0.9881124354698182
16862,0.9562005660926922,0.020510155297321746,0.023289278609986107
16863,0.0006174925536531066,9.999588839790196e-05,0.999282511557949
16864,0.9815425914795529,0.007294553782473276,0.011162854737973824
16865,0.7745490244507802,0.09487599901050245,0.1305749765387173
16866,0.0502529745317588,0.06414236487288502,0.8856046605953561
16867,0.8706993703482163,0.04715359092410424,0.08214703872767944
16868,0.9605943247990509,0.002984072248147099,0.03642160295280203
16869,0.5837987573331923,0.1310051529030735,0.2851960897637341
16870,0.9434994832483924,0.0015438542311830628,0.05495666252042457
16871,0.8969519853578247,0.0010202635457559224,0.10202775109641936
16872,0.798816086791871,0.0007792624553732873,0.20040465075275565
16873,0.9878150034930964,0.00427597486458575,0.007909021642317757
16874,0.1148106972644454,0.001532965456164872,0.8836563372793897
16875,0.8727499895395318,0.0020032933495594124,0.1252467171109089
16876,0.03730857198810714,0.00047178256344567983,0.9622196454484472
16877,0.9217506526126149,0.053074202627766146,0.02517514475961903
16878,0.9655213768512098,0.002968126328411315,0.03151049682037898
16879,0.018857061292038506,0.0029898226468812643,0.9781531160610802
16880,0.6564140653951938,0.010135044806451854,0.3334508897983544
16881,0.7857171725273755,0.0057131899599592835,0.20856963751266525
16882,0.8044279386456029,0.005854060467192027,0.18971800088720495
16883,0.30044185532778434,0.018069198635502028,0.6814889460367137
16884,0.22160984552665206,0.07742381412781221,0.7009663403455358
16885,0.9783222281377959,0.0038656021138136513,0.01781216974839034
16886,0.9824990610919773,0.0031123789044917283,0.014388560003530998
16887,0.9686388167757124,0.012088495079135569,0.019272688145151994
16888,0.837699479361181,0.00036468527029336225,0.1619358353685255
16889,0.9760349822019251,0.005294981554325936,0.01867003624374892
16890,0.029041980335821106,0.007596321168864077,0.9633616984953147
16891,0.07389428904662688,0.0031403593851802862,0.9229653515681928
16892,0.006303566295247883,0.0006259584933053837,0.9930704752114468
16893,0.05523955831470863,0.0016548099381730665,0.9431056317471184
16894,0.9548392980724206,0.0036037358815500155,0.04155696604602938
16895,0.9762704315182673,0.0005566167533070141,0.023172951728425723
16896,0.9766727963940235,0.000578461398897822,0.02274874220707871
16897,0.9682232979339213,0.025472906418882273,0.006303795647196479
16898,0.8692326606351778,0.02584951145281326,0.10491782791200899
16899,0.9860940486714659,0.005613142473164054,0.008292808855369966
16900,0.0728014127679477,0.1794331264387403,0.7477654607933121
16901,0.8531084687508389,0.024245805121848905,0.12264572612731224
16902,0.09589797171028987,0.001936484209529026,0.9021655440801811
16903,0.9791785394289829,0.0018067015344175286,0.019014759036599587
16904,0.9654101775398041,0.015998228804017547,0.018591593656178237
16905,0.9595598153199881,0.0041968041517448035,0.036243380528267054
16906,0.9477976546716892,0.0007007613400614383,0.05150158398824942
16907,0.9810452653632168,0.004836931543049492,0.014117803093733648
16908,0.10954645669166262,0.006195071635481071,0.8842584716728563
16909,0.9530534895002938,0.001024469679365208,0.045922040820340994
16910,0.977319847862346,0.004967945403256091,0.01771220673439788
16911,0.9203870977238929,0.0007311207844812239,0.07888178149162585
16912,0.9258340819039284,0.004431501281952903,0.06973441681411882
16913,0.9778698428433833,0.0025558726765699796,0.0195742844800468
16914,0.6325306186340122,0.015891199104859456,0.3515781822611284
16915,0.7596117458182875,0.013022270716775893,0.2273659834649367
16916,0.9625128507526538,0.0001276665775593056,0.03735948266978696
16917,0.2787643115289653,0.011240684671899518,0.7099950037991352
16918,0.3755564986025948,0.04800394637445573,0.5764395550229493
16919,0.9768855051602359,0.0009780383351181761,0.02213645650464586
16920,0.26389388393194546,0.004287078334751373,0.7318190377333031
16921,0.9790520123024137,0.0016887761080582814,0.019259211589528154
16922,0.9659265056531147,0.002143475316039238,0.03193001903084611
16923,0.9615351557578788,0.0023690780260625277,0.03609576621605862
16924,0.07954361240561074,0.0075721162785407055,0.9128842713158486
16925,0.6253278938972555,0.014378024954502478,0.360294081148242
16926,0.9888571035503395,0.0010390560799800413,0.010103840369680426
16927,0.7718049394998845,0.0009050005882804439,0.22729005991183518
16928,0.41283212043880857,0.017892001901846335,0.5692758776593451
16929,0.9694735897304484,0.0019368404615081717,0.02858956980804332
16930,0.04891364892867055,0.005892229911723726,0.9451941211596057
16931,0.9884048349540785,0.00017061249700913423,0.011424552548912364
16932,0.8254023245948171,0.01630298577539782,0.15829468962978493
16933,0.8032904631256751,0.043958057681722056,0.15275147919260282
16934,0.9752235972355505,0.0007099933089101343,0.024066409455539298
16935,0.9690385281940028,0.017665265746893685,0.01329620605910347
16936,0.8140139044285588,0.002563847907441083,0.18342224766400017
16937,0.8893345608543498,0.0015041932336578743,0.10916124591199232
16938,0.8858081677328505,0.0036754848556190245,0.11051634741153044
16939,0.5799715494124545,0.021905237238558608,0.39812321334898687
16940,0.9770421798098605,0.001728888503586515,0.02122893168655293
16941,0.9653192993714769,0.02407881379446547,0.01060188683405764
16942,0.4344251166540638,0.001094975675112625,0.5644799076708236
16943,0.038613832316375094,0.04202933445563891,0.919356833227986
16944,0.9799567694410701,0.00261621663209404,0.017427013926835818
16945,0.031229211670780774,0.0014865568822417352,0.9672842314469775
16946,0.7469543449491607,0.05110250492226427,0.20194315012857508
16947,0.8640062715820882,0.012057146369484597,0.12393658204842718
16948,0.2827268567922724,0.035283311708947517,0.6819898314987802
16949,0.797395565281562,0.012275993193572806,0.1903284415248652
16950,0.9731502787753131,0.004903179957808546,0.02194654126687829
16951,0.9770554857588317,0.0033185351553826404,0.019625979085785703
16952,0.38315865200677857,0.06237090652097548,0.5544704414722459
16953,0.952691499355992,0.011821723604896335,0.035486777039111676
16954,0.19992315784406942,0.15511146398201434,0.6449653781739162
16955,0.873698078650082,0.009795716945295277,0.11650620440462264
16956,0.6316571691863642,0.0103449336603718,0.357997897153264
16957,0.9482501046125084,0.018876994283075488,0.032872901104416166
16958,0.9247696750215267,0.0009238098187919887,0.07430651515968129
16959,0.9524838485551635,0.014073590674070525,0.033442560770765885
16960,0.021174393029084075,0.021756006173842376,0.9570696007970735
16961,0.01267677696845902,0.04722149426699219,0.9401017287645488
16962,0.9752433145233893,0.0016566215556951867,0.023100063920915456
16963,0.95775013285192,0.01797238626204616,0.02427748088603389
16964,0.9312839531018173,0.016851693050301014,0.05186435384788155
16965,0.07013221586831203,0.0019867903239096938,0.9278809938077782
16966,0.7021794896898468,0.02220850113144975,0.27561200917870354
16967,0.9331365263495685,0.01363365574440519,0.05322981790602628
16968,0.9281236970282842,0.0010465717682608502,0.07082973120345495
16969,0.8997801617915747,0.006954585873596237,0.09326525233482899
16970,0.8966980598511781,0.011755859293870474,0.09154608085495129
16971,0.9828238423801215,0.0010214562296061904,0.016154701390272093
16972,0.9767174009098692,0.0002823598473733469,0.02300023924275736
16973,0.04663295941503334,0.013670918767753797,0.9396961218172128
16974,0.22078462656444073,0.014043648045687047,0.7651717253898721
16975,0.036509505011457465,0.002835042394797209,0.9606554525937453
16976,0.9815920013526946,0.0026669661387240333,0.01574103250858139
16977,0.8188435690680004,0.009922812464091482,0.17123361846790816
16978,0.8437770142786667,0.0010619738163535352,0.1551610119049798
16979,0.969295224284343,0.014719350607527073,0.015985425108129902
16980,0.636953655347626,0.0005655483861000672,0.36248079626627394
16981,0.01951758979728666,0.003786618075633558,0.9766957921270798
16982,0.960069607494024,0.016229599191191286,0.023700793314784738
16983,0.9766016487772374,0.00650503237942813,0.016893318843334372
16984,0.9636332977460909,0.0022971401267187913,0.0340695621271903
16985,0.986392082591904,0.0023422795432038834,0.01126563786489199
16986,0.01557592856578547,0.003160432306673481,0.9812636391275411
16987,0.9082682711125973,0.0019916907283948383,0.08974003815900783
16988,0.9757494264755262,0.0034322266424710013,0.02081834688200275
16989,0.8643224932831625,0.02335915865470671,0.11231834806213084
16990,0.7119418540522844,0.02967857674025883,0.25837956920745664
16991,0.9336320942493666,0.0038186376683465957,0.06254926808228689
16992,0.9658483906400201,0.003792400595945311,0.030359208764034522
16993,0.0066453812933832054,0.00017623982254488902,0.993178378884072
16994,0.8814332130702006,0.047714887154532495,0.07085189977526699
16995,0.0950503234466407,0.0038892488424292783,0.9010604277109301
16996,0.40952192902504814,0.06186290339470178,0.5286151675802501
16997,0.9527010438554475,0.004205178264779826,0.043093777879772664
16998,0.9712313961607744,0.0004968787140067888,0.02827172512521889
16999,0.9677636782417205,0.005842424152253204,0.026393897606026225
17000,0.9676021965517876,0.02537558124755847,0.00702222220065397
17001,0.6501356661641532,0.008516452171791616,0.3413478816640552
17002,0.5958647989167608,0.1796042210077,0.2245309800755393
17003,0.004705855686067238,0.001426595154340722,0.9938675491595921
17004,0.0429117755659197,0.005575463034186527,0.9515127613998937
17005,0.9695503293644365,0.0006343562295080633,0.029815314406055348
17006,0.9447083805677676,0.00027642273791944036,0.055015196694313
17007,0.88090313835149,0.00658493454331731,0.11251192710519267
17008,0.19565262515783782,0.0015557724861374452,0.8027916023560248
17009,0.14163588978815947,0.02476367882265475,0.8336004313891858
17010,0.320678160614773,0.02027757801220037,0.6590442613730266
17011,0.9948640980868314,0.0002410916869416687,0.004894810226226884
17012,0.05847253790346556,0.005247234008621049,0.9362802280879134
17013,0.9515978957985383,0.0008481610915152731,0.04755394310994657
17014,0.8344590645285515,0.007481221925473135,0.15805971354597534
17015,0.17775383124812327,0.002957874771330715,0.819288293980546
17016,0.8601942933541562,0.042408023078249216,0.09739768356759458
17017,0.0021276071819822306,0.00028987400066684605,0.9975825188173509
17018,0.9898923223244839,0.0008277392842690282,0.009279938391247107
17019,0.9132284824783737,0.002135823804641033,0.08463569371698525
17020,0.7549698898924355,0.009414610435285355,0.23561549967227918
17021,0.8115218558630156,0.11858117149884634,0.06989697263813796
17022,0.7721348368297606,0.05213166585018011,0.17573349732005933
17023,0.22372807848055326,0.040364926230991784,0.735906995288455
17024,0.8688687937002085,0.005527773072012105,0.12560343322777937
17025,0.9484004041417449,0.004763482322627541,0.0468361135356276
17026,0.37235388383794316,0.2893910269956816,0.33825508916637526
17027,0.10205631251919796,0.11787596832292827,0.7800677191578738
17028,0.7637441215489045,0.011925812957244127,0.22433006549385137
17029,0.9775241964194676,0.002222440201766454,0.02025336337876599
17030,0.19314860707350218,0.06674873939843845,0.7401026535280594
17031,0.9390555965278512,0.0035908667794617476,0.05735353669268697
17032,0.5758455463992759,0.0736269658607114,0.3505274877400127
17033,0.7545662659384246,0.0030726987080294224,0.24236103535354597
17034,0.916469017240745,0.005381464690171325,0.07814951806908356
17035,0.5012939666941453,0.009227763349137313,0.48947826995671745
17036,0.8630315727781941,0.0038393412010538737,0.133129086020752
17037,0.17475131489131354,0.02758491804728808,0.7976637670613984
17038,0.00556329168640831,0.00012927916152846415,0.9943074291520633
17039,0.3693440696399934,0.004677235274561986,0.6259786950854447
17040,0.18451915173582323,0.006068942588391616,0.8094119056757851
17041,0.15020473966212547,0.0041297545080672135,0.8456655058298074
17042,0.005519417928089861,0.00026523547090296745,0.9942153466010072
17043,0.3179622478510657,0.4832931296151231,0.1987446225338111
17044,0.9364166309266727,0.0014899345589471612,0.06209343451438006
17045,0.9717009439278277,0.0006067278228637517,0.027692328249308642
17046,0.9080311805810923,0.0020990381177506913,0.08986978130115701
17047,0.9666540222809478,0.00037268910805138066,0.03297328861100075
17048,0.8228579850139238,0.07446657861440419,0.10267543637167195
17049,0.9548316886975953,0.010745220646055707,0.03442309065634897
17050,0.946156618438778,0.027609228223603316,0.026234153337618683
17051,0.1349207522531929,0.005762696450207149,0.8593165512966
17052,0.13003440232567515,0.010303545440144848,0.8596620522341799
17053,0.01381810284762504,0.0022815562677529883,0.9839003408846219
17054,0.9349062503054215,0.008549863781392287,0.056543885913186216
17055,0.982807588318029,0.012293833568932351,0.004898578113038747
17056,0.03291393982165335,0.00932978718667692,0.9577562729916698
17057,0.6116762973932877,0.026225735007741155,0.3620979675989713
17058,0.005647142048767542,0.001203908616048152,0.9931489493351843
17059,0.9368381023202293,0.05042864586217665,0.01273325181759408
17060,0.9823317424589294,0.006233239956634614,0.011435017584436023
17061,0.09536106132428848,0.005789227116962137,0.8988497115587494
17062,0.1374578097640342,0.014845521757010004,0.8476966684789558
17063,0.6241625520928922,0.30658977802702014,0.06924766988008751
17064,0.9484088409453941,0.008157029920259243,0.04343412913434665
17065,0.9800711689413171,0.002755530314536375,0.017173300744146573
17066,0.9699447283626601,0.0026439749990570323,0.027411296638282866
17067,0.9275133356708063,0.00031664523238261,0.07217001909681116
17068,0.3130827586313605,0.017995721851299572,0.6689215195173399
17069,0.9794681639993598,0.009911467972390122,0.010620368028250187
17070,0.4174120887587559,0.180364847858876,0.402223063382368
17071,0.09811159659324871,0.0027293904188552148,0.8991590129878961
17072,0.897590225308608,0.0019762319705496825,0.10043354272084239
17073,0.8722762416816248,0.1039290004289944,0.023794757889380784
17074,0.9674519766087935,0.007654904729675927,0.024893118661530562
17075,0.12330308923465967,0.007821234566141592,0.8688756761991986
17076,0.9713192263948882,0.0017235186642850894,0.026957254940826764
17077,0.9725998188858164,0.0015593274789763455,0.025840853635207398
17078,0.9850595359948909,0.000625834084059797,0.014314629921049277
17079,0.9665021828046907,0.01341555347356465,0.02008226372174457
17080,0.9643522354834831,0.0004937769332830219,0.03515398758323389
17081,0.9890971816097377,0.0005048502733133212,0.01039796811694895
17082,0.03171025046877095,0.003904128110695996,0.964385621420533
17083,0.9596299861244694,0.0008983066813275978,0.03947170719420312
17084,0.9686047661989124,0.00045609207429965975,0.030939141726787994
17085,0.9710563858933899,0.00806464272644897,0.020878971380161024
17086,0.9206406485886917,0.023264834612684946,0.05609451679862337
17087,0.1393231508395455,0.005052336361541387,0.855624512798913
17088,0.8333173776674518,0.050289633157606956,0.11639298917494127
17089,0.9690642984198272,0.0010245591973180358,0.029911142382854757
17090,0.9153207636954452,0.0007178540975799648,0.08396138220697487
17091,0.9339799643618751,0.001665386182156852,0.0643546494559681
17092,0.04201209399924787,0.0019639853444012615,0.9560239206563508
17093,0.9327090662063519,0.022824545335341888,0.04446638845830624
17094,0.042491041403781175,0.0006413031972405458,0.9568676553989782
17095,0.6152083174023026,0.003277284364812119,0.38151439823288535
17096,0.9346087294973211,0.001093026235430577,0.06429824426724834
17097,0.781676388762507,0.003672654258104569,0.21465095697938846
17098,0.9561769945011819,0.0033729560307290594,0.04045004946808913
17099,0.9750205410344539,0.014000761373946033,0.010978697591600002
17100,0.7774883871435805,0.01269179447054228,0.20981981838587727
17101,0.5985925667631384,0.10410150243425431,0.29730593080260714
17102,0.9742398082484176,0.0019853910438249454,0.023774800707757365
17103,0.9428575588359083,0.03976887762868013,0.017373563535411574
17104,0.4961562555783962,0.0007222607780929155,0.5031214836435108
17105,0.9978443903862606,0.0006010927511862659,0.001554516862553178
17106,0.5412782969013017,0.07046539517392349,0.38825630792477495
17107,0.9142041765354874,0.00913351941398974,0.07666230405052284
17108,0.9536127739013774,0.00482111286393578,0.041566113234686806
17109,0.7410962199665675,0.015345783389104655,0.2435579966443279
17110,0.9440965736032488,0.0068918685591192064,0.04901155783763184
17111,0.9787763290429204,0.0022168699311798483,0.01900680102589977
17112,0.5391269592356305,0.009468439608530738,0.4514046011558388
17113,0.5339836807431414,0.027426195292277623,0.438590123964581
17114,0.9529906936559159,0.001428180432103651,0.045581125911980415
17115,0.38623741089070196,0.125183803615462,0.4885787854938361
17116,0.9853530252318358,0.0025925002842038143,0.012054474483960393
17117,0.9146964233110755,0.0006918902118179778,0.08461168647710654
17118,0.8772605246516493,0.0024180484182032957,0.12032142693014755
17119,0.9051317487836784,0.0052637661123602734,0.08960448510396142
17120,0.6785395042364172,0.012830185746412839,0.30863031001717
17121,0.2879270879697463,0.4290826324804291,0.2829902795498247
17122,0.9867482452586281,0.0038751885871758118,0.009376566154195963
17123,0.9679464949989506,0.001831735134163956,0.03022176986688541
17124,0.3705919459436533,0.13596975312084372,0.49343830093550306
17125,0.24218006971143144,0.2697556404083849,0.4880642898801838
17126,0.8868904307382602,0.015276491636140645,0.0978330776255991
17127,0.9306669651541478,0.02002506599416986,0.049307968851682246
17128,0.9614256388844716,0.009839926119123907,0.028734434996404417
17129,0.7773861704815975,0.04058540310420062,0.1820284264142019
17130,0.09250354957588738,0.013815956399028259,0.8936804940250843
17131,0.0004802584057531109,0.00016439655735504054,0.9993553450368918
17132,0.9835859050582001,0.0013030315715521763,0.015111063370247691
17133,0.24895157882964547,0.0026668935753719493,0.7483815275949827
17134,0.7212375545691003,0.01048150497925867,0.268280940451641
17135,0.014203174770401839,0.0006918571564650918,0.9851049680731332
17136,0.05005474406540481,0.0013398605462218757,0.9486053953883733
17137,0.761137114684291,0.01143391920094713,0.22742896611476188
17138,0.7477926070793379,0.02734484049290847,0.22486255242775363
17139,0.6497663969352391,0.04617582508728851,0.3040577779774724
17140,0.4742195592545902,0.002732046028527402,0.5230483947168826
17141,0.10306036609455504,0.004478052048833003,0.8924615818566121
17142,0.5182113017897169,0.07108385517262353,0.4107048430376597
17143,0.022456553243642693,0.03935758238194519,0.9381858643744122
17144,0.31611349107531844,0.019482273271526924,0.6644042356531547
17145,0.994027116598883,0.0014665612213407664,0.004506322179776365
17146,0.9458967777979851,0.0026432139708207386,0.05146000823119396
17147,0.29040437657820184,0.0021650610397005244,0.7074305623820978
17148,0.4472616099759549,0.010561961670693605,0.5421764283533514
17149,0.9744693826321964,0.0018542366732422367,0.02367638069456134
17150,0.8546293743626052,0.0030441602992197503,0.14232646533817517
17151,0.14826344215480472,0.004336953000180786,0.8473996048450145
17152,0.9631404771799913,0.001322422540990791,0.03553710027901791
17153,0.977245664851245,0.001350526839376254,0.021403808309378748
17154,0.9636355189233758,0.0007460893431908139,0.03561839173343332
17155,0.9654269476359657,0.009107837373039857,0.02546521499099437
17156,0.11608563502948376,0.018911140469707106,0.8650032245008091
17157,0.07112341892752402,0.004383865919566509,0.9244927151529094
17158,0.01467494657764748,0.0017224552670429831,0.9836025981553095
17159,0.9299602384539992,0.03996832670721589,0.03007143483878486
17160,0.9779422714546294,0.0003779185637115659,0.02167980998165906
17161,0.3323049472504604,0.5203251590537875,0.14736989369575196
17162,0.061841687087648645,0.0041977123893675375,0.9339606005229838
17163,0.02693239516244407,0.0016224814008516818,0.9714451234367043
17164,0.975726015995571,0.0010776205304735837,0.0231963634739554
17165,0.4349842008743102,0.05520927669800527,0.5098065224276844
17166,0.7085786264274794,0.22395991349499367,0.06746146007752697
17167,0.9813906991143795,0.0006939381975465738,0.01791536268807388
17168,0.7715392476902269,0.02632881293395068,0.20213193937582233
17169,0.2344745063705504,0.021092799969821576,0.744432693659628
17170,0.44287578749311984,0.03426515996509121,0.522859052541789
17171,0.0983823059544471,0.0027116900992090994,0.8989060039463438
17172,0.9692003783390863,0.002414327525946372,0.028385294134967345
17173,0.03419255461801525,0.001966147379833063,0.9638412980021517
17174,0.5972747632502082,0.05611401717119672,0.3466112195785951
17175,0.8348846439150915,0.0015201106723663873,0.16359524541254214
17176,0.008389030265103804,0.000549882484542743,0.9910610872503535
17177,0.8344801635840613,0.0027162668648044517,0.16280356955113431
17178,0.9401069797706472,0.04871752375935808,0.011175496469994712
17179,0.9309550283632305,0.005324591123581995,0.06372038051318758
17180,0.0010166058922737441,0.00021532825786174084,0.9987680658498646
17181,0.8570258942838461,0.0029527274953170864,0.14002137822083674
17182,0.062201741254957865,0.002873024951335396,0.9349252337937068
17183,0.14726550415940548,0.009661267378658533,0.8430732284619359
17184,0.18443844008825913,0.01055993481812468,0.8050016250936162
17185,0.9722289810944467,0.011407724091819131,0.016363294813734202
17186,0.8978994543722822,0.0033889976291324214,0.09871154799858528
17187,0.5094173732367671,0.08862736113604,0.40195526562719297
17188,0.97171747461485,0.005270836780513762,0.023011688604636392
17189,0.1705043565153486,0.01125960872959051,0.8182360347550608
17190,0.9796701146336896,0.00835933301539497,0.011970552350915438
17191,0.9693702954885663,0.0009833953105032407,0.029646309200930487
17192,0.016750483084981418,0.00046600101218355187,0.9827835159028351
17193,0.9496312146492532,0.011861572056394506,0.03850721329435238
17194,0.8393821116181991,0.013337805408893394,0.14728008297290757
17195,0.9059243147825806,0.0013942008073141428,0.09268148441010524
17196,0.4222329844095285,0.04528915263320562,0.532477862957266
17197,0.15268106316655355,0.01935969818972746,0.827959238643719
17198,0.17201174457498514,0.04568164757616375,0.7823066078488511
17199,0.6846617693921525,0.015337277896205757,0.30000095271164173
17200,0.007210843890022473,0.001128639138598422,0.9916605169713791
17201,0.9544973985764661,0.013144899437901923,0.03235770198563192
17202,0.9732862803023327,0.013259711741035548,0.013454007956631826
17203,0.8673473745283569,0.005101223884198478,0.12755140158744463
17204,0.8969463767239368,0.0031637508809096247,0.09988987239515361
17205,0.09545517268448908,0.003074486924388069,0.9014703403911228
17206,0.8878020699985685,0.05738550751216073,0.0548124224892708
17207,0.9506504603517635,0.03220909209820074,0.01714044755003584
17208,0.6212218002800916,0.01155148317489129,0.36722671654501715
17209,0.9698606939918006,0.009427522795324057,0.02071178321287535
17210,0.7915943472801434,0.010239193902125502,0.1981664588177311
17211,0.9248036892909177,0.006759254748542774,0.06843705596053949
17212,0.9729240792293903,0.004641145793459238,0.022434774977150476
17213,0.9719905908711731,0.01722560577711068,0.010783803351716274
17214,0.9199793082893554,0.0017587799352955984,0.07826191177534908
17215,0.9516857437615986,0.007894516250798412,0.04041973998760289
17216,0.9129774797750646,0.010788813040565925,0.07623370718436953
17217,0.21290727557207048,0.016966091840665304,0.7701266325872643
17218,0.6966777613103096,0.009709307135316422,0.29361293155437396
17219,0.9751845976090938,0.00599700394156494,0.01881839844934123
17220,0.8816330510578158,0.010824078931099167,0.10754287001108512
17221,0.9711193281826545,0.011774988753341308,0.017105683064004316
17222,0.9774431867803887,0.0023896597468848497,0.020167153472726483
17223,0.9807608913228729,0.007261224882035542,0.01197788379509162
17224,0.1103057754790151,0.0013607695434283886,0.8883334549775564
17225,0.31411303918964006,0.017755215392321354,0.6681317454180387
17226,0.9073003274261773,0.02614084320272891,0.06655882937109388
17227,0.7979180024905974,0.06565250029425299,0.1364294972151496
17228,0.1768505811310559,0.025620470638786395,0.7975289482301577
17229,0.9672185130584168,0.004081658477834534,0.02869982846374867
17230,0.18426220939186644,0.10221307317590754,0.7135247174322261
17231,0.02901796699872985,0.03699263911026623,0.9339893938910039
17232,0.9258723833306075,0.012337832204747065,0.0617897844646455
17233,0.008106696535018363,0.0030585021491512745,0.9888348013158305
17234,0.9774135213862104,0.002641983264591079,0.019944495349198597
17235,0.9764830522167871,0.003574895701629528,0.019942052081583464
17236,0.978677355161972,0.00040018807624001934,0.020922456761787955
17237,0.9709043847475164,0.0029587385583258077,0.02613687669415784
17238,0.018205816702275533,0.00589065888224529,0.9759035244154792
17239,0.9608296465595247,0.0003422231996176898,0.03882813024085756
17240,0.30923900023493717,0.01148402290685801,0.6792769768582049
17241,0.3377672951694709,0.007294683558994123,0.654938021271535
17242,0.970946899223547,0.019624203441865693,0.009428897334587186
17243,0.022486548634506814,0.0040784921167780624,0.973434959248715
17244,0.41609876458074674,0.021235993395804332,0.5626652420234489
17245,0.9747096583178442,0.001590818781419781,0.023699522900736052
17246,0.0833217609654018,0.5085892199888685,0.4080890190457297
17247,0.022572413809447953,0.006568015955319117,0.9708595702352328
17248,0.9702118695728595,0.0026587133670043987,0.027129417060136007
17249,0.37435479504452945,0.000952603011921274,0.6246926019435494
17250,0.19322130429754047,0.00842758668077315,0.7983511090216865
17251,0.6951752718721754,0.009166060149088478,0.29565866797873597
17252,0.9752139261028656,0.002460329179144301,0.02232574471799007
17253,0.9718267273120329,0.008050623420008021,0.020122649267959106
17254,0.2772661699537452,0.026752386778210638,0.6959814432680441
17255,0.18609209178997863,0.003356664081426968,0.8105512441285944
17256,0.5113715822981058,0.0016674490118157568,0.4869609686900785
17257,0.5862998840502125,0.005692690253851463,0.408007425695936
17258,0.011502717024913216,0.002616154028694706,0.9858811289463921
17259,0.8161959201441685,0.01981992528697159,0.1639841545688599
17260,0.0334872375816758,0.00902397188067382,0.9574887905376503
17261,0.2360504482116285,0.03793721049592998,0.7260123412924415
17262,0.3568348709524796,0.005627586958573511,0.6375375420889469
17263,0.19138671013924824,0.006751437483154832,0.801861852377597
17264,0.028415369250657928,0.002861677374048546,0.9687229533752936
17265,0.7335082326287871,0.0016134732204250424,0.26487829415078784
17266,0.969268046106207,0.0018271161667155879,0.028904837727077526
17267,0.9525872225632531,0.02031150067320899,0.027101276763537893
17268,0.6013964402073382,0.16611648599324713,0.23248707379941475
17269,0.001395279139478635,0.0011551523459320233,0.9974495685145894
17270,0.9682303196158207,0.010934636705541269,0.02083504367863805
17271,0.06353992784214858,0.022796681753631764,0.9136633904042196
17272,0.3881956095271779,0.12042181178387315,0.491382578688949
17273,0.8435612322225544,0.0681501879551541,0.0882885798222916
17274,0.05043763798427883,0.004863893483837756,0.9446984685318834
17275,0.9581474258957888,0.0019799606113720305,0.039872613492839076
17276,0.8581064869398797,0.058823149922686696,0.08307036313743346
17277,0.09456242891447737,0.001572045837418959,0.9038655252481036
17278,0.9561992771766128,0.02049402046343758,0.02330670235994963
17279,0.190080975661704,0.03897040872232366,0.7709486156159725
17280,0.95121304286184,0.005573123937978732,0.04321383320018115
17281,0.9427766175294836,0.0007974045616773056,0.0564259779088391
17282,0.5849215213371767,0.010232846032352357,0.404845632630471
17283,0.9443965938302311,0.00183981933551865,0.05376358683425023
17284,0.9834225246499022,0.003938228536616331,0.01263924681348135
17285,0.3572014965174381,0.01690797726350111,0.6258905262190606
17286,0.8652016665313482,0.012069520210284712,0.12272881325836707
17287,0.9074544930765858,0.01883578312427826,0.07370972379913604
17288,0.17949690711370778,0.01883515603829474,0.8016679368479975
17289,0.7938482384406099,0.02964603097519371,0.17650573058419647
17290,0.9166883329155218,0.006574423696689279,0.07673724338778898
17291,0.08778855159251067,0.014540071646718547,0.8976713767607707
17292,0.8727725453559502,0.005056136234347855,0.122171318409702
17293,0.8596353704924992,0.020959496555756286,0.11940513295174457
17294,0.9376946379605385,0.01730453845767964,0.04500082358178175
17295,0.021224502092464795,0.002782187240208381,0.9759933106673269
17296,0.9835287409647696,0.00206969713702322,0.014401561898207243
17297,0.7336560248776772,0.18144264725974896,0.0849013278625738
17298,0.9895636136842,0.0011018885828789535,0.009334497732921098
17299,0.5062744891217122,0.002347298949538397,0.4913782119287493
17300,0.9601362135156702,0.004512882014589133,0.035350904469740645
17301,0.8436959934502405,0.00727293568753255,0.14903107086222686
17302,0.9808333479108782,0.0032401093469791907,0.015926542742142585
17303,0.9680755492581782,0.0038776509702787747,0.02804679977154313
17304,0.9291846542458327,0.03568476410468604,0.03513058164948122
17305,0.9764867690243904,0.0006174497348185175,0.022895781240791054
17306,0.9588129996693959,0.0014881665092543893,0.03969883382134965
17307,0.022528685129292902,0.0010973476606269128,0.9763739672100801
17308,0.006231718429350058,0.00029395554712392227,0.9934743260235261
17309,0.9744634998862864,0.0005324024817698931,0.025004097631943722
17310,0.9883609033691124,0.005460889851384184,0.006178206779503252
17311,0.38209468412125547,0.19909943246139383,0.4188058834173508
17312,0.02262010985823328,0.003852110791841188,0.9735277793499255
17313,0.06931837224644347,0.0017351162361686932,0.9289465115173877
17314,0.7027606452124054,0.020788767042166544,0.27645058774542797
17315,0.67748460456567,0.2119433254933363,0.11057206994099363
17316,0.35017408704861963,0.38130560333934044,0.2685203096120399
17317,0.7975407247381093,0.07816678093051278,0.12429249433137787
17318,0.28192474081258984,0.005461001921292739,0.7126142572661175
17319,0.9102093543858478,0.010679308687223008,0.07911133692692923
17320,0.8650078505826339,0.014642147063775066,0.12035000235359106
17321,0.0021845669317209844,0.0005107984836643698,0.9973046345846146
17322,0.9835567887418246,0.0018890912743299295,0.014554119983845464
17323,0.3356132863387885,0.010400378231705667,0.6539863354295059
17324,0.312575568369373,0.00543550839580951,0.6819889232348174
17325,0.7260908370398632,0.009057075808430728,0.264852087151706
17326,0.44769402379889045,0.1298410677422035,0.42246490845890594
17327,0.9109848541693939,0.06042545183511357,0.02858969399549252
17328,0.9628321845737128,0.008010910992612872,0.029156904433674465
17329,0.9855759482341413,0.0008457915393386401,0.013578260226520124
17330,0.5863285390262957,0.2143549578791068,0.19931650309459759
17331,0.9473816018913963,0.007792721036581595,0.04482567707202204
17332,0.8456846344278754,0.006502944439278776,0.14781242113284584
17333,0.9835294544828896,0.0020624766345537443,0.014408068882556723
17334,0.8214655169932525,0.00555909977159364,0.1729753832351539
17335,0.8104337704368929,0.14426656583395053,0.04529966372915659
17336,0.3526218206193912,0.0011195645243228507,0.6462586148562859
17337,0.8201196505092289,0.022025686907281107,0.15785466258348999
17338,0.996017297668675,0.0005919538023245925,0.0033907485290004787
17339,0.9406263076877421,0.004139961800100667,0.05523373051215734
17340,0.2167810502560054,0.009289764000933292,0.7739291857430615
17341,0.8921240156818924,0.0767401450504855,0.031135839267622156
17342,0.9616485901252245,0.015016269436338608,0.02333514043843692
17343,0.9095864547503396,0.0031266170082209963,0.08728692824143935
17344,0.31248135332017674,0.012207753006426118,0.6753108936733971
17345,0.05088839060993688,0.14605972839307238,0.8030518809969907
17346,0.6259160479962771,0.00627156020566749,0.3678123917980554
17347,0.9904488929924951,0.00047840234857000414,0.009072704658934965
17348,0.0235127198995401,0.01583777571108869,0.9606495043893711
17349,0.9447932483792528,0.011778849924533976,0.04342790169621325
17350,0.0762095183405628,0.0011096937726618958,0.9226807878867753
17351,0.8250357538499896,0.002232352126770167,0.17273189402324027
17352,0.04107102847975148,0.00429402117200679,0.9546349503482418
17353,0.22484996622573147,0.006369573307989788,0.7687804604662788
17354,0.9842085715766943,0.0007271372439640113,0.015064291179341703
17355,0.9923359926622656,0.0013588215820859288,0.006305185755648381
17356,0.17731383472281093,0.003239754851151728,0.8194464104260374
17357,0.8265153031639982,0.017396897654544097,0.1560877991814576
17358,0.8677451959934152,0.007272594943314611,0.12498220906327016
17359,0.7674542284237625,0.0016553365449511414,0.2308904350312863
17360,0.6949318910575105,0.030461811717786266,0.2746062972247032
17361,0.02014324208070315,0.0034267462138306867,0.9764300117054662
17362,0.06689696643731491,0.001984633870419956,0.9311183996922651
17363,0.8946592965296815,0.005684834870954367,0.09965586859936414
17364,0.9405479299268946,0.005065516811771295,0.05438655326133409
17365,0.8681969379544148,0.0029096146886790886,0.12889344735690617
17366,0.03430343147266216,0.006579572822860833,0.959116995704477
17367,0.8434493387040791,0.003218628673964969,0.15333203262195585
17368,0.5806601846510172,0.00315367366186755,0.4161861416871152
17369,0.7196022285175447,0.008871888200213831,0.2715258832822414
17370,0.09930596836197589,0.03144746535583866,0.8692465662821854
17371,0.9604003953225004,0.001053730671907886,0.03854587400559172
17372,0.9965472772450843,0.0010163612049480526,0.002436361549967739
17373,0.6764253260186591,0.09464261046602593,0.228932063515315
17374,0.9487685490646176,0.040591004150739456,0.010640446784642951
17375,0.9305700719633713,0.0052335853646745065,0.06419634267195434
17376,0.9676300689828484,0.0004998184613181116,0.031870112555833566
17377,0.9751294961104392,0.017662049322649913,0.007208454566910827
17378,0.8300900368983396,0.023419739474817222,0.14649022362684308
17379,0.7721993205867496,0.1237411490879408,0.10405953032530967
17380,0.4936872445289098,0.021787494861199106,0.48452526060989115
17381,0.9603704648805085,0.017056777079626547,0.022572758039864926
17382,0.9479371251396165,0.026360122728531613,0.025702752131851844
17383,0.9757207779888627,0.004020299022704832,0.020258922988432432
17384,0.18409078724985625,0.0048767777067819955,0.8110324350433618
17385,0.7928763126507397,0.015481465176966257,0.19164222217229426
17386,0.9673826126915607,0.009489074267615515,0.023128313040823825
17387,0.007481154367668449,0.015102782690706675,0.9774160629416248
17388,0.951543466897721,0.0038029736588702473,0.0446535594434087
17389,0.10759803328570759,0.005623196862997952,0.8867787698512944
17390,0.9141254577178892,0.01137750074724004,0.07449704153487068
17391,0.9617807833035547,0.0002344623755605357,0.03798475432088499
17392,0.9878014393327934,0.00029219256503237726,0.011906368102174216
17393,0.9588432979328199,0.0029582064511063677,0.03819849561607364
17394,0.943311351318252,0.008035666303675193,0.04865298237807285
17395,0.4641207071189159,0.0041052140278514055,0.5317740788532327
17396,0.8683311580259306,0.03756321049532752,0.09410563147874192
17397,0.9785727259257736,0.0022683980734275254,0.01915887600079887
17398,0.4513768188967152,0.02004032280525653,0.5285828582980282
17399,0.8438947122762585,0.005378762846338827,0.15072652487740268
17400,0.4676082447496937,0.003082873747988945,0.5293088815023173
17401,0.057565465306079894,0.004374908375197594,0.9380596263187225
17402,0.9826030255511506,0.0017115617273629614,0.015685412721486283
17403,0.9913993451191109,0.0002018824378463239,0.00839877244304284
17404,0.981520059515799,0.008787394885653855,0.009692545598547124
17405,0.8554804834555901,0.00473897461818224,0.1397805419262277
17406,0.7433797074951739,0.00975361852097776,0.24686667398384834
17407,0.9324998394129207,0.02597181083252046,0.041528349754558776
17408,0.13680216021780953,0.009890794432031417,0.853307045350159
17409,0.48915370314499257,0.01486561368559474,0.4959806831694128
17410,0.017267691312241606,0.0007405448198227895,0.9819917638679356
17411,0.21077484568636876,0.0008913205364042977,0.7883338337772269
17412,0.8381686621091521,0.06318851907685413,0.0986428188139938
17413,0.005992104311352679,0.00023935943811761778,0.9937685362505297
17414,0.9705315198351451,0.00235438897968229,0.02711409118517269
17415,0.577884663807624,0.017496901462520427,0.4046184347298554
17416,0.05709791371178464,0.00820855102057126,0.9346935352676441
17417,0.7880796946718038,0.0024316219824554977,0.2094886833457407
17418,0.8350764945219277,0.00853113662864896,0.15639236884942356
17419,0.936373330080868,0.02665186284375073,0.03697480707538144
17420,0.9058894642445493,0.003636979056855073,0.0904735566985957
17421,0.6905530729359646,0.07019005092546123,0.23925687613857421
17422,0.9870396578975796,0.00037228658473034015,0.012588055517690065
17423,0.9557718520529429,0.003268209997485047,0.040959937949572166
17424,0.9858130256018622,0.0044120634154960914,0.00977491098264173
17425,0.9883290198406013,0.0007308656984116286,0.010940114460987011
17426,0.9691586340671179,0.0034291738185557746,0.027412192114326297
17427,0.9560058548187783,0.007562185740203689,0.036431959441017986
17428,0.015948200432906096,0.0020921321090660388,0.9819596674580279
17429,0.92155561537432,0.012605228469583202,0.0658391561560967
17430,0.12788151733297742,0.012406581367355854,0.8597119012996668
17431,0.02309855809755381,0.0014305096473784078,0.9754709322550678
17432,0.29131507642967697,0.013822284334490354,0.6948626392358326
17433,0.8116402386996279,0.04112676066141793,0.14723300063895417
17434,0.9761721709960326,9.999923834256732e-05,0.023727829765624982
17435,0.004340789312665894,0.00040413987411588186,0.9952550708132183
17436,0.9786993519681031,0.0016425427863295033,0.019658105245567537
17437,0.9497361043585143,0.0019946258033008077,0.048269269838184824
17438,0.12184050050107201,0.0011545904519472323,0.8770049090469807
17439,0.872359595819412,0.008169296656764257,0.11947110752382377
17440,0.012248267571661512,0.003082985565027069,0.9846687468633114
17441,0.05915509631788548,0.06965242179937817,0.8711924818827363
17442,0.9702342380939688,0.01842492788308982,0.011340834022941414
17443,0.824488298768904,0.09891428295458655,0.07659741827650941
17444,0.8991269344213445,0.0005661141271448097,0.10030695145151057
17445,0.9923140027815575,0.0006676563926918716,0.007018340825750599
17446,0.9154967746942295,0.038278435307789564,0.04622478999798098
17447,0.3937861977783871,0.03473206130916033,0.5714817409124525
17448,0.9701154756249895,0.006824011206966756,0.023060513168043778
17449,0.019558375934141496,0.0014047695373395226,0.9790368545285191
17450,0.7742473747522143,0.17258264179192284,0.05316998345586286
17451,0.2869138525723681,0.016039151991865102,0.6970469954357669
17452,0.790333672085034,0.0013693763586797663,0.20829695155628608
17453,0.6806179316600318,0.026762591270719463,0.29261947706924873
17454,0.627239243035518,0.015284661081652993,0.35747609588282897
17455,0.7036781362487645,0.00212759737224997,0.29419426637898555
17456,0.9100416422773657,0.013787123819650521,0.07617123390298373
17457,0.8683827476387763,0.0054443301749897985,0.1261729221862339
17458,0.6738540410176277,0.0018917310804064905,0.32425422790196584
17459,0.9519820121216586,0.002840803172170717,0.04517718470617072
17460,0.9789041560386328,0.0017698809903372585,0.019325962971030054
17461,0.06999236878806817,0.004119311799205741,0.9258883194127261
17462,0.9960376906319272,0.0005034049418097479,0.0034589044262631286
17463,0.9929543117716717,0.0016953312968246222,0.0053503569315036074
17464,0.010472382728764804,0.001962064911286511,0.9875655523599486
17465,0.7346392919681296,0.003717266835717273,0.26164344119615307
17466,0.9847754833877502,0.007076937903022884,0.008147578709226784
17467,0.8630291624685491,0.017658864576478018,0.11931197295497291
17468,0.8807872946168437,0.02095034260235852,0.09826236278079789
17469,0.9802345010978345,0.001069574216472184,0.018695924685693262
17470,0.9885421443026908,0.0005473397524191833,0.010910515944889973
17471,0.020736948578661808,0.0032949456815019895,0.9759681057398362
17472,0.67659185388626,0.2298373895486143,0.09357075656512574
17473,0.8363845556440266,0.023142894017115025,0.14047255033885825
17474,0.9575107728189398,0.0011315906310234761,0.04135763655003665
17475,0.08546998859816367,0.11698928531118771,0.7975407260906486
17476,0.04197620581829863,0.010495706667307031,0.9475280875143943
17477,0.5512926543931739,0.011448414054764473,0.4372589315520616
17478,0.9756423918028617,0.004105254510476779,0.020252353686661523
17479,0.9263237056743904,0.021627601073067337,0.05204869325254231
17480,0.4610156192059155,0.0009860051913115032,0.537998375602773
17481,0.953587760880601,0.03271258539705358,0.013699653722345346
17482,0.8634296526520613,0.011046064976507832,0.12552428237143082
17483,0.9433835059382524,0.0023085581996906365,0.05430793586205698
17484,0.99128252428516,0.00033416751446874214,0.008383308200371259
17485,0.9446258668841206,0.0055891942214320945,0.049784938894447316
17486,0.9224648445195096,0.0035301087686547836,0.07400504671183566
17487,0.8943960040761223,0.021771303476559253,0.08383269244731839
17488,0.8399542383122174,0.13743292666845872,0.022612835019323926
17489,0.44647654430379397,0.010747088717237207,0.5427763669789688
17490,0.6861424037860184,0.0020765374569928947,0.3117810587569887
17491,0.926469917987415,0.058493171662970994,0.01503691034961405
17492,0.350865044468405,0.0078801819941403,0.6412547735374547
17493,0.7058415024379996,0.011073772792830892,0.28308472476916946
17494,0.8720593499429801,0.0012973957341290013,0.12664325432289086
17495,0.9426810147422384,0.004815089543589004,0.05250389571417265
17496,0.03896677762477671,0.00278832897599331,0.95824489339923
17497,0.9700016335270254,0.0013695784120907814,0.02862878806088389
17498,0.5634116536966891,0.015927241510608387,0.42066110479270247
17499,0.933911808680752,0.01346450939752808,0.05262368192172004
17500,0.5937708901279741,0.027344974101947316,0.3788841357700786
17501,0.5893202356539975,0.0018220973730648999,0.4088576669729377
17502,0.6053591911582205,0.03896477458900529,0.3556760342527744
17503,0.968771156012916,0.019369837386231232,0.011859006600852796
17504,0.9017274393592977,0.038263674659916425,0.06000888598078579
17505,0.982918817007361,0.0005456385580094212,0.01653554443462959
17506,0.9336485753843783,0.023448555056916176,0.04290286955870564
17507,0.48450336608092276,0.08713892208206726,0.42835771183701
17508,0.9839635300435008,0.0006540462688255523,0.015382423687673593
17509,0.9595312946249277,0.017178872981954925,0.023289832393117296
17510,0.41473864262754767,0.2112847700859451,0.3739765872865074
17511,0.9875399923831075,0.001060177316955338,0.01139983029993721
17512,0.9784469813344825,0.00399556446684946,0.017557454198668096
17513,0.9404709690604914,0.0012767550074731634,0.058252275932035455
17514,0.9119509660314881,0.04532911175225977,0.04271992221625218
17515,0.9923955311715896,0.00038288965946267406,0.0072215791689477634
17516,0.8996243594401525,0.0010561546732654884,0.09931948588658202
17517,0.00797157675539821,0.002919805383561225,0.9891086178610405
17518,0.7042011075231593,0.0015983018182412555,0.29420059065859944
17519,0.23146470234393773,0.00835958977492224,0.76017570788114
17520,0.8463795156554742,0.003445988592438313,0.15017449575208738
17521,0.9462546238834452,0.004388239967614942,0.04935713614893982
17522,0.9735320889147,0.013770795834888123,0.012697115250411832
17523,0.9780711994674917,0.0009922866839745992,0.020936513848533653
17524,0.8156681342387371,0.004158672533359155,0.18017319322790365
17525,0.2698661746744732,0.0009655935301915089,0.7291682317953352
17526,0.9735936731457504,0.011791918745855976,0.014614408108393517
17527,0.911782710752514,0.004332869674977766,0.08388441957250815
17528,0.8364761534359557,0.010927398604288938,0.15259644795975533
17529,0.3701827007924737,0.050000775739919845,0.5798165234676064
17530,0.9948348944889572,0.0011033079955236323,0.004061797515519072
17531,0.3070921591631049,0.0018576538142698576,0.6910501870226253
17532,0.7545141777497747,0.06002534143376809,0.18546048081645725
17533,0.868721501814311,0.000506008825263375,0.13077248936042576
17534,0.005536305546700218,0.004037744759755721,0.9904259496935439
17535,0.08314221778745164,0.016447980791716676,0.9004098014208317
17536,0.1490372555908237,0.05487699987733657,0.7960857445318398
17537,0.8682459663078829,0.0016438930067978026,0.1301101406853192
17538,0.8097574190989275,0.009977259261445324,0.18026532163962716
17539,0.9270497788040453,0.00037772558941401237,0.07257249560654071
17540,0.13266022923682147,0.0021262816797867836,0.8652134890833918
17541,0.8794899692596758,0.005756061682708439,0.11475396905761563
17542,0.7918056793539822,0.007455382311829603,0.20073893833418827
17543,0.05947726688283729,0.023275055544163627,0.9172476775729991
17544,0.8667442409550455,0.021639950275473368,0.11161580876948106
17545,0.9614748227346567,0.002438628980680085,0.036086548284663275
17546,0.8899080761752194,0.009217561537496245,0.10087436228728432
17547,0.9603261231581275,0.014541357188389128,0.025132519653483343
17548,0.9742877833941784,0.0024244731479095595,0.02328774345791196
17549,0.8718885545347188,0.0029366445041860458,0.12517480096109518
17550,0.9686107786690862,0.00044538841541539963,0.030943832915498435
17551,0.287639563226585,0.0070569582369507744,0.7053034785364641
17552,0.7140043839495802,0.012389019023375272,0.2736065970270445
17553,0.08457757635379609,0.007969140895036662,0.9074532827511672
17554,0.7539148622844433,0.022843794973124033,0.2232413427424328
17555,0.0012499740210878889,0.00017731702432866538,0.9985727089545835
17556,0.33960633343465535,0.15280515380992526,0.5075885127554195
17557,0.46282600385578515,0.012668301400894026,0.5245056947433208
17558,0.8592796348123657,0.0011013872595982005,0.13961897792803607
17559,0.9087455479424169,0.00047932609618379847,0.09077512596139929
17560,0.9535263180894386,0.005239377672268806,0.04123430423829256
17561,0.9641749716703277,0.00019322798503110602,0.03563180034464114
17562,0.9631249074459798,0.009114352940474605,0.027760739613545696
17563,0.3019531004403807,0.0019694232274108927,0.6960774763322084
17564,0.960002969422994,0.005171922647498872,0.03482510792950709
17565,0.983615983643366,0.0030846569874784977,0.013299359369155484
17566,0.019700212875175756,0.0009201123587258287,0.9793796747660983
17567,0.1030104033734805,0.0030135139030227575,0.8939760827234968
17568,0.9721561712058345,0.0008954040505860131,0.02694842474357944
17569,0.8684357696373244,0.008033928427289318,0.12353030193538626
17570,0.7770986113885289,0.010153282919368525,0.21274810569210256
17571,0.9152319108919732,0.01279079748913218,0.07197729161889463
17572,0.21244562202469142,0.014021316911579287,0.7735330610637293
17573,0.9329695709704248,0.00831270633058212,0.05871772269899306
17574,0.9633550354015158,0.001556614030416041,0.03508835056806808
17575,0.9145815991902244,0.012368348806396482,0.07305005200337905
17576,0.16447256605739743,0.0013962322925611984,0.8341312016500414
17577,0.9803652418418839,0.0019853198073191336,0.017649438350796895
17578,0.9298699243090267,0.017108563177273103,0.05302151251370009
17579,0.9654593995851355,0.0017371772627245811,0.03280342315213987
17580,0.9749149255389771,0.0018147063169803388,0.023270368144042496
17581,0.8785455974456491,0.018465693600556134,0.10298870895379479
17582,0.6651899090730448,0.00047367299940470706,0.3343364179275506
17583,0.03462426815698559,0.002554694354782814,0.9628210374882317
17584,0.8908034166292799,0.0006702103859272652,0.10852637298479287
17585,0.6847611958409847,0.01745491591273484,0.29778388824628044
17586,0.9854981485009574,0.002582891682203752,0.011918959816838891
17587,0.1041947104206958,0.0221018773655137,0.8737034122137906
17588,0.9872006763272395,0.0009374633454738885,0.011861860327286502
17589,0.05731123298066146,0.002156309542703094,0.9405324574766354
17590,0.4281108769729459,0.11851276053052212,0.4533763624965319
17591,0.9319191928775628,0.0036941863760006004,0.06438662074643665
17592,0.8898010285143516,0.003981211388564887,0.10621776009708353
17593,0.01873380286638891,0.004441062405156267,0.9768251347284549
17594,0.031804032526517007,0.0005634161237182609,0.9676325513497647
17595,0.9769017622217342,0.010441071146779491,0.012657166631486277
17596,0.870697220304989,0.00020123249108906435,0.12910154720392203
17597,0.9802976598673796,0.0012092710884015368,0.01849306904421883
17598,0.9910875824073933,0.0005917047626401093,0.008320712829966664
17599,0.04329887800966717,0.015381724372768888,0.9413193976175639
17600,0.0015901181056409831,0.0005368529332654039,0.9978730289610935
17601,0.7240414731185582,0.0033187146953197705,0.272639812186122
17602,0.4549977103198273,0.4470470713243804,0.09795521835579236
17603,0.9661031611737779,0.018983269813471693,0.014913569012750346
17604,0.9354862195803584,0.004463311091677865,0.06005046932796364
17605,0.00369133626279753,0.003734351446626447,0.9925743122905759
17606,0.8354722211924851,0.10880272050944559,0.05572505829806934
17607,0.11696670274655913,0.004456164286089706,0.8785771329673511
17608,0.8781867220482699,0.007471707374586462,0.11434157057714361
17609,0.9900222216184392,0.00028376314310534157,0.009694015238455396
17610,0.9445078785665947,0.015948300732392614,0.03954382070101262
17611,0.019992935416688864,0.0018089480697117467,0.9781981165135994
17612,0.9676868904943052,0.005435893690297086,0.026877215815397655
17613,0.2602568112178325,0.015199151339440742,0.7245440374427268
17614,0.963182545620002,0.0017442296385323875,0.035073224741465694
17615,0.031922700650199365,0.09771524631893116,0.8703620530308696
17616,0.94709975553606,0.025558191101323086,0.02734205336261698
17617,0.7730691804110777,0.009120349012631535,0.2178104705762907
17618,0.4842463950752444,0.4101481902363012,0.10560541468845439
17619,0.6953315321684598,0.00906421433897304,0.29560425349256714
17620,0.9145793734983257,0.0201004251747288,0.06532020132694537
17621,0.9534757398433563,0.02150928206348977,0.025014978093153777
17622,0.8949366193149304,0.002134496395231302,0.1029288842898383
17623,0.03632384703294328,0.0010449151924563336,0.9626312377746005
17624,0.0052692185654885865,0.0009116530685407181,0.9938191283659707
17625,0.8649573523652352,0.038298191724287736,0.09674445591047699
17626,0.11516051164696627,0.14414424955725963,0.740695238795774
17627,0.6185099911622286,0.024172493316002755,0.3573175155217686
17628,0.9529385466229815,0.027536425852641676,0.019525027524376737
17629,0.11621704966876513,0.0007558460402717193,0.8830271042909632
17630,0.9247560385641536,0.008367499977947088,0.06687646145789941
17631,0.8792954007849048,0.0063011679640514245,0.11440343125104391
17632,0.9206598652606922,0.06130782554813606,0.018032309191171676
17633,0.37099018951246304,0.2472464621213129,0.38176334836622416
17634,0.9235144653355172,0.0015401412189623152,0.0749453934455205
17635,0.9399938224841596,0.005652138336163728,0.054354039179676586
17636,0.19303912556182914,0.0024424637865794576,0.8045184106515915
17637,0.0640835281836571,0.0033777733525827127,0.9325386984637603
17638,0.010755654640566185,0.0007324172974145016,0.9885119280620193
17639,0.9676025792893371,0.00380892241473702,0.028588498295925854
17640,0.9781783195639426,0.007409055191702562,0.014412625244354818
17641,0.9758729865323367,0.011636525437181987,0.01249048803048136
17642,0.9385420590587851,0.012120893838233886,0.04933704710298103
17643,0.65187956751095,0.009698027227342304,0.3384224052617076
17644,0.7283944254823685,0.011517417608117772,0.26008815690951353
17645,0.9817918248445879,0.012969822150952937,0.005238353004459053
17646,0.738819120729217,0.0005754282903752185,0.2606054509804079
17647,0.8254976757411886,0.0027909680181566025,0.17171135624065478
17648,0.9519327756620494,0.00723442963570758,0.04083279470224294
17649,0.4718461522975948,0.0016428632044736583,0.5265109844979314
17650,0.8882252064551379,0.03606585052620909,0.07570894301865301
17651,0.8131430051379138,0.003428970772630977,0.18342802408945516
17652,0.009183225771434047,0.013418156507474091,0.9773986177210918
17653,0.8387350240127591,0.08857640194391268,0.07268857404332828
17654,0.9686896468346605,0.0043072726504153535,0.027003080514924133
17655,0.9085474450942037,0.059119823912586085,0.0323327309932102
17656,0.17353794782968798,0.037821177778498936,0.7886408743918131
17657,0.09760648251384416,0.009842099764313923,0.8925514177218419
17658,0.6081655630115204,0.007088139075105352,0.3847462979133742
17659,0.7548822336996904,0.015492429660210213,0.2296253366400994
17660,0.8983201593635859,0.005835718939811248,0.09584412169660293
17661,0.8231360871546669,0.03566011978564951,0.14120379305968347
17662,0.886698083788566,0.0074227731742695716,0.1058791430371645
17663,0.9737243034081459,0.003193000148996806,0.02308269644285722
17664,0.4067219095790664,0.27849824443029575,0.314779845990638
17665,0.796790356274585,0.06662546082103168,0.13658418290438326
17666,0.9278519565786207,0.005401076521413701,0.06674696689996552
17667,0.9663974840688135,0.0010533626377747533,0.03254915329341175
17668,0.08457641246027081,0.004002902199321559,0.9114206853404077
17669,0.9828408135556641,0.0016229289831957055,0.0155362574611402
17670,0.9976120919292666,0.00037018325902357126,0.002017724811709943
17671,0.6268154615741228,0.06842019728021172,0.3047643411456654
17672,0.9598216255739601,0.015498711476642677,0.02467966294939709
17673,0.014505461174991532,0.005073255876552783,0.9804212829484557
17674,0.8626972178332599,0.08304623044936155,0.05425655171737848
17675,0.48924800654894296,0.47453363179903524,0.03621836165202187
17676,0.6305871991572856,0.1346058970948151,0.2348069037478993
17677,0.5489540795506865,0.008538570197742474,0.4425073502515712
17678,0.589551776334101,0.005183161590535601,0.40526506207536334
17679,0.9657894800502533,0.00037562323404604985,0.033834896715700676
17680,0.9512424223897319,0.015120843862522623,0.0336367337477456
17681,0.9721509372802848,0.0006428796883337325,0.02720618303138157
17682,0.6528805411639363,0.1992446644316056,0.14787479440445805
17683,0.007626031552012046,0.0027673754726684693,0.9896065929753196
17684,0.9444479001252797,0.0029144911115662887,0.05263760876315411
17685,0.9378405481394463,0.006120095379238238,0.056039356481315514
17686,0.033782217493751,0.0012463656834255654,0.9649714168228234
17687,0.9214578948432263,0.013841347435915807,0.06470075772085798
17688,0.7568050511728718,0.0003703523039490094,0.24282459652317925
17689,0.044568360531538,0.00967562359637167,0.9457560158720902
17690,0.4397460918899523,0.006295812547683984,0.5539580955623638
17691,0.9753250165485292,0.005738235190541902,0.018936748260928903
17692,0.9761314914399042,0.00855439422823595,0.015314114331859786
17693,0.9205931569840824,0.008988261415910895,0.0704185816000067
17694,0.8933863131138392,0.004027605892955267,0.10258608099320547
17695,0.9903669533652163,0.0003329339675423541,0.009300112667241294
17696,0.003010104712355009,0.00027845686196700234,0.9967114384256779
17697,0.9464895088158359,0.02074009395534854,0.03277039722881551
17698,0.9950841208145521,0.00027637964769741533,0.004639499537750574
17699,0.9512154776474935,0.005691073645253708,0.04309344870725287
17700,0.3473918269686014,0.013525333522807567,0.639082839508591
17701,0.9535320529518245,0.02036548670120679,0.026102460346968642
17702,0.14758542007161773,0.06825952111857189,0.7841550588098105
17703,0.9231607454154811,0.00375921346552151,0.07308004111899734
17704,0.8352550523649608,0.00685732571766227,0.15788762191737685
17705,0.014923814816945742,0.003065424934975086,0.9820107602480792
17706,0.8301860700436382,0.0009106605323096966,0.16890326942405226
17707,0.8874614834490036,0.005240732455252464,0.10729778409574398
17708,0.9660836536063165,0.007456135242790377,0.02646021115089303
17709,0.8035029518680524,0.04261490822498445,0.15388213990696314
17710,0.9611461220405553,0.016947226695596677,0.021906651263848127
17711,0.99556616294228,0.0009296268580903192,0.0035042101996297327
17712,0.734380989237332,0.018334928806000295,0.24728408195666776
17713,0.9542047923279857,0.00041438921012003913,0.04538081846189428
17714,0.9121928833687192,0.008298432995430772,0.07950868363585006
17715,0.9805812690500914,0.0012895173339129032,0.01812921361599577
17716,0.14075504515564857,0.007498461494004091,0.8517464933503474
17717,0.8101212706792512,0.011351262828972902,0.1785274664917759
17718,0.9901171001711434,0.0025115678511373725,0.007371331977719309
17719,0.9783975946638139,0.0005081507374001017,0.021094254598785975
17720,0.9871146305724595,0.00595046480795655,0.006934904619583945
17721,0.9112954748422275,0.0017206837429417237,0.08698384141483081
17722,0.9554269806352573,0.003946857608320418,0.0406261617564222
17723,0.9064154638716366,0.0023509192475153393,0.0912336168808481
17724,0.9060190034029484,0.009412659980589065,0.08456833661646253
17725,0.9828907563061993,0.0010587604936831804,0.016050483200117607
17726,0.03915697293735652,0.006040231199102543,0.9548027958635409
17727,0.15191912831628288,0.027257131444950875,0.8208237402387661
17728,0.8985471968571237,0.0027068171415841474,0.0987459860012921
17729,0.9276278626950013,0.045211997208528455,0.027160140096470088
17730,0.5637187620592903,0.11310160129450407,0.32317963664620575
17731,0.62420185118439,0.22105518043794045,0.15474296837766957
17732,0.38772534513577556,0.006297434572039486,0.6059772202921848
17733,0.24652299395892777,0.002744617143222663,0.7507323888978497
17734,0.8618796692016333,0.057373220775858054,0.08074711002250878
17735,0.9732095507608307,0.015914909743664996,0.010875539495504379
17736,0.8821964397951231,0.00658475826090345,0.11121880194397356
17737,0.9936905893459591,0.000824181564075661,0.005485229089965231
17738,0.7956738375353958,0.012166927550774823,0.19215923491382939
17739,0.18299711798489277,0.017905205010707807,0.7990976770043994
17740,0.9421140108474646,0.023321375531534835,0.034564613621000724
17741,0.5572144695834569,0.012799911534526266,0.42998561888201675
17742,0.958116639393653,0.016516972670851903,0.025366387935495064
17743,0.9548342544257579,0.010988219429016715,0.034177526145225436
17744,0.9634348632302208,0.01675037768651322,0.01981475908326605
17745,0.8937745289537902,0.017622614678488115,0.08860285636772167
17746,0.9520978624532864,0.003790368007846158,0.044111769538867286
17747,0.03131606532062553,0.005842845388110223,0.9628410892912642
17748,0.4059138313240115,0.0034709222254758272,0.5906152464505126
17749,0.9677694033329325,0.017475236689078816,0.014755359977988722
17750,0.12484179149999083,0.003449843602551573,0.8717083648974575
17751,0.3523780846152273,0.01650559542430129,0.6311163199604715
17752,0.9172598619111054,0.001606794438815234,0.08113334365007943
17753,0.028759555515834007,0.01618727508619591,0.95505316939797
17754,0.8365729172331016,0.03201300315463992,0.13141407961225848
17755,0.5149847727898269,0.0010237883992624004,0.4839914388109107
17756,0.61229745405049,0.001454049001326907,0.38624849694818314
17757,0.9173988839605638,0.02530680601851818,0.05729431002091812
17758,0.6655847052243469,0.007119631978347876,0.3272956627973053
17759,0.07655800692962739,0.0032471919973805787,0.920194801072992
17760,0.009740308824348816,0.002282765591421072,0.9879769255842301
17761,0.9028729130268563,0.003596186010679255,0.09353090096246443
17762,0.9663034244303466,0.006765335337859572,0.026931240231793812
17763,0.8812895505369815,0.005860453434618029,0.11284999602840044
17764,0.9560004522917496,0.0025689801735582474,0.041430567534692125
17765,0.8139548124920473,0.014190374285226575,0.17185481322272625
17766,0.9724920980309327,0.016716897247992798,0.010791004721074436
17767,0.00983134825288812,0.00030453734640579057,0.9898641144007061
17768,0.11643061508992798,0.018960714665190156,0.864608670244882
17769,0.07172022233249098,0.005276997066049382,0.9230027806014596
17770,0.9205062632764084,0.014328139190605368,0.06516559753298612
17771,0.00560566584811259,0.001348493661022454,0.993045840490865
17772,0.9764303648694732,0.0012698134856837702,0.022299821644842902
17773,0.9790474502865145,0.0035182483254594696,0.017434301388025937
17774,0.8550630634257612,0.014462850064229626,0.13047408651000914
17775,0.8787404669030277,0.02852189821705972,0.0927376348799126
17776,0.9822868906245734,0.001886085949894505,0.015827023425532088
17777,0.7981942944903495,0.0012085538375142145,0.20059715167213624
17778,0.9953452560893034,0.00014271905938430992,0.004512024851312395
17779,0.8884693992457009,0.07622376197781469,0.03530683877648452
17780,0.002490423816203292,0.000848259999471056,0.9966613161843257
17781,0.9141961117705308,0.005029394883629913,0.08077449334583926
17782,0.25470751035091804,0.0010892964954218594,0.7442031931536601
17783,0.9776306238956509,0.0027243348926163555,0.01964504121173272
17784,0.5177114364468726,0.0763305530606606,0.40595801049246694
17785,0.9820228058111157,0.002528072697209209,0.01544912149167503
17786,0.4207002537100858,0.0014029553419681183,0.5778967909479461
17787,0.7374276665845791,0.008291581073234952,0.25428075234218595
17788,0.9821500099729223,0.0018257174514513803,0.016024272575626216
17789,0.03632193889869005,0.003368694431960726,0.9603093666693492
17790,0.10126973485875984,0.014294318716742714,0.8844359464244974
17791,0.7088442659685057,0.002364245413759526,0.2887914886177347
17792,0.03886765177748697,0.004353706171211472,0.9567786420513015
17793,0.8385523195837307,0.1289989719564102,0.03244870845985926
17794,0.07259391975118676,0.05242764403077551,0.8749784362180376
17795,0.1024140046951645,0.017854776957154782,0.8797312183476808
17796,0.90244055952324,0.015898723578686984,0.08166071689807305
17797,0.8769881413545546,0.006820372008285616,0.11619148663715978
17798,0.777554770989122,0.004090301873509593,0.2183549271373684
17799,0.9748912730680899,0.0017036549169777261,0.023405072014932436
17800,0.058144486516628235,0.020053979575147002,0.9218015339082247
17801,0.048641553850725924,0.012498589905530133,0.938859856243744
17802,0.9498753477437615,0.0066888735817481615,0.043435778674490375
17803,0.9899136849118135,0.0025336329383136603,0.007552682149872925
17804,0.29459490023483376,0.03942596767487165,0.6659791320902946
17805,0.0028250429185338335,0.0006881424605717628,0.9964868146208944
17806,0.8006160147497042,0.03599750836797442,0.16338647688232133
17807,0.7935402977764522,0.03616493603702808,0.17029476618651976
17808,0.9427515107335823,0.006922079648823788,0.050326409617593944
17809,0.2171140673397747,0.006995169351404693,0.7758907633088205
17810,0.9823068759969643,0.002593498463002668,0.015099625540033019
17811,0.04150925163021537,0.0016313170613019997,0.9568594313084827
17812,0.038507179619894985,0.00062566163312195,0.9608671587469831
17813,0.9632424398623001,0.009612307590143884,0.027145252547556193
17814,0.8642591889040894,0.0012478568040519757,0.1344929542918587
17815,0.942186532731576,0.00397054059928249,0.05384292666914147
17816,0.030025361745935373,0.002951103517301573,0.9670235347367631
17817,0.9428002680582355,0.010616234377637092,0.046583497564127344
17818,0.8947312851724765,0.00744727547227118,0.09782143935525235
17819,0.7963152480091177,0.007709395024728395,0.19597535696615392
17820,0.834335695343791,0.01307854616363559,0.15258575849257347
17821,0.038181962362816374,0.005378334343199635,0.956439703293984
17822,0.9449153547480809,0.0006707149057832621,0.05441393034613585
17823,0.6435332136773382,0.022665179561120866,0.33380160676154086
17824,0.04321587287035786,0.021883430057452323,0.9349006970721897
17825,0.6177391783430775,0.03212867952246115,0.3501321421344613
17826,0.04115685061953869,0.003681719510945676,0.9551614298695156
17827,0.9846561868620115,0.0007589180528763035,0.014584895085112261
17828,0.9856045474432816,0.0027444841272661574,0.011650968429452164
17829,0.004354598433822437,0.003357583487524967,0.9922878180786526
17830,0.3458633397864978,0.01335923765816549,0.6407774225553367
17831,0.9503259050812595,0.00842415434919626,0.04124994056954424
17832,0.4238894565659338,0.023015778024876667,0.5530947654091894
17833,0.8999981964798262,0.021657290104353254,0.07834451341582059
17834,0.99270845855758,0.0014782331536953243,0.005813308288724564
17835,0.9066127502304993,0.0006297600806359106,0.09275748968886485
17836,0.894472746429436,0.0014921319341363772,0.10403512163642767
17837,0.7977450901816209,0.0005969607965989496,0.20165794902178016
17838,0.9527690595420082,0.0010741030991923025,0.046156837358799496
17839,0.9714547534473263,0.005902656256149527,0.022642590296524167
17840,0.9706814888185498,0.004481000849261198,0.024837510332189026
17841,0.33960521630763996,0.03036653631923375,0.6300282473731262
17842,0.9183503251789366,0.006747816856207993,0.07490185796485553
17843,0.4583244460286648,0.00585198448535101,0.5358235694859842
17844,0.13400058381101324,0.018971771286802306,0.8470276449021845
17845,0.9850437595022115,0.0027432432998536634,0.012212997197934908
17846,0.950982328177701,0.02961766881256458,0.019400003009734292
17847,0.7821319535298522,0.011174625618967234,0.2066934208511805
17848,0.9915471073666803,0.0006673646901451901,0.007785527943174479
17849,0.1207961394392318,0.016616651196366974,0.8625872093644013
17850,0.7788667026053635,0.0029649046407396558,0.21816839275389677
17851,0.8467906735560977,0.018910300165552254,0.13429902627835022
17852,0.792823343337521,0.03479697467719107,0.17237968198528789
17853,0.33522247715120906,0.0005423300539021762,0.6642351927948887
17854,0.9872806029344456,0.0012469605221743227,0.011472436543379993
17855,0.8549756792449916,0.014174195676182923,0.13085012507882549
17856,0.8572730440427491,0.027215238233090615,0.11551171772416034
17857,0.8341860681328193,0.01907060740062956,0.1467433244665512
17858,0.09697360628631355,0.012824657195767579,0.8902017365179188
17859,0.9093394701323284,0.017531055750003254,0.07312947411766817
17860,0.7300602281770286,0.0020338702366457686,0.2679059015863256
17861,0.5704422203691168,0.07052055623894768,0.3590372233919355
17862,0.9333663605182942,0.02003640072155054,0.046597238760155146
17863,0.29725954996123316,0.003775684435984807,0.6989647656027821
17864,0.9210523404111018,0.027031911525137096,0.05191574806376119
17865,0.935664794113973,0.0012452983984427221,0.06308990748758422
17866,0.8525517558456784,0.005475311459612206,0.1419729326947094
17867,0.9517027369215377,0.003743999627383265,0.044553263451078996
17868,0.012326760286218486,0.0031304222285606946,0.9845428174852208
17869,0.925083020020934,0.00020604989797934115,0.07471093008108678
17870,0.9813406243459182,0.0032950631175360486,0.0153643125365457
17871,0.9164422170745924,0.019496462591771437,0.06406132033363611
17872,0.7732536605609163,0.09486917506052996,0.1318771643785537
17873,0.8594741479731262,0.02250287601343237,0.11802297601344142
17874,0.0005210811467332984,0.0005395827434945242,0.9989393361097721
17875,0.7635893041051477,0.02119744072141734,0.21521325517343481
17876,0.17475248586250472,0.015762909977210353,0.809484604160285
17877,0.009751702066034333,0.0012651873671478825,0.9889831105668179
17878,0.9702952049382917,0.0003828621948442758,0.02932193286686399
17879,0.035269434967122835,0.002514404708545562,0.9622161603243315
17880,0.9608700813929205,0.0011959778145110634,0.037933940792568545
17881,0.9703083905389238,0.0072796982775090325,0.022411911183567144
17882,0.36523633832920244,0.007530559218578766,0.6272331024522187
17883,0.6178129072347252,0.0022194146278010757,0.37996767813747384
17884,0.9673236979033826,0.002336830490062417,0.030339471606555087
17885,0.8366802028511391,0.00631705410091955,0.15700274304794137
17886,0.9515593026039924,0.0013969487343492082,0.04704374866165845
17887,0.6655720966447304,0.026657580667525396,0.3077703226877442
17888,0.6687421206112667,0.022010042165998098,0.3092478372227353
17889,0.8359842371823385,0.006137999186273291,0.15787776363138822
17890,0.05902523398139037,0.013856088182191322,0.9271186778364183
17891,0.9851844321226393,0.003017021803394672,0.011798546073966056
17892,0.9870827261774198,0.0005289631255971218,0.01238831069698307
17893,0.9831712644792119,0.005575954328987434,0.011252781191800688
17894,0.07320662351470711,0.037389062830363834,0.8894043136549291
17895,0.9705896360834462,0.0003269647312667081,0.029083399185287108
17896,0.3195528672902938,0.014502859925455492,0.6659442727842507
17897,0.9932585300320317,0.00011554897331188789,0.0066259209946564045
17898,0.909760322874625,0.013223842561097878,0.07701583456427713
17899,0.0007419119985417297,0.0003751976420842115,0.998882890359374
17900,0.33339071170279694,0.002841096514448787,0.6637681917827544
17901,0.9805031986597191,0.00020599238488270863,0.01929080895539803
17902,0.46512621082080374,0.02088916272753246,0.5139846264516639
17903,0.9310115416020355,0.0050256766245732965,0.06396278177339118
17904,0.0555207638005593,0.004785752516448,0.9396934836829927
17905,0.8862238083580091,0.03948146273063364,0.0742947289113572
17906,0.9115236485650619,0.011856413203481204,0.07661993823145691
17907,0.9492577782092624,0.006945587355392663,0.04379663443534489
17908,0.0724844743220657,0.0046534233182241366,0.9228621023597101
17909,0.9700503539317588,0.007013825712371916,0.02293582035586936
17910,0.9901889714386953,0.005385304847065771,0.0044257237142388975
17911,0.949142211456155,0.001911269438507556,0.048946519105337497
17912,0.4296890496053036,0.087018750932097,0.4832921994625994
17913,0.047704950216458694,0.021800158667431804,0.9304948911161095
17914,0.9781936638335924,0.007713718264448733,0.014092617901959021
17915,0.8621305589466333,0.006123722166689479,0.13174571888667724
17916,0.02043306777767924,0.0017670777908478247,0.977799854431473
17917,0.25518265381094196,0.02266304588757503,0.722154300301483
17918,0.08975811130130394,0.002463977889001421,0.9077779108096947
17919,0.1294823735439355,0.0014876358609415127,0.8690299905951231
17920,0.8232580384243495,0.005783627973510714,0.1709583336021397
17921,0.5315057079576768,0.02650790119304834,0.4419863908492748
17922,0.033090673641928234,0.01250384155873482,0.9544054847993371
17923,0.9771842634504274,9.999909681283149e-05,0.022715737452759663
17924,0.026740440678844093,0.0005018641037266531,0.9727576952174293
17925,0.9161851667453381,0.0034575465044394513,0.08035728675022244
17926,0.7545630122790058,0.16508489376296576,0.08035209395802846
17927,0.93938342828349,0.012386812528999324,0.048229759187510664
17928,0.10098795554098212,0.014888789424893772,0.8841232550341241
17929,0.9899450175574995,0.0010925172745217568,0.008962465167978656
17930,0.25171706165590507,0.05191528820443412,0.6963676501396608
17931,0.966477698374355,0.00503151519122748,0.02849078643441742
17932,0.43613769806552977,0.14429698525227166,0.41956531668219843
17933,0.001497850593869383,0.0008505813209174487,0.9976515680852132
17934,0.8976850341855165,0.005846286207444884,0.09646867960703863
17935,0.744631619079037,0.0006000838327186578,0.2547682970882443
17936,0.10440443116666408,0.006007680782407018,0.889587888050929
17937,0.9123636252616374,0.022861844378161928,0.0647745303602007
17938,0.8410023031193051,0.005654514972514693,0.15334318190818017
17939,0.9903225823288333,0.002982659735550987,0.006694757935615813
17940,0.9660513053763392,0.001102712485390091,0.03284598213827075
17941,0.9651300146484214,0.021434317466695448,0.013435667884883104
17942,0.9343003108377121,0.0032245293494665,0.06247515981282141
17943,0.9905334658158493,0.0012307164695915024,0.008235817714559151
17944,0.8048669578143546,0.10438025528428965,0.09075278690135578
17945,0.8607663074966369,0.0015839536893490853,0.13764973881401404
17946,0.8363763502833592,0.04733394644433013,0.11628970327231057
17947,0.7856994996905396,0.09168046844234481,0.12262003186711552
17948,0.1919508733321812,0.02182174511123873,0.7862273815565801
17949,0.977267860655865,0.0036860397854519807,0.01904609955868308
17950,0.9800380440268459,0.0017599266687238705,0.01820202930443031
17951,0.9142543077100148,0.0036879942553879825,0.08205769803459736
17952,0.9557516175669396,0.0016748474691042601,0.04257353496395607
17953,0.8942598496429472,0.0069476175817579115,0.0987925327752949
17954,0.9142374550296696,0.03219532225877066,0.05356722271155977
17955,0.9543189691249299,0.017736654962208245,0.02794437591286188
17956,0.29907442979642346,0.023649042945673656,0.6772765272579029
17957,0.9684312523560534,0.011325871571527897,0.020242876072418564
17958,0.864518564982379,0.010117693031133301,0.12536374198648773
17959,0.25436295985641133,0.0007243372323387995,0.7449127029112499
17960,0.06017646633255367,0.024072634354308044,0.9157508993131384
17961,0.9224817846808829,0.023714676284471777,0.0538035390346454
17962,0.9893573084874815,0.0015664086383121757,0.009076282874206351
17963,0.8587834352438021,0.004848281457742299,0.13636828329845566
17964,0.9081174712868905,0.032485956045759164,0.05939657266735052
17965,0.5582728009732985,0.1782962413999149,0.26343095762678664
17966,0.028254713596930284,0.0028220048416965106,0.9689232815613733
17967,0.012171487649007957,0.0012073830261795616,0.9866211293248125
17968,0.9229808440514158,0.0049614485686061876,0.07205770737997798
17969,0.322347373889427,0.006082611312999609,0.6715700147975732
17970,0.1019814210507747,0.018009612661524923,0.8800089662877004
17971,0.9806340806197393,0.006059491447525672,0.013306427932734968
17972,0.9731139884299138,0.018943451558445634,0.007942560011640594
17973,0.2217612525284371,0.010023281776207805,0.7682154656953551
17974,0.8133433618793944,0.12926090308163588,0.05739573503896977
17975,0.8339033935891165,0.0008736547913867497,0.16522295161949668
17976,0.9562805328138918,0.002009400605107008,0.04171006658100107
17977,0.13375732158599288,0.02472205365066227,0.8415206247633448
17978,0.9458273660834313,0.017520099490600526,0.03665253442596809
17979,0.7742649639792933,0.008867660141810946,0.21686737587889585
17980,0.8862266328209054,0.013439605612293556,0.10033376156680103
17981,0.350889951449928,0.018628866391784495,0.6304811821582875
17982,0.030013349733038243,0.007392487189189586,0.9625941630777722
17983,0.9054368928240988,0.0008723198476844933,0.09369078732821673
17984,0.9609640555407677,0.004595189729237607,0.03444075472999475
17985,0.9005131271146268,0.009736493973123499,0.0897503789122497
17986,0.02809911996664785,0.01511310282460328,0.9567877772087487
17987,0.9739957166086676,0.001625570709497736,0.024378712681834714
17988,0.9750545844966663,0.0075465848645568205,0.01739883063877687
17989,0.24874328848005145,0.02352863298306922,0.7277280785368794
17990,0.7873456509502239,0.10596038453540679,0.10669396451436913
17991,0.9838187802505809,0.000246784993274929,0.01593443475614437
17992,0.9788651240867693,0.007856224333666523,0.01327865157956424
17993,0.09597312736498931,0.009842388465062598,0.8941844841699481
17994,0.10210550186923906,0.029715195765132735,0.8681793023656281
17995,0.11722295763915683,0.00551588065865352,0.8772611617021896
17996,0.918589093366668,0.019586149865606504,0.06182475676772547
17997,0.92311807121348,0.000647577014965809,0.07623435177155423
17998,0.12155619035512506,0.03284390395437233,0.8455999056905026
17999,0.8981635895627587,0.013134033620034426,0.08870237681720684
18000,0.9462193127333226,0.021081873081612485,0.032698814185064914
18001,0.02576970015556631,0.014879307376053731,0.95935099246838
18002,0.9526509342955429,0.0010585802219023415,0.04629048548255474
18003,0.9624247952776736,0.003643641831118522,0.03393156289120796
18004,0.012743690036276616,0.0017099135423701095,0.9855463964213533
18005,0.9687152507433843,0.0016373018384595662,0.02964744741815618
18006,0.9656342931592464,0.0020935754188917944,0.03227213142186181
18007,0.966645467858158,0.005846152083988532,0.02750838005785342
18008,0.8665033203724049,0.04196983893096173,0.09152684069663339
18009,0.18859581398150618,0.0070478822404881035,0.8043563037780057
18010,0.9960343223281718,0.0007060764943348231,0.003259601177493391
18011,0.35547010327325196,0.012504871504833063,0.632025025221915
18012,0.32516102221202414,0.12049945735567114,0.5543395204323047
18013,0.8977697056461273,0.01778729754869252,0.08444299680518005
18014,0.9414019005969657,0.023451776902581815,0.035146322500452375
18015,0.8898887179581438,0.062080282794592136,0.04803099924726398
18016,0.9016153008370767,0.0013786522335094995,0.0970060469294137
18017,0.8705706653979498,0.005301333840037069,0.12412800076201326
18018,0.7323051182928658,0.030103681231230778,0.23759120047590349
18019,0.2632405200210886,0.003662524075341384,0.73309695590357
18020,0.8382178755119947,0.003566184968827056,0.1582159395191782
18021,0.9669616594693441,0.018935152177060315,0.014103188353595513
18022,0.7319961898654492,0.005469106283933512,0.2625347038506173
18023,0.9675811585580115,0.00898283651249767,0.023436004929490904
18024,0.7618479057345018,0.0024232665203036317,0.23572882774519469
18025,0.8640613796751289,0.06795041602863176,0.06798820429623936
18026,0.9942798266665452,0.0016249754205212225,0.004095197912933377
18027,0.8814906204125699,0.017553617185206236,0.10095576240222384
18028,0.9322573703830204,0.0004884212410055432,0.06725420837597423
18029,0.40110790716219324,0.006917374220000734,0.591974718617806
18030,0.6713595348164249,0.03796593118981475,0.2906745339937604
18031,0.6111485014038119,0.008907106950475654,0.3799443916457124
18032,0.81326924711537,0.003809057072753951,0.18292169581187614
18033,0.011274144727479845,0.004903340141901303,0.9838225151306188
18034,0.9875612160027392,0.000732110784998488,0.011706673212262497
18035,0.9829918819191046,0.0024828628330970976,0.014525255247798286
18036,0.37237355437956526,0.0051149233548890395,0.6225115222655457
18037,0.3785859612086278,0.0010015186767898961,0.6204125201145824
18038,0.11906563987340778,0.01578864860960777,0.8651457115169844
18039,0.9285661266978086,0.03745609671730803,0.03397777658488339
18040,0.9206751507758474,0.020940472494284997,0.05838437672986758
18041,0.9426813149270727,0.008994034399075793,0.048324650673851485
18042,0.963697564721907,0.013585598881324495,0.022716836396768404
18043,0.566245950434218,0.05414460265558724,0.3796094469101948
18044,0.3873029722533195,0.032913407302927675,0.5797836204437528
18045,0.993084108747486,0.0003145719423143966,0.006601319310199641
18046,0.9494535350687534,0.005211151919178282,0.045335313012068265
18047,0.992024042449762,0.0026318254745425315,0.005344132075695488
18048,0.5708258976531293,0.01035514373653181,0.4188189586103391
18049,0.8833565535616636,0.0094653333821017,0.10717811305623469
18050,0.7433632525502801,0.007075780628361583,0.2495609668213582
18051,0.9560193239900164,0.006542561515314961,0.03743811449466855
18052,0.9622327832795167,0.0024636484350181484,0.035303568285465076
18053,0.9785305927190227,0.001764048663800582,0.0197053586171767
18054,0.6915158278934659,0.0029525476430236146,0.3055316244635104
18055,0.9871438887983288,0.000591124439253232,0.01226498676241777
18056,0.6423865092521919,0.002158937375212048,0.3554545533725962
18057,0.01148602562544553,0.013489834629896414,0.9750241397446581
18058,0.9917765865055193,0.00012429936721383933,0.008099114127266887
18059,0.0287283207650259,0.012065382299134803,0.9592062969358394
18060,0.9851552144278239,0.005963207140161044,0.008881578432015053
18061,0.17999751408805975,0.0031640808209510906,0.8168384050909892
18062,0.005928878055337084,0.0004150062093703933,0.9936561157352924
18063,0.9254306384697288,0.0011918801605436704,0.07337748136972752
18064,0.9529099561558426,0.031538848263675034,0.015551195580482359
18065,0.16570897133912024,0.002754836614585094,0.8315361920462946
18066,0.8841584796285236,0.003515333033303086,0.1123261873381733
18067,0.8651281554567712,0.008546792730491122,0.12632505181273768
18068,0.9867153314058038,0.002734707676207884,0.010549960917988396
18069,0.01688874388021222,0.02342311005680039,0.9596881460629875
18070,0.9827031768987091,0.005218734002601759,0.012078089098689149
18071,0.6848513680516696,0.1610065676218392,0.15414206432649133
18072,0.8997526938223306,0.04240919988462104,0.057838106293048315
18073,0.9748747107735051,0.0023930023885983137,0.022732286837896472
18074,0.30683015089164106,0.012631966892043538,0.6805378822163155
18075,0.7284908031719048,0.04454921174948597,0.22695998507860918
18076,0.9541772412603009,0.005483217290438556,0.040339541449260545
18077,0.7363297411914708,0.02711504604776105,0.2365552127607681
18078,0.013671431965394804,0.0009551488088507863,0.9853734192257544
18079,0.3180669045071913,0.4531262940879312,0.2288068014048775
18080,0.029047079400158268,0.010187402785278367,0.9607655178145634
18081,0.05185479011704396,0.013793194427485061,0.9343520154554709
18082,0.6972677317803081,0.013275680988528457,0.2894565872311633
18083,0.7869011406015806,0.04402012544751572,0.1690787339509037
18084,0.4376280087534794,0.027771316556209097,0.5346006746903116
18085,0.780685479355099,0.06610950959309175,0.15320501105180923
18086,0.6700631965177903,0.04991449501332451,0.28002230846888515
18087,0.8583963300003156,0.06472513229141907,0.0768785377082654
18088,0.9803578387271306,0.00219985920677229,0.01744230206609717
18089,0.058624313989331905,0.0048414967426187285,0.9365341892680494
18090,0.9465929306380738,0.03576377044057217,0.017643298921353988
18091,0.308111217635975,0.009119272548910588,0.6827695098151145
18092,0.0026508583149413103,0.00014626071979758286,0.997202880965261
18093,0.07109019797090729,0.015207744837577695,0.913702057191515
18094,0.5897241013675351,0.017657726400237196,0.39261817223222767
18095,0.9469965541070264,0.0032119886686109143,0.049791457224362644
18096,0.9902938711019639,0.0005899478798873147,0.009116181018148903
18097,0.9154299534875497,0.0035939007160834774,0.08097614579636683
18098,0.9770700334824596,0.0032839181284917513,0.019646048389048692
18099,0.9710606240412262,0.0018327779363665026,0.027106598022407252
18100,0.9844442356638656,0.0023881780328829086,0.013167586303251471
18101,0.6156243228280677,0.3274489244945613,0.056926752677371066
18102,0.8770049499211531,0.006395618079174437,0.11659943199967247
18103,0.7320449257994617,0.05638578870903579,0.21156928549150247
18104,0.8290102602847255,0.02339379351544981,0.14759594619982472
18105,0.9303978811780134,0.0059566848007212275,0.06364543402126537
18106,0.9315391764360123,0.0031221242284028357,0.06533869933558484
18107,0.878295576211316,0.008047045442002158,0.11365737834668176
18108,0.9874444578726947,0.0004785453609724604,0.012076996766332896
18109,0.9432048733832793,0.0007034160747732085,0.056091710541947434
18110,0.9811165989991435,0.004082905953571494,0.01480049504728504
18111,0.34290776869499584,0.013602052776826554,0.6434901785281777
18112,0.4355718059698856,0.03428932940744961,0.5301388646226648
18113,0.8673148143006115,0.0012511954711262468,0.13143399022826216
18114,0.001536706294458616,0.0003009990751458726,0.9981622946303955
18115,0.5350866662161293,0.04213221442045984,0.4227811193634109
18116,0.9589528335486748,0.006624294240692756,0.03442287221063241
18117,0.9719834906841509,0.0006956815425472596,0.027320827773301925
18118,0.3146274807692879,0.03353459757377481,0.6518379216569372
18119,0.674306647522458,0.01960105579651686,0.30609229668102517
18120,0.9396108892908599,0.007078686081834381,0.05331042462730585
18121,0.9791302986550623,0.0062706589988358544,0.014599042346101689
18122,0.9800157070751909,0.00180651653015186,0.01817777639465731
18123,0.9836055116476777,0.005724286467361994,0.010670201884960135
18124,0.12428214457908345,0.005895326362082855,0.8698225290588336
18125,0.920091314543534,0.003039405445968031,0.07686928001049798
18126,0.9419961631344548,0.01879617136924511,0.03920766549630003
18127,0.9207074222355088,0.0007478221371846336,0.07854475562730652
18128,0.8531430774717594,0.1169011027346695,0.029955819793571134
18129,0.9967098782985402,0.00033780326367918934,0.0029523184377805317
18130,0.4037329552469308,0.0038783634807938237,0.5923886812722753
18131,0.953477007801486,0.0003794953756252194,0.046143496822888874
18132,0.37666872264177836,0.014030869727715091,0.6093004076305065
18133,0.94363328043232,0.006068547296911412,0.05029817227076861
18134,0.8004400524409715,0.022320575401817533,0.17723937215721094
18135,0.6131919664704394,0.0007880824384745826,0.38601995109108606
18136,0.9922787416981473,0.003154056056570301,0.004567202245282422
18137,0.9737752744206268,0.011641053049059715,0.014583672530313403
18138,0.0021060895501556903,0.0004381887341748405,0.9974557217156695
18139,0.004208575097888527,0.003760899424810009,0.9920305254773014
18140,0.9823418860073672,0.00036670784063932093,0.017291406151993496
18141,0.8507135712910132,0.003029084622762957,0.14625734408622384
18142,0.9546507115409056,0.0060114250120451304,0.039337863447049176
18143,0.9666506621428895,0.002369286748931805,0.03098005110817874
18144,0.005452159022747016,0.007787358653631218,0.9867604823236218
18145,0.9074208150381468,0.006149197305636539,0.0864299876562167
18146,0.9878713054941463,0.0012248962035655427,0.010903798302288216
18147,0.71061524903734,0.02162144875507022,0.2677633022075899
18148,0.9822071920928804,0.0009015796918870126,0.016891228215232534
18149,0.9675260616757942,0.008052498993759637,0.024421439330446083
18150,0.022763005845339263,0.021435982379838618,0.9558010117748221
18151,0.9553703308890049,0.00019373154045515794,0.044435937570539846
18152,0.7492931316854197,0.011391873326107893,0.23931499498847228
18153,0.9811537273163442,0.0006598000311032704,0.01818647265255257
18154,0.9847227061433869,0.0037850602700949068,0.011492233586518174
18155,0.8805595172848668,0.005557249712685217,0.11388323300244792
18156,0.8903317039739952,0.014420624526481412,0.09524767149952335
18157,0.8861163348290503,0.0012615362962059076,0.11262212887474385
18158,0.835257066511011,0.010435209727617332,0.15430772376137172
18159,0.8559337355380787,0.002768030230378321,0.14129823423154295
18160,0.9170005046116243,0.009492193847189839,0.0735073015411859
18161,0.9709711841778152,0.0007760208919750497,0.02825279493020977
18162,0.9142930794158062,0.042478214915590305,0.04322870566860353
18163,0.9371629340587525,0.002509458771094226,0.06032760717015339
18164,0.2388014096244193,0.0011990827408915618,0.7599995076346892
18165,0.011881500319873096,0.0006264272919550416,0.9874920723881718
18166,0.10477938464255185,0.0016375528545938928,0.8935830625028544
18167,0.8065502426898817,0.0325733860133165,0.16087637129680185
18168,0.9851165682161267,0.0017647367228706156,0.013118695061002678
18169,0.9691261164974032,0.0007942709056941712,0.03007961259690276
18170,0.8928453487502925,0.011263367396416837,0.09589128385329061
18171,0.4536846854388426,0.005256498698331255,0.5410588158628261
18172,0.9771544212762405,0.003207797643220866,0.019637781080538635
18173,0.28274451194413525,0.02643671622048307,0.6908187718353817
18174,0.0007228922039583702,0.00016446089250006822,0.9991126469035416
18175,0.9321233039880202,0.030335214075677724,0.03754148193630197
18176,0.06665743736752183,0.2942257564668695,0.6391168061656088
18177,0.9875460079354647,0.004492075523414738,0.007961916541120596
18178,0.7544627249846358,0.010656464374984985,0.2348808106403793
18179,0.9629122563950591,0.01620143876403864,0.02088630484090241
18180,0.12753746465925545,0.008684959120747357,0.8637775762199972
18181,0.6811929399519058,0.1522866734703614,0.1665203865777328
18182,0.5484092955140418,0.009525929405830334,0.44206477508012787
18183,0.989284529583198,0.0001402267545325432,0.010575243662269355
18184,0.04543365451739084,0.003691236894355008,0.9508751085882541
18185,0.9927297540035356,0.0006276811028981188,0.006642564893566345
18186,0.9670024147261709,0.014632899984264449,0.01836468528956478
18187,0.49529314967376586,0.26655945705278955,0.23814739327344464
18188,0.5699242529527484,0.09565062791588953,0.334425119131362
18189,0.4499271486403075,0.009761428311252665,0.5403114230484398
18190,0.251627180408698,0.007037964970040515,0.7413348546212616
18191,0.25138559212700806,0.01362130007116633,0.7349931078018256
18192,0.9717274034801962,0.0001415245243578587,0.028131071995446
18193,0.9733746447211521,0.004651382090354467,0.021973973188493444
18194,0.8907278373337864,0.02950202676328137,0.07977013590293229
18195,0.9135927634674859,0.0019757977681443342,0.08443143876437001
18196,0.9698969974883445,0.001971640464396754,0.028131362047258777
18197,0.9033932000924059,0.0003562537813615845,0.09625054612623248
18198,0.9887371299856976,0.0015253198245261008,0.00973755018977617
18199,0.7646884478193018,0.019183611216706947,0.21612794096399127
18200,0.9675471588195665,0.0024259889915844123,0.030026852188849026
18201,0.9380028287873807,0.003042820793954807,0.05895435041866445
18202,0.27622543611350153,0.007532899217989679,0.7162416646685089
18203,0.5897686102203794,0.018369661959941545,0.39186172781967915
18204,0.8165448058908588,0.031699215368283996,0.15175597874085717
18205,0.9583617176437753,0.005343540894149598,0.03629474146207513
18206,0.919556818213132,0.040189829046202934,0.040253352740665084
18207,0.6928465000744344,0.010555073106801822,0.29659842681876386
18208,0.9851674649648048,0.0007448410290280137,0.014087694006167257
18209,0.9835980374893617,0.002753046060636451,0.013648916450001757
18210,0.4998579435925204,0.014172429476348988,0.48596962693113066
18211,0.7452050966408204,0.008316994804640425,0.24647790855453913
18212,0.9826690931587964,0.00014628203243408048,0.017184624808769533
18213,0.842730901449742,0.044881710416437,0.11238738813382097
18214,0.8833097810784796,0.0024342818156103327,0.11425593710591005
18215,0.9507440939052664,0.024906024533194307,0.02434988156153929
18216,0.9725748875785248,0.0028940977748942434,0.024531014646580977
18217,0.4126787803403196,0.0051693839503247,0.5821518357093557
18218,0.8337904534402601,0.0012874915646535134,0.16492205499508633
18219,0.04219857162390696,0.0009403139949003896,0.9568611143811926
18220,0.43827255202642584,0.02881855725325275,0.5329088907203213
18221,0.9854139026831787,0.004996422065158459,0.009589675251662683
18222,0.9106473388168014,0.003841229368910394,0.08551143181428822
18223,0.018588567714074564,0.004357835633941445,0.977053596651984
18224,0.9457707559638081,0.0050316659540097525,0.04919757808218225
18225,0.4327255704333053,0.004532393712015431,0.5627420358546792
18226,0.9838958058778667,0.0020711395030177373,0.014033054619115554
18227,0.9009881526260872,0.008039431552379447,0.09097241582153322
18228,0.8704057700626211,0.007691646621928588,0.12190258331545033
18229,0.7528330294230422,0.0997601258602046,0.14740684471675336
18230,0.9157550962457089,0.0004922577116578121,0.08375264604263326
18231,0.6381398360181996,0.0007748382401504075,0.36108532574165014
18232,0.962863168326933,0.009683321534064631,0.027453510139002425
18233,0.06834411356513861,0.029125765214243246,0.9025301212206182
18234,0.4161921666270382,0.011219497207792454,0.5725883361651694
18235,0.9881539562623102,0.0015965853917287252,0.010249458345961165
18236,0.8998998337582272,0.0011456479591387338,0.098954518282634
18237,0.2877270644045188,0.02538287002389842,0.6868900655715828
18238,0.021771076667440874,0.0031267476329729822,0.9751021756995862
18239,0.9519349703594571,0.013381181024206863,0.034683848616336145
18240,0.13393481363869586,0.0008152633022087206,0.8652499230590955
18241,0.0377370975496259,0.0014890444078147242,0.9607738580425593
18242,0.993627909577673,0.0001971435165555557,0.0061749469057714584
18243,0.9375331605584678,0.01693605486423289,0.045530784577299206
18244,0.9360969456761814,0.000900067291831053,0.06300298703198744
18245,0.980051401541176,0.0008911229176360171,0.019057475541187977
18246,0.984403189840346,0.005627834557790957,0.0099689756018631
18247,0.09637766605753165,0.043954091016406745,0.8596682429260615
18248,0.9704624633423902,0.0014092134819184835,0.02812832317569136
18249,0.10502013273331087,0.004683157406961505,0.8902967098597276
18250,0.9226146939129405,0.04410709504112718,0.03327821104593243
18251,0.8621138121036739,0.011471306325839719,0.12641488157048633
18252,0.046590715254258515,0.0023476041126958237,0.9510616806330456
18253,0.9734283929598555,0.00044314047326628474,0.026128466566878308
18254,0.7989330659078901,0.007958590559082527,0.19310834353302733
18255,0.9018796875733618,0.0030637207388993478,0.09505659168773889
18256,0.9198414214704683,0.004591521820623476,0.07556705670890815
18257,0.001177073329129794,0.0002842981334555026,0.9985386285374147
18258,0.7476266961841738,0.015131685763197828,0.23724161805262828
18259,0.8820253753301512,0.05599443207497737,0.06198019259487141
18260,0.9513509990169532,0.003933367516131367,0.04471563346691554
18261,0.004801799423238439,0.002456129677751806,0.9927420708990098
18262,0.0597739687231025,0.003339339384816537,0.936886691892081
18263,0.9235498742503042,0.0006227280187579,0.07582739773093793
18264,0.03173991470898265,0.0020300657049212535,0.9662300195860961
18265,0.9075210738688485,0.004423414709218297,0.08805551142193307
18266,0.9611765644704978,0.0027024691036190754,0.03612096642588297
18267,0.9540932489635133,0.0027647911352931035,0.043141959901193495
18268,0.7338748559258353,0.012121876336947968,0.25400326773721676
18269,0.9752813597310809,0.0023217146697417763,0.02239692559917745
18270,0.9852799136082654,0.008303301833314498,0.006416784558420089
18271,0.9454269837736125,0.002731598185178858,0.0518414180412087
18272,0.9413992854149326,0.0006625482544092865,0.05793816633065821
18273,0.3509345597553216,0.0025918079727011347,0.6464736322719774
18274,0.9524283848078314,0.0015970575101073537,0.04597455768206122
18275,0.7280639722018387,0.019626634092001535,0.2523093937061596
18276,0.9176741110789158,0.005229786082418795,0.07709610283866533
18277,0.8803664650401609,0.004645259090758116,0.114988275869081
18278,0.41639895951835487,0.038672114002280406,0.5449289264793646
18279,0.28474163344667885,0.018937672203176194,0.6963206943501449
18280,0.9933494047339587,0.0003800495421904836,0.0062705457238508506
18281,0.9427639273401138,0.03247753431428395,0.024758538345602214
18282,0.962557181277116,0.025500717019007975,0.011942101703876024
18283,0.5136307557389327,0.020376896117177145,0.4659923481438902
18284,0.8431032949834897,0.012788660599439977,0.14410804441707037
18285,0.00919299164991575,0.000611345121473399,0.990195663228611
18286,0.977762236743795,0.0037084922816930004,0.018529270974511982
18287,0.32335738685879317,0.006966791183398109,0.6696758219578088
18288,0.001271777023354201,0.00018216383235699173,0.9985460591442888
18289,0.9557425347305395,0.007678316189074403,0.03657914908038608
18290,0.9387410526914409,0.0007515802615559396,0.06050736704700314
18291,0.9836537209576571,0.0028913625634437064,0.013454916478899116
18292,0.10907675073018525,0.020741894232669287,0.8701813550371456
18293,0.7887288801846744,0.002710072586628672,0.20856104722869703
18294,0.5419879236488997,0.012654616990953525,0.44535745936014676
18295,0.9823361630139816,0.003697749496451455,0.013966087489566976
18296,0.5974142620209916,0.0061526117489855954,0.3964331262300229
18297,0.14644697866246476,0.07302341104875741,0.7805296102887779
18298,0.9163550662096288,0.0028764783956240487,0.08076845539474715
18299,0.9139542564074798,0.009049334356385746,0.07699640923613435
18300,0.9272256201601169,0.006644990744853506,0.06612938909502966
18301,0.5361203038139227,0.21423575007191406,0.24964394611416318
18302,0.9822536528819749,0.0013625045931701181,0.01638384252485517
18303,0.9857116006964046,0.0030067416779925803,0.01128165762560288
18304,0.9896273732087331,0.0007329564281505064,0.009639670363116366
18305,0.05078619385993452,0.014187991912466044,0.9350258142275994
18306,0.9905615101169023,0.003497144834510586,0.0059413450485871246
18307,0.7326711579955918,0.08244558234660058,0.1848832596578076
18308,0.04119860333430295,0.07627756913238415,0.8825238275333129
18309,0.8272182545979462,0.009120672620302132,0.1636610727817516
18310,0.9917756055243226,0.000503364873718468,0.007721029601958903
18311,0.3311710684716716,0.08541775840828125,0.5834111731200472
18312,0.4840746849207571,0.032590620042765424,0.4833346950364775
18313,0.014991408281888701,0.005262829775237083,0.9797457619428742
18314,0.9662483101971981,0.007154761244540596,0.026596928558261176
18315,0.012643356939737966,0.0017624639778553834,0.9855941790824067
18316,0.9073805023948873,0.005438193959779664,0.0871813036453331
18317,0.7716174634905584,0.01734293854740307,0.21103959796203856
18318,0.7599389113207698,0.11573573858397336,0.12432535009525679
18319,0.9387350517995493,0.002513796977312038,0.05875115122313865
18320,0.008942481020640691,0.0020599314169297673,0.9889975875624295
18321,0.3213286048963473,0.005652446864452505,0.6730189482392004
18322,0.6091935057031347,0.11208278671204543,0.2787237075848198
18323,0.9744668039906516,0.012419439897557383,0.013113756111790952
18324,0.9740300668415297,0.0015730959837113377,0.024396837174759038
18325,0.9332948191154159,0.031935824067131045,0.0347693568174531
18326,0.9533669465576816,0.0017349887945513796,0.04489806464776701
18327,0.9049616599904395,0.02629859354611674,0.06873974646344369
18328,0.9340624791414264,0.002429894446881678,0.06350762641169193
18329,0.045561824574237735,0.0023443451145548065,0.9520938303112075
18330,0.6985695273149647,0.013959899272588587,0.28747057341244675
18331,0.3811453065798586,0.06525073734053739,0.553603956079604
18332,0.8640924629841898,0.005382660490253675,0.13052487652555644
18333,0.9600782283109476,0.006248576059244737,0.03367319562980764
18334,0.9845514465438219,0.00037541311838620086,0.015073140337792027
18335,0.957286280604625,0.002371598828674722,0.04034212056670029
18336,0.3405480729402971,0.001584160568614356,0.6578677664910886
18337,0.38692243778948326,0.43571562014122384,0.17736194206929298
18338,0.9199957502697292,0.006248491205019946,0.07375575852525079
18339,0.9697331743498075,0.0008937556529361162,0.029373069997256317
18340,0.858384552336162,0.08212126403383539,0.059494183630002716
18341,0.9972857913537004,0.0003816386882470982,0.0023325699580524564
18342,0.9793526420416708,0.0018898433977453557,0.018757514560583947
18343,0.974598439902136,0.0017122031664930806,0.02368935693137093
18344,0.40515173134976634,0.02859718773199402,0.5662510809182397
18345,0.927524274019276,0.007860367828209381,0.06461535815251468
18346,0.9838207445867853,0.0027829569634144416,0.013396298449800321
18347,0.047038163326503596,0.01099026106039733,0.9419715756130991
18348,0.9920459035852308,0.0017396917683348918,0.006214404646434166
18349,0.9728479692351637,0.01411298513560547,0.013039045629230868
18350,0.9673595467501596,0.002988691144866475,0.02965176210497392
18351,0.924540389962535,0.0009785673974850913,0.07448104263997994
18352,0.9862276830453452,0.0033945159289503427,0.010377801025704476
18353,0.10617326037909693,0.011690848135745112,0.8821358914851579
18354,0.9208828458143916,0.002086379982356719,0.07703077420325163
18355,0.8558468826796709,0.0019074206469475972,0.14224569667338144
18356,0.8881401595589861,0.007175534518261564,0.10468430592275228
18357,0.9714131498840043,0.002918329859624461,0.025668520256371178
18358,0.9848504787694721,0.0005633658596895676,0.01458615537083836
18359,0.9061496328115743,0.002576080582946646,0.09127428660547904
18360,0.25662594718794385,0.03065256494167783,0.7127214878703783
18361,0.9859665607292567,0.008011240156161828,0.006022199114581501
18362,0.027093276872497803,0.007931388709823699,0.9649753344176786
18363,0.9692673973836221,0.005768463535222809,0.02496413908115515
18364,0.9517882346621471,0.007519387167239933,0.040692378170613004
18365,0.3245731109753995,0.0011095758612637975,0.6743173131633368
18366,0.8134116143611523,0.10988595513007643,0.0767024305087712
18367,0.463011968131755,0.00535539602522894,0.531632635843016
18368,0.013350008032854499,0.004376136516682698,0.9822738554504629
18369,0.008595655374172019,0.00036780705350062027,0.9910365375723273
18370,0.48687388487298094,0.014491440585052449,0.4986346745419666
18371,0.025526913875788013,0.003063816177273022,0.971409269946939
18372,0.035677050724195795,0.0013248344677706811,0.9629981148080335
18373,0.27302968255923754,0.49682837142981906,0.23014194601094332
18374,0.9067633338224999,0.0012607314390763076,0.09197593473842385
18375,0.9216764388578159,0.0045779569060453735,0.07374560423613871
18376,0.9708443050927243,0.002680196405788447,0.026475498501487168
18377,0.9830622780297775,0.009731310976341277,0.007206410993881064
18378,0.10276969593739395,0.06628583972705433,0.8309444643355518
18379,0.2181420614332783,0.001918200622830314,0.7799397379438915
18380,0.8553914513155635,0.00655004365148874,0.13805850503294778
18381,0.9143062251735629,0.00843867759370336,0.07725509723273379
18382,0.9706511442191819,0.0011950505485720396,0.028153805232246237
18383,0.9137267411534015,0.0017712101283119893,0.08450204871828651
18384,0.881579869963963,0.0006559070711778698,0.11776422296485906
18385,0.9704855727684005,0.0028388615912550257,0.026675565640344377
18386,0.9169486199855094,0.0033071980722962436,0.07974418194219439
18387,0.9805402421014611,0.0004515865481347249,0.019008171350404314
18388,0.019019180072233372,0.04300066153306809,0.9379801583946985
18389,0.1944784835917777,0.014347282571750178,0.7911742338364721
18390,0.7055635143318247,0.011190142737751966,0.28324634293042333
18391,0.8621181038963275,0.0014171349494859588,0.1364647611541865
18392,0.04447881442077402,0.0016764448766837855,0.9538447407025422
18393,0.9603382680151192,0.009356615930251062,0.0303051160546297
18394,0.9296609645784377,0.03215544018132909,0.03818359524023311
18395,0.9461179327423037,0.003818740804043657,0.05006332645365258
18396,0.7833832753480371,0.1114681835699266,0.10514854108203645
18397,0.9731006995590379,0.0014730552107639011,0.025426245230198243
18398,0.9441650155840415,0.005931969940888214,0.04990301447507032
18399,0.12576929720116015,0.0014010859731806598,0.8728296168256592
18400,0.13128242678282695,0.019759040072338533,0.8489585331448346
18401,0.4753747663781303,0.001588508627189308,0.5230367249946803
18402,0.21281783504036245,0.11743007119517113,0.6697520937644664
18403,0.9190031257776909,0.01605108675095306,0.06494578747135601
18404,0.930541800851631,0.028987845197128242,0.04047035395124076
18405,0.7784841995833464,0.0022114245538884837,0.21930437586276513
18406,0.9466363819588712,0.0013824079366391876,0.051981210104489584
18407,0.8824702075077638,0.002102335504854894,0.1154274569873813
18408,0.9859566957611378,0.0003351543598463619,0.013708149879015957
18409,0.9923004828400637,0.005155658897389953,0.002543858262546433
18410,0.7997963999175642,0.0030998592562570633,0.19710374082617876
18411,0.4312958955881743,0.3418151552643116,0.226888949147514
18412,0.7443467469967745,0.03836076191306399,0.21729249109016152
18413,0.06894239899134835,0.025935628698369354,0.9051219723102824
18414,0.8213830984078102,0.01611637468060513,0.1625005269115847
18415,0.8610789423713375,0.0028526925817408894,0.13606836504692163
18416,0.0011223465291732783,0.0033160478322804944,0.9955616056385463
18417,0.9901577960509829,0.0006077219446184708,0.009234482004398487
18418,0.05518670169560234,0.007259005472726506,0.9375542928316712
18419,0.9664569981197746,0.005073224920894212,0.02846977695933114
18420,0.9754667977071363,0.014618015280835565,0.009915187012028141
18421,0.9445397375919226,0.0024575160894531422,0.05300274631862445
18422,0.9909235638882595,0.0018060022396178882,0.007270433872122719
18423,0.9271972854862885,0.001714341597722993,0.07108837291598848
18424,0.9916561636670831,0.0011768638226728964,0.0071669725102440135
18425,0.10404123442754504,0.5386153852914515,0.3573433802810035
18426,0.9757435983810007,0.006966440556772872,0.01728996106222644
18427,0.9747207853347155,0.0011059143803326796,0.024173300284951713
18428,0.6215202183602727,0.02168657732282433,0.35679320431690287
18429,0.1066851669513536,0.012236579899021983,0.8810782531496244
18430,0.9462128685257718,0.00017688137089881642,0.053610250103329385
18431,0.02743869696864812,0.0016616045123549038,0.9708996985189969
18432,0.6730249060652491,0.01383573475864815,0.3131393591761027
18433,0.3995179057786361,0.04320979610146878,0.557272298119895
18434,0.9533153979061276,0.0051494217771572565,0.04153518031671498
18435,0.12270533715439393,0.01299227271972964,0.8643023901258764
18436,0.8168762692197502,0.06709855013859722,0.11602518064165258
18437,0.09820653516276398,0.03818097031948206,0.863612494517754
18438,0.8824164964317197,0.002681965485476326,0.1149015380828039
18439,0.9834602109917797,0.0008484687840715239,0.015691320224148944
18440,0.4562836744179314,0.00899289062653633,0.5347234349555324
18441,0.9888416744258218,0.0011732611543333142,0.009985064419844768
18442,0.19891599117431158,0.012934062626848613,0.7881499461988398
18443,0.7498458496086088,0.12319236919890944,0.12696178119248183
18444,0.4396663189116494,0.028066466511044136,0.5322672145773065
18445,0.926868342351554,0.034557934834573575,0.038573722813872356
18446,0.9441631253622252,0.004735990277363847,0.05110088436041092
18447,0.49363665832771253,0.014167666196804521,0.4921956754754829
18448,0.866371275650797,0.001307576328318928,0.1323211480208841
18449,0.9688494973886924,0.0024188576355398963,0.028731644975767714
18450,0.7838951532680285,0.0111222784974662,0.20498256823450534
18451,0.4377518342400246,0.006015802112441656,0.5562323636475337
18452,0.9214367720121822,0.00944685619196935,0.06911637179584842
18453,0.7839286974733648,0.0005659362824934005,0.21550536624414188
18454,0.10011165941064167,0.005079756786544973,0.8948085838028134
18455,0.03070129675906857,0.010863894665415713,0.9584348085755157
18456,0.6450084638798613,0.006874992310942806,0.34811654380919604
18457,0.8132284138144126,0.003608122267012478,0.1831634639185749
18458,0.9381554982398883,0.0046981465194645845,0.05714635524064706
18459,0.9143473475665972,0.0030082440630871056,0.08264440837031575
18460,0.20926906787291066,0.007161957302107155,0.7835689748249822
18461,0.3507813643120994,0.019158754706056835,0.6300598809818438
18462,0.787511680747822,0.00604102345763633,0.20644729579454166
18463,0.9945224103009519,0.0009067403632209488,0.004570849335827145
18464,0.068252642972564,0.005421492559369395,0.9263258644680665
18465,0.9633614780642483,0.0009265379451185512,0.03571198399063309
18466,0.030844164426113537,0.007992131026748743,0.9611637045471377
18467,0.062268581203025815,0.008267987134908977,0.9294634316620652
18468,0.9030217547282611,0.0027682214957385214,0.09421002377600046
18469,0.0018577707052086917,0.0008250024981947463,0.9973172267965966
18470,0.4859464643798384,0.008087287105174387,0.5059662485149873
18471,0.05915396593567673,0.027511764425945162,0.9133342696383782
18472,0.9084669006200017,0.0021412087412606864,0.08939189063873762
18473,0.9768350605578836,0.004888018351294758,0.01827692109082171
18474,0.05361378094059057,0.011926751373697642,0.9344594676857119
18475,0.9307815451830962,0.001930985368410409,0.06728746944849344
18476,0.02287319859609823,0.004140003584009715,0.9729867978198922
18477,0.11706249407581634,0.07703074003145687,0.8059067658927268
18478,0.04183925345068677,0.000867588255331564,0.9572931582939816
18479,0.818156449659892,0.05224566262109932,0.1295978877190086
18480,0.9620063798030022,0.00879168993061645,0.029201930266381376
18481,0.1649537204717211,0.008645895067947747,0.8264003844603311
18482,0.36056557254377297,0.0024548711502117024,0.6369795563060153
18483,0.13694884206574015,0.0017409142469361726,0.8613102436873236
18484,0.7733906609378863,0.02097905090318606,0.2056302881589276
18485,0.9673374727871963,0.0052907923855552074,0.027371734827248556
18486,0.5278260225609198,0.020386204300696306,0.45178777313838375
18487,0.9593787507548717,0.0034971246115617274,0.037124124633566534
18488,0.014152234345770622,0.0008601950431775556,0.9849875706110519
18489,0.4363314952344513,0.0029832176473590785,0.5606852871181897
18490,0.5138064763021565,0.00603336445223722,0.4801601592456063
18491,0.030262672853185905,0.0014804829634150593,0.9682568441833991
18492,0.4102889719614462,0.10398835040430789,0.48572267763424604
18493,0.03248321897586314,0.014967184305710554,0.9525495967184263
18494,0.08613501568269562,0.08487002561250523,0.8289949587047992
18495,0.343170047151292,0.07251460303752054,0.5843153498111874
18496,0.060514717871974266,0.002579262198786914,0.9369060199292388
18497,0.833698796245652,0.040823348319490846,0.12547785543485715
18498,0.7746982106097363,0.013591167544161044,0.21171062184610273
18499,0.9510640152769181,0.002165977599968949,0.046770007123112994
18500,0.9701090261182826,0.0010735719588904004,0.02881740192282694
18501,0.9497954853367936,0.004462215407769855,0.04574229925543657
18502,0.9478337749814002,0.0025490031859162943,0.04961722183268356
18503,0.5477089359383512,0.014880636046135235,0.43741042801551355
18504,0.4815631034614179,0.041712720592697775,0.4767241759458843
18505,0.9885771007426771,0.0006941844622316167,0.010728714795091148
18506,0.9300688601973297,0.003698555226491795,0.06623258457617853
18507,0.24390388732955778,0.021197878960760835,0.7348982337096814
18508,0.9433592378236305,0.015772687031229676,0.0408680751451398
18509,0.9252591943212753,0.006704723239994928,0.06803608243872976
18510,0.9303782443415587,0.00236924462486424,0.06725251103357702
18511,0.9869258636811385,0.00389497823522102,0.009179158083640521
18512,0.8984533817705431,0.00038926409987152013,0.10115735412958535
18513,0.9932403710893748,0.001085747266975703,0.005673881643649568
18514,0.9365762797888171,0.0003869313228810757,0.06303678888830173
18515,0.9589568521810266,0.008961018087148907,0.03208212973182463
18516,0.49109757750624655,0.08225000133605681,0.42665242115769664
18517,0.9851748821056169,0.0011245588415181105,0.013700559052864894
18518,0.9714635014031469,0.002175581258772081,0.026360917338080946
18519,0.978665198949923,0.0007223760976657625,0.020612424952411196
18520,0.9598227042784038,0.01187311466527395,0.02830418105632232
18521,0.9920493900387455,0.001620088206503787,0.006330521754750693
18522,0.07134315357936134,0.001956676152443464,0.9267001702681952
18523,0.03676237299332606,0.002929058907724386,0.9603085680989495
18524,0.9424573291941561,0.01569329014192435,0.04184938066391953
18525,0.9611969584215191,0.0009344548670811358,0.0378685867113998
18526,0.986215543946266,0.004394559244966527,0.009389896808767487
18527,0.7844117430926086,0.004660069995119842,0.2109281869122715
18528,0.9188308231939344,0.011560771107860602,0.06960840569820503
18529,0.029790927201539467,0.0010249020857193048,0.9691841707127412
18530,0.9220100558368685,0.0020756471344013905,0.07591429702873011
18531,0.9099260647296028,0.0008094778741067409,0.08926445739629056
18532,0.9678046300354461,0.0034418943416633582,0.02875347562289059
18533,0.037852734279109825,0.00204435417652397,0.9601029115443662
18534,0.8204975252572276,0.01655785246199811,0.16294462228077425
18535,0.9713836647409215,0.010614929852313076,0.018001405406765328
18536,0.7667683419684664,0.05138182848195709,0.18184982954957649
18537,0.8295317876824992,0.0023427342415658844,0.16812547807593486
18538,0.014174836757560328,0.0036577685564455273,0.9821673946859941
18539,0.9564581455258021,0.0025594011310209083,0.040982453343176975
18540,0.9654033980594668,0.007633125172476081,0.026963476768057028
18541,0.6219055285808875,0.007230026346211961,0.3708644450729004
18542,0.98498650998443,0.0005978335182033331,0.014415656497366591
18543,0.9442619925014576,0.017204569351978907,0.03853343814656352
18544,0.5054404087824871,0.07772252082282416,0.41683707039468887
18545,0.934774083498477,0.002338150202976915,0.062887766298546
18546,0.9283435609008307,0.003116719710898655,0.06853971938827058
18547,0.9882720546359087,0.0003956915271950262,0.011332253836896173
18548,0.7300584025179767,0.00619030720801284,0.2637512902740104
18549,0.5952386274559963,0.008749580234852509,0.39601179230915123
18550,0.07797692877173738,0.006535337523145719,0.9154877337051168
18551,0.36911730809304727,0.017474191568606273,0.6134085003383465
18552,0.9962084137766105,0.0007902899219021554,0.0030012963014873772
18553,0.8883031726916706,0.015015368601565264,0.0966814587067641
18554,0.01963284700351026,0.0010296953581876735,0.9793374576383022
18555,0.8396386956807151,0.007634016211666391,0.15272728810761843
18556,0.6009287330058335,0.005966139655362271,0.3931051273388043
18557,0.37295993352650697,0.010396970074435755,0.6166430963990573
18558,0.08362147898935583,0.013162717365027634,0.9032158036456165
18559,0.10629907687958387,0.005005107667395806,0.8886958154530203
18560,0.9112746700888551,0.013683856894813214,0.07504147301633173
18561,0.8547803887540805,0.0018631469547255967,0.14335646429119395
18562,0.4998501329921406,0.015680556740579228,0.48446931026728024
18563,0.045560206152964085,0.0041534931757405075,0.9502863006712955
18564,0.97038576723602,0.004041077518652783,0.025573155245327304
18565,0.14403951515186095,0.026795374467213244,0.8291651103809259
18566,0.08114574252209054,0.06028878696102713,0.8585654705168824
18567,0.20051572118463368,0.034481241699183714,0.7650030371161827
18568,0.28153533519053375,0.6699525416563226,0.04851212315314364
18569,0.8403860107992955,0.002612157814874906,0.15700183138582957
18570,0.9787929977667574,0.008317383449830643,0.012889618783411935
18571,0.3204430448919334,0.0025047925285402645,0.6770521625795263
18572,0.9290084811726914,0.0033546475673386505,0.06763687125997005
18573,0.42629888092728313,0.32193545707758314,0.25176566199513367
18574,0.8252612134573221,0.00883193902516917,0.1659068475175088
18575,0.8678893429397757,0.01241945043818502,0.11969120662203933
18576,0.9330405843900158,0.002531815228886151,0.0644276003810981
18577,0.16441501222198604,0.03832083292211687,0.7972641548558972
18578,0.9651635742630391,0.0038427148656707093,0.030993710871290166
18579,0.031175127791133222,0.0030834251298643613,0.9657414470790024
18580,0.9898616640718404,0.0048724077687181434,0.00526592815944148
18581,0.5094466785721875,0.003964309540394635,0.4865890118874178
18582,0.5809993781380922,0.008050916291307733,0.41094970557059995
18583,0.9450042856774677,0.002027340538606692,0.05296837378392558
18584,0.02434400819254663,0.028230655615730613,0.9474253361917226
18585,0.020383241904618432,0.017515874664302277,0.9621008834310792
18586,0.52042833159666,0.06844985211883954,0.4111218162845005
18587,0.4707892341070747,0.0013904574633117194,0.5278203084296136
18588,0.869722376107672,0.005082296059220399,0.12519532783310758
18589,0.8744255946894859,0.0851499575718977,0.040424447738616434
18590,0.08799670797099689,0.008745618280396928,0.9032576737486061
18591,0.6011748683661752,0.0016332145989085523,0.3971919170349162
18592,0.9131072398221116,0.007012236370094631,0.0798805238077937
18593,0.9883863857582673,0.0002401830105473433,0.01137343123118541
18594,0.8964227647317127,0.0013365453435359332,0.10224068992475135
18595,0.9925881161019229,0.0003706486930571682,0.007041235205019976
18596,0.11990331322202002,0.009069380753345119,0.8710273060246349
18597,0.7839758644966447,0.013124340076419836,0.2028997954269354
18598,0.4264840954899746,0.10158269906080812,0.47193320544921724
18599,0.33689549108240746,0.49900517841673236,0.16409933050086004
18600,0.052814229760156275,0.022240512295046207,0.9249452579447974
18601,0.9270375145278538,0.02603550793638896,0.04692697753575726
18602,0.6916803688794445,0.004487467205874887,0.30383216391468043
18603,0.7692296180230138,0.000804339029356056,0.22996604294763018
18604,0.7284770159484338,0.017557285371654192,0.25396569867991203
18605,0.9632955304274848,0.0007334360053571417,0.03597103356715808
18606,0.3871652613685037,0.026624936309107727,0.5862098023223886
18607,0.9445045176510926,0.014418969377791267,0.04107651297111617
18608,0.9312867345577712,0.0030045508083664505,0.06570871463386223
18609,0.9704641305263078,0.012687825820065564,0.01684804365362668
18610,0.9196501693143062,0.021980213433687227,0.05836961725200658
18611,0.6896310171988864,0.005306438932904498,0.305062543868209
18612,0.977185326634741,0.0016699638047946812,0.02114470956046428
18613,0.29753317401982166,0.003574291487011122,0.6988925344931672
18614,0.7453146005883547,0.06361916113674089,0.19106623827490435
18615,0.986026819686259,0.0016165030696614158,0.012356677244079614
18616,0.9505851340579143,0.011152928538697045,0.03826193740338862
18617,0.921587713117226,0.023981064886195218,0.05443122199657883
18618,0.6473129975795529,0.0835459955762294,0.26914100684421777
18619,0.8680949273627246,0.005313871494759231,0.12659120114251612
18620,0.8348301385621687,0.034727447914348945,0.13044241352348243
18621,0.024054644752591232,0.0006830688485771857,0.9752622863988315
18622,0.9178976892073516,0.026841322854032942,0.055260987938615426
18623,0.9299501918609082,0.022045297948280997,0.04800451019081068
18624,0.7719178548684501,0.003709281212913983,0.2243728639186359
18625,0.9771400166204879,0.00023955100352600085,0.02262043237598618
18626,0.9187980452390812,0.005183672616140678,0.07601828214477828
18627,0.9662040806257557,0.0018702726440325704,0.031925646730211706
18628,0.9582146616688537,0.0025323718369357827,0.039252966494210534
18629,0.833634686101625,0.0013124979720361045,0.16505281592633886
18630,0.9846992655035055,0.0006920945392518339,0.01460863995724273
18631,0.05519372381416348,0.000731507051572786,0.9440747691342638
18632,0.9711113662145244,0.0067149024835996985,0.0221737313018759
18633,0.9329938445288195,0.009951694448682335,0.05705446102249817
18634,0.9914675401888279,0.0005008400952640112,0.008031619715908146
18635,0.8796704105717902,0.0065195900901085695,0.11380999933810136
18636,0.01232475792481961,0.0012619556207881682,0.9864132864543923
18637,0.6595777240391598,0.005013009029636331,0.33540926693120393
18638,0.9763352786186669,0.00047883158885806846,0.023185889792474993
18639,0.6500513766265197,0.33522572150348,0.01472290187000021
18640,0.029799745822909254,0.00218582075503248,0.9680144334220582
18641,0.9935992260330527,0.0003554013745850462,0.00604537259236219
18642,0.9616375545861106,0.0070988264123827746,0.031263619001506676
18643,0.9841742875835859,0.0022614357536137083,0.013564276662800532
18644,0.8864002422648686,0.04223068000800422,0.07136907772712726
18645,0.20923066236627436,0.0031360529198288002,0.7876332847138968
18646,0.11736811968129285,0.021158366491685815,0.8614735138270214
18647,0.9210886200577411,0.004793380835836599,0.07411799910642237
18648,0.5512568942592758,0.018131860535419427,0.4306112452053049
18649,0.9114011087059662,0.007506176457887108,0.08109271483614666
18650,0.9905192086899358,0.002345493837404012,0.007135297472660216
18651,0.9221352040374061,0.02689301623230593,0.05097177973028799
18652,0.9674706599814539,0.0028413728219560353,0.029687967196590098
18653,0.9556336853321259,0.00930494793119395,0.035061366736680095
18654,0.5543910784922671,0.03198341246383578,0.4136255090438971
18655,0.005387024536138995,0.0002474104542465075,0.9943655650096146
18656,0.3300011539512129,0.005803312177357545,0.6641955338714296
18657,0.11229813034013093,0.001365390759199663,0.8863364789006694
18658,0.8589531139256563,0.0196607028984391,0.12138618317590444
18659,0.7992900787934973,0.13931065077882138,0.06139927042768137
18660,0.9739749610737967,0.004046411113317748,0.021978627812885478
18661,0.3973645478038691,0.0045743946693289,0.598061057526802
18662,0.8090246247858809,0.00892062919018518,0.182054746023934
18663,0.957058597300401,0.0018209684745492743,0.04112043422504972
18664,0.9678542270299222,0.01828923112672982,0.013856541843347895
18665,0.9843113761869212,0.008304397293353291,0.007384226519725425
18666,0.8958111461081796,0.0031585425122674124,0.10103031137955304
18667,0.006364174439872881,0.0010238759334335748,0.9926119496266936
18668,0.03458730545115084,0.0005716471753315896,0.9648410473735176
18669,0.6002064730874577,0.019738871238714623,0.3800546556738276
18670,0.9685646364993304,0.00025906141411143253,0.031176302086558128
18671,0.07242641885329212,0.010530468298464185,0.9170431128482437
18672,0.9626355550988618,0.0004172316492654721,0.03694721325187265
18673,0.004595196257652963,0.0013004938399179076,0.994104309902429
18674,0.11143872417956861,0.002098753146770554,0.8864625226736607
18675,0.9897027049508195,0.0008908888947249105,0.009406406154455602
18676,0.9566309017083952,0.011827138016470205,0.0315419602751347
18677,0.9694035582929268,0.0005537700982283085,0.03004267160884494
18678,0.40973202547145254,0.009759297486794149,0.5805086770417535
18679,0.9402540802370442,0.04727485054332608,0.012471069219629738
18680,0.9190171852401047,0.004672534717924799,0.07631028004197045
18681,0.9573403932472142,0.008458760212782393,0.034200846540003306
18682,0.5465733837395489,0.029813484758147133,0.423613131502304
18683,0.009967014621574895,0.0019049254016878729,0.9881280599767371
18684,0.07467125396177929,0.008666789661285017,0.9166619563769357
18685,0.9948258230297452,0.0006058031110397766,0.0045683738592150434
18686,0.7491596323464516,0.17960163203868162,0.0712387356148668
18687,0.9633260490948217,0.00040397337202594224,0.036269977533152406
18688,0.9837987592837726,0.003267597835780545,0.012933642880446967
18689,0.0012688676623359818,0.0002884747209929827,0.998442657616671
18690,0.7303469757437978,0.017860865592828134,0.25179215866337407
18691,0.11124619848063229,0.02383648545959848,0.8649173160597692
18692,0.6543768578783372,0.0033940030091066963,0.34222913911255604
18693,0.8993462200424038,0.0627920830388362,0.037861696918760006
18694,0.9722977086689044,0.005813769702966713,0.021888521628128974
18695,0.9716635072515468,0.0023357622421606573,0.026000730506292657
18696,0.9836436213353924,0.0026288192105674516,0.013727559454040188
18697,0.5341568619867461,0.14566493297140656,0.3201782050418474
18698,0.907321656334648,0.002549063782973834,0.09012927988237814
18699,0.29828084147866757,0.0031410026838197855,0.6985781558375126
18700,0.9746439232904204,0.008743295184580181,0.016612781524999502
18701,0.9368659472141837,0.010108356765765327,0.05302569602005094
18702,0.7696051621250946,0.004489445920561229,0.22590539195434417
18703,0.9798252164008008,0.001312231624804731,0.018862551974394508
18704,0.9851441929718702,0.007840253531763876,0.007015553496365964
18705,0.8917675704102548,0.018330676023923693,0.0899017535658215
18706,0.9118657530913227,0.049498011046563484,0.03863623586211375
18707,0.04904843759462728,0.013125013872846023,0.9378265485325267
18708,0.6062024196273539,0.1646331085757474,0.2291644717968988
18709,0.6619233387915888,0.019039395976236342,0.3190372652321748
18710,0.47118118202237197,0.00377483027942641,0.5250439876982016
18711,0.876501446513201,0.00310620154569011,0.12039235194110873
18712,0.014585692206236588,0.004135913177755365,0.981278394616008
18713,0.6173121791319213,0.0036252471355770503,0.37906257373250163
18714,0.9004159447890719,0.00048216592180933834,0.09910188928911869
18715,0.8613997845002312,0.002089815579409448,0.13651039992035918
18716,0.973967264164275,0.003069892019060024,0.022962843816664795
18717,0.2460698816333174,0.03523600681871972,0.7186941115479629
18718,0.449018132153914,0.12855395452056578,0.42242791332552027
18719,0.5968443441540531,0.005234314810540512,0.3979213410354064
18720,0.9797315184616562,0.0038462343526213727,0.016422247185722588
18721,0.6770541889358512,0.007594716200561729,0.31535109486358703
18722,0.08000491617172731,0.01312001753141238,0.9068750662968603
18723,0.9799043037663978,0.0025028095771613035,0.017592886656440904
18724,0.7106020592252916,0.0010797152515031052,0.28831822552320524
18725,0.020718005530245647,0.030886504422603392,0.9483954900471508
18726,0.9791408549084032,0.0008170907874331264,0.020042054304163625
18727,0.9504188311844983,0.021208694222994526,0.028372474592507104
18728,0.6087813524253527,0.012192732692489093,0.37902591488215837
18729,0.580539421079699,0.03067141604663082,0.38878916287367016
18730,0.9900628835353043,0.0035731440530804262,0.0063639724116153415
18731,0.9106211088831302,0.001853085748461849,0.08752580536840794
18732,0.8116724653065085,0.004150405251504784,0.1841771294419868
18733,0.9375605576858485,0.015331512305537842,0.04710793000861363
18734,0.32094500220148214,0.08317138903109969,0.5958836087674182
18735,0.978170182533832,0.0011625667112302699,0.020667250754937586
18736,0.28640654008867034,0.13177864056537525,0.5818148193459545
18737,0.9045224429624189,0.006000685413312276,0.08947687162426878
18738,0.08246614283468916,0.05604208302215988,0.8614917741431509
18739,0.0010087593700105297,0.0004464304154284067,0.998544810214561
18740,0.9198045266389269,0.002219985340423339,0.07797548802064976
18741,0.198820058146334,0.004552809088399391,0.7966271327652668
18742,0.9283538718945186,0.002281916207473639,0.06936421189800775
18743,0.1460656159184574,0.003290287837548558,0.850644096243994
18744,0.2017913241460477,0.48195547403710404,0.31625320181684835
18745,0.9764051754565456,0.010862415650322801,0.012732408893131562
18746,0.9870581756781719,0.0018168965704225908,0.011124927751405528
18747,0.9298431850965632,0.004116795023576432,0.06604001987986045
18748,0.8910304880915032,0.06601247302726788,0.04295703888122886
18749,0.7576176616932033,0.0597790918163753,0.18260324649042145
18750,0.9568206818548688,0.022095855135797295,0.021083463009333933
18751,0.34818642466161565,0.012642121338548524,0.6391714539998358
18752,0.9362288798705614,0.0301584583489443,0.03361266178049444
18753,0.937169688121658,0.0004772919009655326,0.06235301997737637
18754,0.17878748260957883,0.02794565190091776,0.7932668654895034
18755,0.9311806443719595,0.0012764983352680493,0.06754285729277261
18756,0.986634269280054,0.0012116915632165491,0.012154039156729439
18757,0.8861613720725757,0.008407065420318745,0.10543156250710553
18758,0.6604961746567855,0.027677882109007925,0.31182594323420654
18759,0.9882525876201917,0.0007723242418502149,0.010975088137958087
18760,0.6292980769120605,0.029903417210674237,0.3407985058772652
18761,0.08067406386626146,0.015748096411054794,0.9035778397226837
18762,0.877143198330805,0.0032321749824481194,0.11962462668674675
18763,0.7345827296321066,0.004432653709971163,0.2609846166579223
18764,0.24900586575984404,0.03590063513858353,0.7150934991015724
18765,0.06947647837823173,0.3902899755857968,0.5402335460359714
18766,0.9156674367692961,0.013593487716184906,0.07073907551451916
18767,0.03906663776118077,0.002851387285649734,0.9580819749531695
18768,0.6269876176828281,0.013165289861293901,0.359847092455878
18769,0.8756118378597046,0.021750701489732554,0.1026374606505628
18770,0.7051646295646715,0.002087004092606756,0.29274836634272167
18771,0.9758634235993467,0.0029610559605602674,0.021175520440093014
18772,0.9211547127067482,0.019592578698098054,0.059252708595153664
18773,0.9560761289582039,0.015311858448703078,0.028612012593093105
18774,0.9524990713982195,0.00199517045659026,0.045505758145190256
18775,0.9887386965882454,0.0013658166788959466,0.009895486732858666
18776,0.9710228001648366,0.003935064853875217,0.025042134981288235
18777,0.9245394067998273,0.0025368835157178753,0.07292370968445484
18778,0.9470973144973727,0.03759275024851857,0.015309935254108847
18779,0.5479254917357264,0.005437351721027293,0.4466371565432464
18780,0.9954444023570739,0.0003083808922919974,0.004247216750634104
18781,0.62348046100922,0.026349492011819478,0.35017004697896054
18782,0.7772916232241383,0.008294139079633474,0.21441423769622828
18783,0.2639675179947454,0.0059676441737531345,0.7300648378315014
18784,0.7338508347973811,0.007444771481304597,0.2587043937213143
18785,0.790248726760433,0.0030475855820284647,0.20670368765753858
18786,0.9845879012228318,0.00038453530900852713,0.015027563468159642
18787,0.9699615660585879,0.00481976732876457,0.025218666612647662
18788,0.9861478361400701,0.0009562837395718455,0.012895880120358203
18789,0.38088605436383194,0.006523329531209579,0.6125906161049585
18790,0.8356219892528893,0.055349058606811614,0.10902895214029906
18791,0.9899317058965214,0.00027927968944305365,0.009789014414035659
18792,0.9110249524880583,0.0027747602366588954,0.08620028727528281
18793,0.9919368762301379,0.002780593698768265,0.005282530071093927
18794,0.9574401702036648,0.0026856541791312506,0.03987417561720397
18795,0.2782686415147724,0.2684773314021684,0.4532540270830593
18796,0.8057965435650861,0.032818729642078125,0.16138472679283566
18797,0.06870195854646056,0.035341210622221036,0.8959568308313183
18798,0.9684673536277317,0.013075893215301447,0.01845675315696686
18799,0.9868050988544568,0.0019856413984926167,0.011209259747050703
18800,0.016251460256961423,0.0021776524340822064,0.9815708873089564
18801,0.09748986885227007,0.012240197541248514,0.8902699336064813
18802,0.1725174583815201,0.00412906408994237,0.8233534775285376
18803,0.9931841820189045,0.0008680099474974343,0.005947808033598036
18804,0.6713468644065878,0.16425215197644638,0.16440098361696595
18805,0.9907532444217785,0.0003601879402872865,0.008886567637934294
18806,0.0313391567131564,0.005918161297672178,0.9627426819891713
18807,0.13319217698703056,0.005076700266185673,0.8617311227467838
18808,0.07829934430424848,0.015316529267221133,0.9063841264285303
18809,0.02231091377759166,0.001617346134517631,0.9760717400878908
18810,0.9524702231171797,0.0008535150198958093,0.04667626186292433
18811,0.9294661647825714,0.0005556535749521736,0.06997818164247638
18812,0.9813069871756006,0.0005385935612942451,0.018154419263105126
18813,0.9934510505576715,0.0009302977189049539,0.005618651723423638
18814,0.6797336741230378,0.002162698168385412,0.3181036277085767
18815,0.9575064664933751,0.005778487553075727,0.036715045953549186
18816,0.9816593622278834,0.005427850401819687,0.01291278737029699
18817,0.9760739591382579,0.008387713772408602,0.01553832708933347
18818,0.769510672062784,0.01557391569937967,0.21491541223783633
18819,0.04853587743842971,0.005474109286381687,0.9459900132751886
18820,0.8728571775709091,0.004923290293287987,0.12221953213580293
18821,0.9888051958345304,0.006134958376078518,0.005059845789391033
18822,0.37937853244617614,0.02476495756924227,0.5958565099845815
18823,0.5156343505805224,0.02435031621965604,0.4600153331998215
18824,0.9721162714016771,0.0026381960619583553,0.025245532536364614
18825,0.9717579246815679,0.007580130994072097,0.020661944324360113
18826,0.07053068242609954,0.08631901635928645,0.843150301214614
18827,0.9915771016402094,0.00013871944064661497,0.008284178919143992
18828,0.9859463937233889,0.0006272880143561007,0.013426318262255061
18829,0.7952229845230422,0.0035366824538963647,0.20124033302306138
18830,0.3919653098236365,0.015130991587619972,0.5929036985887436
18831,0.8034419564339875,0.07798369141344479,0.11857435215256763
18832,0.9933573167724965,0.0007427643131457633,0.005899918914357764
18833,0.1165911282617406,0.10948886379395589,0.7739200079443035
18834,0.026039153519897086,0.0006513942307012976,0.9733094522494017
18835,0.9841118521641876,0.0008020997542424978,0.015086048081569858
18836,0.7984579412018453,0.02450401062541706,0.17703804817273763
18837,0.728736935686905,0.04743790020801373,0.22382516410508121
18838,0.9421694101326296,0.021814793832847557,0.03601579603452285
18839,0.4762946556885331,0.0033701072516570596,0.5203352370598099
18840,0.876625788614295,0.031737221194547575,0.09163699019115734
18841,0.03640884373218984,0.0011622356863396708,0.9624289205814703
18842,0.8962817839576677,0.022172663881922714,0.08154555216040961
18843,0.9815819247133301,0.0037897560650742576,0.01462831922159559
18844,0.9134344627691918,0.010458423416653666,0.07610711381415454
18845,0.9733274512129324,0.000860822141336408,0.025811726645731236
18846,0.983638323648139,0.00048058468407177475,0.01588109166778933
18847,0.9599529448225863,0.03136759354845178,0.008679461628961853
18848,0.19352001067170244,0.009905007156648014,0.7965749821716495
18849,0.06571604326767462,0.004413910090812965,0.9298700466415124
18850,0.943000426317995,0.005574777439154499,0.051424796242850616
18851,0.764197446854572,0.0587361598186087,0.17706639332681934
18852,0.9611321013844306,0.006127173601368544,0.03274072501420091
18853,0.9755196711869522,0.007087786286312049,0.017392542526735826
18854,0.8527970785108957,0.01298196016341853,0.13422096132568587
18855,0.9465340284285954,0.010071596424644596,0.04339437514676001
18856,0.9468090624767163,0.005565190512919398,0.047625747010364344
18857,0.9531951501442224,0.001191115860812068,0.045613733994965495
18858,0.9208789523024838,0.0026324615756378317,0.07648858612187844
18859,0.000792837734730779,0.00011911712187718786,0.999088045143392
18860,0.4417885014686411,0.08916932121484526,0.46904217731651354
18861,0.11000601856913592,0.009217289170507853,0.8807766922603563
18862,0.28340746848925713,0.00980067501880269,0.7067918564919401
18863,0.882989509097511,0.015863763004815342,0.1011467278976738
18864,0.9825533258455326,0.0005185732709619353,0.016928100883505555
18865,0.9340916365426205,0.01649623724321855,0.049412126214160884
18866,0.9772879904381548,0.005529971485165749,0.017182038076679364
18867,0.8789090982051163,0.031080312191441983,0.09001058960344178
18868,0.9666919808913998,0.0023794976048901652,0.030928521503709918
18869,0.9586969900555067,0.0009994824986595881,0.04030352744583379
18870,0.13484275872180604,0.004078498175102165,0.8610787431030917
18871,0.558682019301609,0.05361522703381762,0.38770275366457346
18872,0.9282501287325499,0.03771660057873779,0.03403327068871238
18873,0.9853456615033324,0.006598216992416105,0.00805612150425151
18874,0.9378398248015286,0.0028088725460669395,0.05935130265240437
18875,0.05786897147951435,0.013961359188610188,0.9281696693318755
18876,0.9742681190871505,0.003180907501048833,0.022550973411800696
18877,0.9874903196274326,0.0014661188473428703,0.011043561525224671
18878,0.9742125296496025,0.0031355608216041804,0.0226519095287933
18879,0.8831989310558734,0.0026217886447943905,0.11417928029933223
18880,0.8653311349499093,0.0010148592155216547,0.13365400583456907
18881,0.08889619790596509,0.002417123096711248,0.9086866789973237
18882,0.9828264904023926,0.0034805631463054603,0.013692946451301995
18883,0.6955884207170281,0.013315137898045972,0.291096441384926
18884,0.9232522732984254,0.0025229613971688865,0.07422476530440572
18885,0.23783409251295834,0.027736356070101074,0.7344295514169407
18886,0.9303244887313736,0.0029145816575327946,0.0667609296110935
18887,0.6324931270029807,0.005921310169158448,0.3615855628278609
18888,0.9652749592884025,0.0014305702034460126,0.03329447050815154
18889,0.6600895147589736,0.0025660114087847014,0.33734447383224175
18890,0.003591953745377242,0.00034447469888084653,0.9960635715557419
18891,0.9802730262850179,0.0017084727140964197,0.018018501000885753
18892,0.9539833808767652,0.005493806331845713,0.0405228127913893
18893,0.9437754258121847,0.0016538357058330391,0.054570738481982246
18894,0.6794174184704637,0.014255522153201333,0.3063270593763349
18895,0.6599081262138126,0.03091137757897584,0.3091804962072115
18896,0.14473538220857143,0.11648096458835898,0.7387836532030696
18897,0.014116642780629608,0.003479927271251468,0.9824034299481189
18898,0.9065641052424374,0.0003752609920328563,0.09306063376552987
18899,0.8858681591137322,0.005698220255099201,0.10843362063116863
18900,0.9852550078270759,0.0015311206079714832,0.013213871564952576
18901,0.906742556168209,0.061273757327526455,0.0319836865042646
18902,0.9966119054010237,0.00014518442750056479,0.0032429101714757077
18903,0.9108050314919512,0.002271264927300321,0.08692370358074841
18904,0.9855435134574553,0.0035022615773468943,0.01095422496519778
18905,0.953018163764261,0.0017494032629073346,0.04523243297283179
18906,0.6931326615778504,0.004018897875289346,0.3028484405468602
18907,0.04167748467489987,0.0024767529883740536,0.955845762336726
18908,0.8485611580195916,0.006495736756461151,0.14494310522394716
18909,0.5027381030682166,0.0039244304004846685,0.49333746653129873
18910,0.9676009903546556,0.014722171029967857,0.017676838615376556
18911,0.6681549284138275,0.00309767160828549,0.32874739997788693
18912,0.9717158978943881,0.002661619375728774,0.02562248272988314
18913,0.014907997146849667,0.0019085221263124654,0.9831834807268379
18914,0.9630847954955961,0.0023908290132503324,0.034524375491153565
18915,0.7633973205324556,0.008212705665656758,0.22838997380188777
18916,0.9480936612673637,0.003054684450570153,0.04885165428206618
18917,0.48060072767932444,0.016864708229377207,0.5025345640912984
18918,0.3252680965323014,0.004379401270050449,0.6703525021976482
18919,0.01802465546839623,0.00015362050143764286,0.9818217240301662
18920,0.9535845944514383,0.009144658470350701,0.03727074707821104
18921,0.176093845948702,0.1389939700700115,0.6849121839812866
18922,0.8941181523664418,0.001022099762469954,0.1048597478710883
18923,0.7831921244988169,0.0028909065045357647,0.2139169689966474
18924,0.6848499930749149,0.0031547137468322228,0.3119952931782528
18925,0.9841958755581467,0.003965291972366824,0.01183883246948659
18926,0.9529717780665717,0.03189338605412799,0.015134835879300267
18927,0.9701475155558832,0.0032953446920439126,0.026557139752072908
18928,0.8148615043195688,0.0076599677995177395,0.17747852788091345
18929,0.9042371644655871,0.0017883328295158196,0.0939745027048971
18930,0.25910398163229165,0.01970610870807436,0.7211899096596341
18931,0.20629697099113206,0.0053877121683160245,0.7883153168405519
18932,0.4720385235100496,0.300712825840091,0.2272486506498593
18933,0.48217862398865363,0.018571705515659113,0.49924967049568736
18934,0.9022163529141202,0.0038280624063776582,0.09395558467950221
18935,0.9705579764101921,0.0008723540081717962,0.028569669581636002
18936,0.5576757929441726,0.008303504982031503,0.43402070207379584
18937,0.9533325746300869,0.0007416884735081848,0.045925736896404994
18938,0.9287392384699654,0.04248397488515869,0.028776786644875995
18939,0.9499854580619114,0.008029814739348945,0.041984727198739615
18940,0.7163121943789027,0.09755772837804859,0.18613007724304864
18941,0.9157512034946654,0.032649256070164494,0.05159954043517011
18942,0.3751554148549864,0.19861238419792768,0.4262322009470859
18943,0.014155304961043178,0.0022640020096980824,0.9835806930292587
18944,0.29329043766351837,0.026629438927878543,0.680080123408603
18945,0.830286985030051,0.01665948795746799,0.15305352701248082
18946,0.08752339187654609,0.003434655598752116,0.9090419525247019
18947,0.8520639865587111,0.0030333357641416994,0.1449026776771473
18948,0.9813940299749894,0.0010741689648378556,0.01753180106017282
18949,0.9807365571453598,0.0002783541594517468,0.018985088695188418
18950,0.9299548092352253,0.0003277389563500712,0.06971745180842455
18951,0.9548445202311899,0.00036228610548845556,0.04479319366332156
18952,0.5292081022536635,0.1023491279336179,0.36844276981271856
18953,0.0008258815475034802,0.00015149777980640497,0.9990226206726901
18954,0.7794276333785872,0.014055315639825313,0.20651705098158737
18955,0.00501850829691542,0.00016988753744752113,0.994811604165637
18956,0.9791287119130887,0.0022161646012447645,0.018655123485666433
18957,0.5037104742565484,0.004780271426513396,0.49150925431693815
18958,0.4915737340042546,0.017177157477423214,0.49124910851832215
18959,0.4148068032247852,0.012136262464717006,0.5730569343104976
18960,0.9750365969211368,0.008038148749123241,0.016925254329740028
18961,0.8679567273161467,0.0005138837631997926,0.13152938892065344
18962,0.9648719666738712,0.006233663900989567,0.02889436942513927
18963,0.9931443067701089,0.002655708940124286,0.004199984289766779
18964,0.8827450547757868,0.08318006312862603,0.034074882095587226
18965,0.41597291200553044,0.13086745027994046,0.4531596377145292
18966,0.02586221713182993,0.004123086636523449,0.9700146962316466
18967,0.9414495013387228,0.029667727505652813,0.028882771155624355
18968,0.007610069446298992,0.0002086922673392039,0.9921812382863618
18969,0.000405292241094252,0.0002865603691203428,0.9993081473897855
18970,0.909738491252034,0.0032797871245406913,0.08698172162342527
18971,0.945639510600769,0.0020061005070418267,0.05235438889218921
18972,0.8937284875299106,0.006102588101437402,0.10016892436865199
18973,0.888234544924054,0.006104756705761107,0.105660698370185
18974,0.9449097218348038,0.006811851704964389,0.048278426460231796
18975,0.7034007763276893,0.008465093325357085,0.2881341303469537
18976,0.9631218240457189,0.028484379572648086,0.008393796381632882
18977,0.9649218136824128,0.0029996864920572466,0.032078499825529946
18978,0.8959556663069173,0.03917465381203444,0.06486967988104829
18979,0.9864428730556719,0.0005551403284669014,0.013001986615861142
18980,0.9035675147919833,0.023865618501485993,0.07256686670653084
18981,0.9111345705947005,0.042838295232065435,0.04602713417323406
18982,0.9636886283600434,0.012149455813514098,0.024161915826442348
18983,0.9943263759819803,0.001449972627498783,0.004223651390520979
18984,0.26059548361980256,0.3548805507594444,0.384523965620753
18985,0.042592573056515697,0.010617643395974862,0.9467897835475094
18986,0.9592506208556626,0.020655753296443376,0.02009362584789419
18987,0.33200680209894345,0.03868361932915139,0.6293095785719051
18988,0.9677709166732174,0.0013305989908985157,0.030898484335884043
18989,0.16858623429342598,0.02443166783002311,0.806982097876551
18990,0.9521994467494925,0.0006107332827853919,0.047189819967722126
18991,0.9647472585304963,0.007494305676079974,0.027758435793423734
18992,0.9149501136320349,0.027146921999363298,0.05790296436860177
18993,0.5114483603600908,0.05995488593025258,0.42859675370965655
18994,0.8226920758461872,0.015180222872236086,0.16212770128157672
18995,0.8324868403220894,0.12536395967439407,0.04214920000351649
18996,0.9397517001745578,0.006360128155240335,0.05388817167020193
18997,0.9665473789763459,0.00768969811610961,0.025762922907544488
18998,0.9793279450272343,0.0004472127037884817,0.02022484226897726
18999,0.5513624811851374,0.06974982174096478,0.37888769707389786
19000,0.9762031989335684,0.005551288730812807,0.01824551233561872
19001,0.7455500372202056,0.16966828436140372,0.08478167841839071
19002,0.37296115596077856,0.02255252957931178,0.6044863144599096
19003,0.015788147944389805,0.0016103226057671695,0.982601529449843
19004,0.8967285756358365,0.03305658592623741,0.07021483843792603
19005,0.7732825617068839,0.0036660338384170484,0.22305140445469898
19006,0.03464508632552,0.007184352910063905,0.9581705607644161
19007,0.9228117689358009,0.011286366773501082,0.06590186429069797
19008,0.18706421131621287,0.04887510164641511,0.764060687037372
19009,0.8162212206227758,0.0009868702396348952,0.18279190913758933
19010,0.9487158037180715,0.024560296136118077,0.02672390014581051
19011,0.9708635671222801,0.0018650916685776005,0.02727134120914228
19012,0.9466731481661789,0.006498265894645706,0.04682858593917534
19013,0.7685459240967057,0.04908632360615291,0.1823677522971413
19014,0.9800729679636435,0.005460391075042126,0.014466640961314439
19015,0.67464158227575,0.014033066614802801,0.3113253511094472
19016,0.9844960726415719,0.0012613462060324738,0.014242581152395559
19017,0.9793453623533228,0.015586503592879058,0.0050681340537981345
19018,0.015115280865992503,0.005744039027491778,0.9791406801065158
19019,0.8500244765473152,0.01183576420832041,0.13813975924436453
19020,0.20451911570676623,0.041747973658785506,0.7537329106344484
19021,0.2752193120794117,0.002052159660028101,0.7227285282605601
19022,0.7943415473815129,0.0009546595752389093,0.20470379304324812
19023,0.968821123725264,0.0038152269409592984,0.027363649333776708
19024,0.9689570799313233,0.0009621471494096676,0.030080772919267012
19025,0.9615178840976573,0.0022887985269430494,0.036193317375399665
19026,0.9667934422770268,0.0027201336572034262,0.03048642406576986
19027,0.030718225954611128,0.00571120102386578,0.963570573021523
19028,0.005447784504351286,0.0013151200535984323,0.9932370954420504
19029,0.1382617181436255,0.0007695032256353927,0.8609687786307391
19030,0.0005349088304056985,0.0001909231487331574,0.9992741680208611
19031,0.8883083110347302,0.04417878083975569,0.06751290812551412
19032,0.9898514247676419,0.000335014534430393,0.00981356069792769
19033,0.9756140916312834,0.001821854020707996,0.022564054348008674
19034,0.533087092187245,0.027643506347326378,0.4392694014654285
19035,0.3252959800637859,0.013692841253253797,0.6610111786829603
19036,0.9172891149335664,0.017834495853379175,0.06487638921305443
19037,0.9725409306719769,0.0027274317369916567,0.02473163759103147
19038,0.1475688594151004,0.029319461755988235,0.8231116788289113
19039,0.14069159786197005,0.02834921966381167,0.8309591824742183
19040,0.9784788206651065,0.0020062185689033556,0.019514960765990234
19041,0.9607677675577513,0.012858762030331646,0.02637347041191705
19042,0.9731949290026224,0.0014168602570673527,0.025388210740310297
19043,0.9782416975407111,0.0009619944864770384,0.020796307972811706
19044,0.030966174767947396,0.02344997104343797,0.9455838541886147
19045,0.9228269282180139,0.0024068574216466214,0.07476621436033949
19046,0.7465931028051441,0.005462310398210161,0.24794458679664558
19047,0.8432557085033765,0.004627487146456884,0.15211680435016658
19048,0.7501107615368802,0.010096273390152082,0.23979296507296777
19049,0.1068642150616901,0.0008087886714168968,0.8923269962668929
19050,0.9181852876136212,0.0052385660030222206,0.07657614638335673
19051,0.9852000710131071,0.00018812966098607158,0.014611799325906786
19052,0.886955086149141,0.01082105464011241,0.10222385921074657
19053,0.18330987958477465,0.5491075863485514,0.2675825340666739
19054,0.9822225375244685,0.004995461562378299,0.012782000913153142
19055,0.8772443132897783,0.025657850216618486,0.09709783649360315
19056,0.8893904351077533,0.014911413364681653,0.09569815152756508
19057,0.07675698181753264,0.0026837527591294322,0.9205592654233379
19058,0.7287889545737387,0.026215938800420818,0.24499510662584054
19059,0.9436271929283202,0.006184990303563175,0.050187816768116705
19060,0.9615399736015976,0.0035556553737651486,0.03490437102463727
19061,0.7756797703712001,0.002116191657465778,0.22220403797133412
19062,0.9465968702352828,0.0032438200924643076,0.05015930967225282
19063,0.9705226278754723,0.00040908066332777414,0.029068291461199932
19064,0.18632718894897107,0.0022684621035996273,0.8114043489474293
19065,0.9132026860798634,0.030292551150280362,0.05650476276985623
19066,0.9331157082144981,0.003865506099232423,0.06301878568626952
19067,0.9860161066652026,0.0013569026226119732,0.012626990712185442
19068,0.9858829742292268,0.0003769202209070986,0.013740105549866074
19069,0.008450400257526048,0.0005091717085301843,0.9910404280339438
19070,0.9722137323278198,0.0172626404970264,0.010523627175153727
19071,0.621221902260971,0.0008048281805700329,0.37797326955845906
19072,0.9885275786569193,0.0009922735239043781,0.010480147819176224
19073,0.3689669539748148,0.008833992351090234,0.6221990536740949
19074,0.011143692735152137,0.005891552537984966,0.9829647547268628
19075,0.02537646170988851,0.0015024053589153617,0.9731211329311962
19076,0.6881062967027366,0.01861621491057956,0.29327748838668405
19077,0.970625106962025,0.001857552156190633,0.027517340881784362
19078,0.9728520419997216,0.0014708661559697776,0.025677091844308466
19079,0.9576173946594143,0.009542430955882733,0.032840174384702873
19080,0.21432787610694265,0.006005427021000181,0.7796666968720571
19081,0.9776761960595877,0.004864880389396678,0.017458923551015672
19082,0.9153723757210185,0.011223751652997783,0.07340387262598363
19083,0.9782650633346933,0.0032393313787860414,0.018495605286520687
19084,0.9857639303470243,0.005552255401920462,0.008683814251055298
19085,0.5848143035198183,0.003451077192788426,0.41173461928739324
19086,0.9270274112402758,0.020366859612792235,0.05260572914693196
19087,0.9331035771032574,0.006467024142663237,0.06042939875407936
19088,0.9981263540465383,0.00022074739896593609,0.0016528985544957153
19089,0.2709933366929364,0.01613635043392143,0.7128703128731421
19090,0.8940918915513982,0.003989077498724714,0.10191903094987702
19091,0.9740396281876054,0.008959513089297025,0.01700085872309764
19092,0.7170556018050076,0.005804902055217101,0.2771394961397753
19093,0.4967844054407966,0.07677895841249503,0.42643663614670824
19094,0.9610711389131309,0.00043876716653257013,0.03849009392033646
19095,0.6679310259153962,0.013457238615625682,0.3186117354689781
19096,0.4248989837047302,0.009287090400864832,0.5658139258944048
19097,0.9541147655603099,0.002100893468113993,0.04378434097157595
19098,0.19463091523614204,0.002689448013488929,0.8026796367503689
19099,0.1522695439811001,0.016157492827819073,0.8315729631910809
19100,0.3752264704179633,0.009523322836221643,0.6152502067458151
19101,0.4432685700385289,0.0050889191612806355,0.5516425108001904
19102,0.1710192203764144,0.0017773175176274967,0.8272034621059581
19103,0.9559998920392756,0.002662539642465599,0.041337568318258876
19104,0.09804164521051838,0.06339056363006726,0.8385677911594144
19105,0.7204438247220579,0.015471208601834017,0.26408496667610803
19106,0.9939607859240639,0.00036509110640318645,0.00567412296953293
19107,0.02415499680304618,0.004038073254913764,0.9718069299420401
19108,0.3979933690743379,0.03866160402670758,0.5633450268989545
19109,0.04708678936734229,0.00618193418667189,0.9467312764459859
19110,0.9049961707311596,0.0018331602097625226,0.09317066905907803
19111,0.9690719538759678,0.010182437580288759,0.020745608543743476
19112,0.625044584511417,0.02227651266546779,0.35267890282311515
19113,0.9828590083384101,0.00130304288376874,0.015837948777821086
19114,0.7767462529502484,0.0184956157431168,0.20475813130663484
19115,0.9155057835233004,0.0054583199407561645,0.0790358965359434
19116,0.9321526626837501,0.007167126242646737,0.06068021107360324
19117,0.9958513428570022,0.0001235875435141862,0.004025069599483675
19118,0.971728464242278,0.015907453657341537,0.012364082100380456
19119,0.6650975150471694,0.0072529103332114805,0.3276495746196191
19120,0.9931508321738169,0.00019617541243530364,0.0066529924137477625
19121,0.9784787118836727,0.010875552889609976,0.010645735226717207
19122,0.9891183748565838,0.00045984574554436264,0.010421779397871799
19123,0.9777201716087329,0.00426910727030983,0.018010721120957286
19124,0.17834614195509496,0.014689555706070705,0.8069643023388344
19125,0.983021692539405,0.002236293676740277,0.014742013783854882
19126,0.6919120563240483,0.015557149381298393,0.29253079429465323
19127,0.8319763686142684,0.004279014448491327,0.16374461693724046
19128,0.2996817020935322,0.007553308402186472,0.6927649895042813
19129,0.5775840123271017,0.07382684690150262,0.3485891407713958
19130,0.9740843777967906,0.003545447807406508,0.02237017439580299
19131,0.9631894450887439,0.02213232811130473,0.014678226799951314
19132,0.8949051601998005,0.01811118184728185,0.08698365795291763
19133,0.8535233003740362,0.07946399564485034,0.06701270398111361
19134,0.9463265794630821,0.010747677866408989,0.042925742670508964
19135,0.006046829544917324,0.013533887760610585,0.9804192826944721
19136,0.013143013136147469,0.000658734313117575,0.986198252550735
19137,0.8818259241957106,0.027843506016283843,0.0903305697880055
19138,0.8800789371243118,0.0033830085311420096,0.1165380543445463
19139,0.04323418443062756,0.014604738925651816,0.9421610766437206
19140,0.7740923540309036,0.00885922712208874,0.2170484188470077
19141,0.8231183360188478,0.01760502033648761,0.15927664364466462
19142,0.9671780402539304,0.0003920000328443012,0.03242995971322513
19143,0.9370143496131501,0.04877331376481491,0.014212336622034857
19144,0.9785366783245061,0.002279959251265083,0.019183362424228852
19145,0.9636252415590203,0.003283216977834569,0.03309154146314501
19146,0.986839395279228,0.001731017268630465,0.011429587452141529
19147,0.788961969816725,0.02661226576619698,0.18442576441707798
19148,0.9377509596282622,0.0036533432659731813,0.05859569710576455
19149,0.5066321090535654,0.005731937040373473,0.4876359539060611
19150,0.006620283318877405,0.0028561517389635097,0.9905235649421591
19151,0.3246563130363612,0.005699039861348342,0.6696446471022904
19152,0.984100177922579,0.0017296402945175013,0.014170181782903456
19153,0.9600441025412507,0.00035898141726508704,0.03959691604148409
19154,0.03792724999274129,0.001880905592030849,0.9601918444152278
19155,0.8938301567851427,0.006740859549785171,0.09942898366507198
19156,0.7706200214826617,0.00317419294393897,0.22620578557339935
19157,0.6298465779475794,0.03921820659026867,0.330935215462152
19158,0.9692097222334096,0.00120744918747772,0.029582828579112787
19159,0.8706246889260176,0.03906933156505478,0.09030597950892762
19160,0.9214293222938377,0.024398322209738442,0.0541723554964239
19161,0.5375651050322053,0.13324256964562284,0.32919232532217174
19162,0.9715327463632937,0.005437951045108776,0.02302930259159758
19163,0.9350234299899002,0.04114173804445767,0.023834831965642223
19164,0.9741289150233587,0.0006343308271926567,0.025236754149448655
19165,0.9634540365482642,0.0015524764792113805,0.03499348697252441
19166,0.9954012211960788,0.0013390889574400862,0.0032596898464811942
19167,0.15819877607540805,0.06701766971401736,0.7747835542105745
19168,0.9866357825656494,0.001843216626305517,0.011521000808045129
19169,0.798947452595372,0.02038623819044131,0.18066630921418672
19170,0.0028513821145722145,0.00035903982728487674,0.9967895780581429
19171,0.8128063824875743,0.006997299202402328,0.18019631831002336
19172,0.9695968832099722,0.004507012653295388,0.02589610413673243
19173,0.48827752582082395,0.07746483586962458,0.4342576383095514
19174,0.8714568125461496,0.006925021765558814,0.12161816568829155
19175,0.8353099886855749,0.040444029957838475,0.12424598135658667
19176,0.8630985120434513,0.03930963243761078,0.09759185551893788
19177,0.6462321763863458,0.0217085283593164,0.3320592952543379
19178,0.5514124429323825,0.010350869476448036,0.43823668759116946
19179,0.49419429195468323,0.43693503691471697,0.0688706711305998
19180,0.8077448354931412,0.004700015303364666,0.18755514920349414
19181,0.9525381459081372,0.002092830764708754,0.04536902332715399
19182,0.07083835711831442,0.001436283569043817,0.9277253593126418
19183,0.9870580774376384,0.0038737428497518573,0.009068179712609752
19184,0.9861424748870323,0.010586298883484405,0.003271226229483267
19185,0.8881028947792039,0.006242453791212248,0.10565465142958393
19186,0.9623841174363451,0.0018745160012029654,0.035741366562452075
19187,0.9219365642705025,0.06368246096252099,0.014380974766976438
19188,0.9379786527999256,0.0048519415178792736,0.05716940568219495
19189,0.9781404432300389,0.006932683263701287,0.014926873506259942
19190,0.9502371714475721,0.0026445064471822366,0.04711832210524563
19191,0.4385975217031391,0.014313831159200794,0.54708864713766
19192,0.8190997962798845,0.09357533832398351,0.08732486539613189
19193,0.9408005800565189,0.002895324347026259,0.056304095596454946
19194,0.7166747804487579,0.1196474283121445,0.16367779123909765
19195,0.8564149399870387,0.003525278235184168,0.1400597817777771
19196,0.8199972962882722,0.07433075888016115,0.1056719448315667
19197,0.9893796244453236,0.0005022830375527601,0.01011809251712358
19198,0.31171620696808416,0.021193832600406422,0.6670899604315095
19199,0.9778735787124453,0.0015999324847158812,0.020526488802838805
19200,0.6779809907912686,0.040925154961799916,0.28109385424693145
19201,0.5651620849850895,0.023826548976464055,0.4110113660384465
19202,0.1055134719334471,0.07600867019340475,0.8184778578731482
19203,0.9887083057245284,0.0010784883922403102,0.010213205883231201
19204,0.9241262102679091,0.005861794151589737,0.0700119955805012
19205,0.6634479137867405,0.03682075499075301,0.2997313312225064
19206,0.74085594004279,0.21654871676382056,0.042595343193389416
19207,0.1787926208886772,0.006314398582962825,0.8148929805283599
19208,0.909599664053637,0.001915198897080607,0.08848513704928239
19209,0.009342436173278032,0.0027746138841546067,0.9878829499425673
19210,0.849320285298691,0.002758502887679181,0.14792121181362985
19211,0.9608489126816254,0.0017607585102118644,0.03739032880816264
19212,0.9366648294276366,0.02481693548504019,0.03851823508732319
19213,0.9743093945189897,0.003148651078412982,0.022541954402597354
19214,0.31542357990001113,0.34000858261042016,0.34456783748956876
19215,0.8471281377501633,0.009920146538822772,0.14295171571101392
19216,0.9747178547938007,0.0034097498136261843,0.0218723953925731
19217,0.9274550599405895,0.003333575483587688,0.0692113645758228
19218,0.9190561650195783,0.005150351572733597,0.075793483407688
19219,0.0432523971682172,0.004336588206054099,0.9524110146257287
19220,0.012350642599131535,0.0024470576068440116,0.9852022997940245
19221,0.0060171753422331165,0.0012149981141233717,0.9927678265436436
19222,0.9668609692914136,0.006864444533378441,0.026274586175207917
19223,0.9795967407271752,0.0015334392144120347,0.018869820058412767
19224,0.6513711640751475,0.14377495122956196,0.20485388469529067
19225,0.43193921425645043,0.19747789633442572,0.3705828894091238
19226,0.936504354372218,0.018680161864374663,0.04481548376340734
19227,0.11677308398035163,0.011504081941557802,0.8717228340780906
19228,0.8671883104377971,0.03870204696911429,0.09410964259308868
19229,0.9249308068734,0.0008801511680219849,0.07418904195857794
19230,0.2716204891720905,0.009867448675426058,0.7185120621524834
19231,0.9730464913853704,0.005525560008237473,0.021427948606392137
19232,0.9467592065987294,0.0010933516342096115,0.052147441767061
19233,0.9775192924815989,0.0012859603056101015,0.021194747212790955
19234,0.9881904901747387,0.00039674107945545083,0.011412768745805903
19235,0.7808230943007614,0.0013249655850992477,0.21785194011413933
19236,0.9885042967830524,0.000882882432796663,0.010612820784150847
19237,0.8450633134427711,0.0016341725188991183,0.15330251403832973
19238,0.8455969329070054,0.13540949472912436,0.018993572363870222
19239,0.5063914789691903,0.006831760912512066,0.4867767601182975
19240,0.7944257396311117,0.009828798359577107,0.19574546200931123
19241,0.7991006319960802,0.020621703001616906,0.18027766500230288
19242,0.9757909964166537,0.003060903190284332,0.021148100393061992
19243,0.9453431504470716,0.014009997709801205,0.040646851843127184
19244,0.8773108139189242,0.010669895302913877,0.11201929077816192
19245,0.9937530303598114,0.0005760296334195869,0.005670940006769001
19246,0.9617646949020587,0.0019234985812494761,0.03631180651669168
19247,0.02490800384777195,0.04115904020047109,0.933932955951757
19248,0.1256250466648218,0.011098595242341965,0.8632763580928362
19249,0.6938450844365229,0.0015826773482010054,0.30457223821527596
19250,0.08205329848657039,0.006167324429294094,0.9117793770841355
19251,0.8189500290262112,0.010362458432348714,0.1706875125414402
19252,0.0014199591223219123,0.00017349186412311807,0.998406549013555
19253,0.16653650722048607,0.0018982619890168583,0.8315652307904969
19254,0.2891055029864102,0.010034899745430623,0.7008595972681592
19255,0.9835000447240204,0.0006303935228612427,0.01586956175311825
19256,0.12842275909271914,0.0036294301257216075,0.8679478107815591
19257,0.8928122175742318,0.005438408343043799,0.10174937408272447
19258,0.9905102065362679,0.0005030430192735604,0.008986750444458522
19259,0.051181737101185565,0.0029570756994304146,0.945861187199384
19260,0.10827676001010256,0.14927220248076908,0.7424510375091283
19261,0.05269394770203715,0.014506762607764637,0.9327992896901982
19262,0.9442321834087758,0.009895722554591644,0.04587209403663242
19263,0.9765087922558037,0.003005770666182017,0.020485437078014434
19264,0.008141557750442431,0.0036602922027003963,0.9881981500468572
19265,0.6488990905559808,0.008136551248325517,0.34296435819569365
19266,0.9902847561371722,0.00043530141451579416,0.009279942448312
19267,0.9579967687369466,0.0002513481111347756,0.04175188315191856
19268,0.969872396848727,0.011927094449790197,0.01820050870148286
19269,0.9847641906534885,0.00333331441528104,0.011902494931230368
19270,0.6051008642066282,0.09885601955822006,0.2960431162351517
19271,0.018218274248296633,0.0013283070738383201,0.9804534186778652
19272,0.7392973461161733,0.0051542072608846455,0.255548446622942
19273,0.017383154477610834,0.0020037471707617994,0.9806130983516275
19274,0.837267378686234,0.03983448240720611,0.12289813890655994
19275,0.4869698345633426,0.0346634775162521,0.47836668792040515
19276,0.8885229616050212,0.059187931342581435,0.05228910705239733
19277,0.9818857627977949,0.0032482805236914627,0.014865956678513637
19278,0.7683745770333015,0.11071285506963412,0.12091256789706442
19279,0.9746106621511035,0.002797693293280243,0.022591644555616235
19280,0.3267995274168686,0.007550701386998203,0.6656497711961332
19281,0.1961869683476437,0.07416139801476815,0.7296516336375881
19282,0.4698974698526721,0.0023759203331341697,0.5277266098141937
19283,0.9455688339298618,0.008855210826688173,0.04557595524344997
19284,0.3823202630726609,0.01795286656630627,0.5997268703610328
19285,0.8082279448233286,0.019159795980702804,0.1726122591959686
19286,0.9649417426274904,0.004200240552886102,0.030858016819623437
19287,0.3391070532103826,0.040105981942483916,0.6207869648471335
19288,0.9848700451068712,0.0039798166304973554,0.011150138262631422
19289,0.38547084051713404,0.008725419760977574,0.6058037397218884
19290,0.9782584375212343,0.00424573364516413,0.017495828833601568
19291,0.6509327968298456,0.003222816511535559,0.3458443866586188
19292,0.9705680663981772,0.005685460922667703,0.023746472679155074
19293,0.0009109604614765791,0.0002527347005655044,0.9988363048379579
19294,0.7131539051624004,0.023112972219591882,0.2637331226180077
19295,0.5499838823498647,0.09541089734379363,0.35460522030634156
19296,0.3142031571111353,0.00586938269987334,0.6799274601889914
19297,0.4039434354271209,0.006704946613446165,0.589351617959433
19298,0.9740354988817367,0.0003728916823829819,0.025591609435880368
19299,0.120671298555469,0.007246354048783768,0.8720823473957473
19300,0.0637438428623626,0.014337870234559699,0.9219182869030778
19301,0.9507522076876541,0.004373292029616831,0.04487450028272905
19302,0.6321268304646417,0.007289756129344128,0.3605834134060143
19303,0.9890214791257856,0.0017439517306937523,0.009234569143520638
19304,0.7389576555027513,0.014587639136853972,0.24645470536039474
19305,0.8232266311968128,0.02540914793037879,0.15136422087280835
19306,0.6523537457711684,0.10494511162355337,0.24270114260527828
19307,0.9909941072062097,0.0013779943917603056,0.007627898402029882
19308,0.01953289586223102,0.019296778553649196,0.9611703255841197
19309,0.7263684952360004,0.029411389885560416,0.2442201148784391
19310,0.9864383528633685,0.00191789230210034,0.011643754834531206
19311,0.7822311754666668,0.04428551040027819,0.17348331413305512
19312,0.5189055243517664,0.0007727525131357196,0.4803217231350979
19313,0.7238074295171372,0.008409272549081897,0.26778329793378103
19314,0.9971775286453504,9.999918364621609e-05,0.002722472171003337
19315,0.5677687271978422,0.007604133170549721,0.42462713963160803
19316,0.9604009259187144,0.009354949134759065,0.0302441249465264
19317,0.3651954129608487,0.01521755127274153,0.6195870357664097
19318,0.9251270133123897,0.01448467279665628,0.06038831389095411
19319,0.8937241686839529,0.05578507987117033,0.05049075144487687
19320,0.9407949445914715,0.024786447244893792,0.03441860816363467
19321,0.34288617348033434,0.15356834649541584,0.5035454800242498
19322,0.25036362846025945,0.048806989870598214,0.7008293816691424
19323,0.9830126558032077,0.00038905562743252176,0.01659828856935979
19324,0.9755140568933011,0.0016659980814997316,0.02281994502519919
19325,0.9574959809206149,0.004630465330894709,0.037873553748490246
19326,0.005944230527232411,0.0006117159487020248,0.9934440535240655
19327,0.5706876941059016,0.0030709180426728056,0.4262413878514256
19328,0.9868343559492303,0.0004437534165543456,0.012721890634215447
19329,0.9631198664761549,0.010927085640467363,0.02595304788337783
19330,0.7414580478411757,0.013531198298202074,0.24501075386062204
19331,0.9926361029194166,0.001322246647424999,0.006041650433158467
19332,0.8665627098950965,0.08895566784211123,0.04448162226279234
19333,0.9773221875117464,0.007984821384597916,0.014692991103655635
19334,0.9344803496363507,0.019582651547155976,0.04593699881649326
19335,0.6303181090633354,0.045798116567927726,0.3238837743687369
19336,0.8494155158272763,0.008870444183921434,0.14171403998880233
19337,0.020333410436447166,0.0027922369237692425,0.9768743526397836
19338,0.7939681205950747,0.00983427400238593,0.19619760540253933
19339,0.67159299526812,0.000536407567219874,0.3278705971646603
19340,0.9884733768618787,0.000998424695735558,0.010528198442385797
19341,0.38001504179821693,0.0011733139052399722,0.6188116442965431
19342,0.6902829525551104,0.020068274821826878,0.28964877262306266
19343,0.3600467102164626,0.6063830182597483,0.03357027152378911
19344,0.9916485387661021,0.0006243239576462033,0.007727137276251596
19345,0.19724732405192072,0.0017750303492714138,0.8009776455988079
19346,0.04621565162672579,0.0032274663185778477,0.9505568820546964
19347,0.07728378634007789,0.009678459887432569,0.9130377537724894
19348,0.6039138914186323,0.13896723473902814,0.25711887384233956
19349,0.9135819928120091,0.018077249990716016,0.06834075719727496
19350,0.5806200089982277,0.017850852549631584,0.40152913845214067
19351,0.9679092568015396,0.007726123292535107,0.024364619905925294
19352,0.9109358150596071,0.004795422682840797,0.08426876225755221
19353,0.8431729627918215,0.0025259691993020084,0.15430106800887636
19354,0.9678756577015658,0.0019641036563306604,0.030160238642103657
19355,0.26737300996938423,0.5861486302132808,0.14647835981733495
19356,0.016264762575200223,0.00305761949962275,0.980677617925177
19357,0.37582891118584966,0.006127854500364795,0.6180432343137856
19358,0.9495875182514549,0.009016518769868675,0.04139596297867632
19359,0.9825056352982829,0.0020203864835061673,0.01547397821821101
19360,0.21542245617375935,0.06290745933647508,0.7216700844897656
19361,0.511518375687644,0.027863419837126046,0.4606182044752301
19362,0.08571162831818138,0.005668904412423172,0.9086194672693956
19363,0.9758130198577669,0.001073159602453692,0.023113820539779437
19364,0.6830341655318278,0.025449813188630356,0.29151602127954185
19365,0.9846663302845903,0.0010932477166930327,0.014240421998716703
19366,0.9830438689743539,0.0020523444603318015,0.014903786565314256
19367,0.8650073362897501,0.004629171755829966,0.13036349195441993
19368,0.24932402316251398,0.006785253818594457,0.7438907230188916
19369,0.9295340506163015,0.008163505354226153,0.06230244402947229
19370,0.9295708856523797,0.008731894686580238,0.06169721966104001
19371,0.6324616449269845,0.010935132415591483,0.35660322265742406
19372,0.9879814491489954,0.0005224976756417207,0.011496053175362904
19373,0.9821485999993274,0.0013090149608346146,0.01654238503983788
19374,0.6943257576385506,0.005549991645607053,0.3001242507158425
19375,0.7211203364734382,0.2338388374731601,0.04504082605340159
19376,0.8658299009308003,0.015203634221869091,0.11896646484733057
19377,0.9141760712002648,0.003924753544709045,0.08189917525502628
19378,0.9622525090336558,0.001257700894508682,0.03648979007183559
19379,0.8879326979518934,0.005022058544392121,0.10704524350371439
19380,0.11944460717132373,0.0035293181404092273,0.8770260746882671
19381,0.7185267509802291,0.006176398007394902,0.27529685101237594
19382,0.8450177658115199,0.005982582147169924,0.14899965204131024
19383,0.9465744985744965,0.000694088420891231,0.052731413004612294
19384,0.6050474174504237,0.1376748043979308,0.2572777781516455
19385,0.8103799707385622,0.10504620708364742,0.08457382217779043
19386,0.6802482587097234,0.00880448805707756,0.31094725323319905
19387,0.9648491074780094,0.0014651953795413073,0.03368569714244926
19388,0.9930839921286709,0.004214299772249961,0.0027017080990790272
19389,0.983908331995806,0.005309903740689476,0.010781764263504596
19390,0.9770077146916146,0.003338449258833484,0.01965383604955196
19391,0.9877363379631305,0.00042724232349946196,0.011836419713369939
19392,0.9414460902533267,0.003063423192169235,0.05549048655450407
19393,0.14566014662975652,0.004328745368413975,0.8500111080018296
19394,0.6060685477414784,0.008528985607502846,0.38540246665101857
19395,0.7082181697654527,0.07069493157199236,0.22108689866255501
19396,0.015657403379975482,0.0007434480226057962,0.9835991485974187
19397,0.9633224187018281,0.0008082910070181476,0.035869290291153766
19398,0.045157589291661616,0.0046992235252317745,0.9501431871831066
19399,0.9732179579047412,0.0003271232957131971,0.026454918799545635
19400,0.9912922063157898,0.0010358485252790573,0.0076719451589310865
19401,0.989302315911563,0.002322687709573439,0.00837499637886358
19402,0.7482652284867495,0.004601191828889916,0.24713357968436056
19403,0.8673623956122429,0.0015481415193735984,0.13108946286838352
19404,0.971241030932294,0.008957444377621188,0.019801524690084917
19405,0.6344128132701944,0.013617501867391479,0.35196968486241414
19406,0.022629032464962277,0.0013498857267784008,0.9760210818082593
19407,0.0298249257707061,0.0037344444679456618,0.9664406297613483
19408,0.031766118085240075,0.00748789726889432,0.9607459846458656
19409,0.880907404727467,0.03574323382111661,0.08334936145141633
19410,0.0038363589213116756,0.0028295308392894047,0.9933341102393989
19411,0.002074599576859481,0.0002981450012365799,0.997627255421904
19412,0.8813579173728934,0.012772204031621022,0.10586987859548559
19413,0.02959781952132562,0.012709625825163369,0.957692554653511
19414,0.5637320929972882,0.0011785734479574236,0.4350893335547543
19415,0.9689227756467116,0.00439998267540048,0.02667724167788792
19416,0.975085019573707,0.0020377446011083863,0.022877235825184663
19417,0.9660343809284433,0.0012132688029479006,0.03275235026860872
19418,0.9575541769950084,0.012140884928324162,0.030304938076667405
19419,0.06331846134817784,0.016917209770224137,0.919764328881598
19420,0.9511737127757152,0.016319244573976,0.0325070426503088
19421,0.9208627500705144,0.010778419797260122,0.06835883013222548
19422,0.9825925556507049,0.006415926271379635,0.010991518077915458
19423,0.8398293325920173,0.015897717338017914,0.14427295006996468
19424,0.9780716810121419,0.004920379347884105,0.017007939639973966
19425,0.9456164609490868,0.005711792205695414,0.04867174684521773
19426,0.4842865420845292,0.006532805118207074,0.5091806527972638
19427,0.9346284138457829,0.002783004692556114,0.062588581461661
19428,0.9763245129746556,0.0009216931379702137,0.022753793887374214
19429,0.957122889528907,0.0020813116441222765,0.04079579882697083
19430,0.7964143707456506,0.036057466894424385,0.16752816235992501
19431,0.9158041888660882,0.0025871816211882367,0.08160862951272363
19432,0.977253394501207,0.005536642455906136,0.017209963042886935
19433,0.772188620855352,0.024549466500214865,0.2032619126444331
19434,0.017051009504420133,0.0008094118608269864,0.9821395786347529
19435,0.9811336553463345,0.0020876408728040066,0.016778703780861548
19436,0.6048193589895203,0.028272753852773343,0.36690788715770634
19437,0.9807570846729566,0.006013022404203814,0.013229892922839527
19438,0.9845755031913018,0.001243754623407029,0.014180742185291128
19439,0.5819077242249625,0.366717510913157,0.051374764861880466
19440,0.9706365096833741,0.0061751144137483,0.02318837590287759
19441,0.9703556155480053,0.0030900684457114873,0.02655431600628318
19442,0.972684019127689,0.0007182847694197276,0.026597696102891314
19443,0.8345805448655468,0.05426649148093816,0.11115296365351496
19444,0.9825318877864475,0.0031925582847680736,0.014275553928784384
19445,0.4779631765304232,0.048230300176708304,0.47380652329286843
19446,0.9122245630249526,0.004421505299815428,0.08335393167523204
19447,0.08914644327018552,0.002069716145697492,0.908783840584117
19448,0.5197533447563377,0.007524422312116431,0.47272223293154586
19449,0.04452019900451118,0.037532189174265373,0.9179476118212234
19450,0.9444897838911392,0.0018899130498781175,0.05362030305898258
19451,0.8802031145249144,0.01141822305575305,0.10837866241933254
19452,0.9412690115653981,0.0010323557442042275,0.05769863269039756
19453,0.9483219247070517,0.0027932161022341307,0.04888485919071428
19454,0.9793385135773367,0.009054563829717564,0.011606922592945676
19455,0.9925742868568438,9.999963499183571e-05,0.007325713508164413
19456,0.9719787078709159,0.0044912112197050685,0.023530080909378935
19457,0.9002328898051319,0.026441069660119384,0.07332604053474857
19458,0.9939630299743542,0.0012569575315639011,0.004780012494081863
19459,0.01826923167131627,0.0012987991433139959,0.9804319691853698
19460,0.7277363464817642,0.003427046461875428,0.26883660705636026
19461,0.9581374952365529,0.01724331469399642,0.024619190069450726
19462,0.5176090967819975,0.028267149367419368,0.454123753850583
19463,0.5086985118266679,0.03296318047581689,0.45833830769751516
19464,0.9463874417421663,0.0022591294040751613,0.05135342885375848
19465,0.8298926758956823,0.009582064221752559,0.16052525988256508
19466,0.9851096043988914,0.0013240209675962622,0.013566374633512259
19467,0.5918573430807521,0.10842586132120853,0.2997167955980393
19468,0.9719751092871141,0.0018075444500870353,0.026217346262798924
19469,0.8076717875062613,0.008142968152018443,0.1841852443417202
19470,0.008172617532518066,0.01562864100276039,0.9761987414647215
19471,0.054797194953912214,0.01830174500480193,0.9269010600412858
19472,0.9409796886849664,0.005268457391751744,0.05375185392328189
19473,0.9086292911033771,0.026196535471954108,0.06517417342466866
19474,0.042883412250595755,0.0023031849491583745,0.9548134028002458
19475,0.9665473785009492,0.0223083493680465,0.011144272131004367
19476,0.7739446465573873,0.035076896095178,0.1909784573474349
19477,0.8810291726963277,0.012111224473543538,0.10685960283012876
19478,0.9370556302035455,0.011818155092429864,0.05112621470402459
19479,0.10821205605463854,0.004023507595113188,0.8877644363502482
19480,0.8331025267577772,0.0024835206093706424,0.16441395263285224
19481,0.7387044233627049,0.010127267787553532,0.25116830884974156
19482,0.9623923939196314,0.002288328724704944,0.03531927735566364
19483,0.9828936999197421,0.0009533220036411562,0.01615297807661668
19484,0.9504364692022227,0.005414702045869819,0.0441488287519075
19485,0.8979192946624364,0.023994367592138313,0.07808633774542532
19486,0.9730870333578749,0.0007476103748898594,0.02616535626723523
19487,0.6191865104747618,0.004958848245036275,0.37585464128020196
19488,0.8934126790715856,0.004656625943685902,0.10193069498472852
19489,0.9834218652480662,0.005938803251573321,0.010639331500360644
19490,0.9418943708380899,0.036607460403428556,0.02149816875848145
19491,0.2344839518247243,0.01590381825436861,0.749612229920907
19492,0.8538170152826848,0.013825126427386444,0.13235785828992877
19493,0.03060506674627979,0.004431751555160493,0.9649631816985597
19494,0.9116474479866167,0.006917124385147885,0.08143542762823541
19495,0.25783997484585686,0.010489704033832871,0.7316703211203104
19496,0.979624609089546,0.001099271825564742,0.01927611908488926
19497,0.3879714078316609,0.003686361763924658,0.6083422304044144
19498,0.9628629015235786,0.005102552892973985,0.032034545583447496
19499,0.9220510103413084,0.06655357252392734,0.011395417134764113
19500,0.042333614767406,0.019625738249380124,0.9380406469832139
19501,0.7744524889710572,0.16107536949110293,0.06447214153783974
19502,0.978367333986279,0.004778203350179833,0.016854462663541167
19503,0.0738422490352352,0.05273513972509,0.8734226112396748
19504,0.8064753053971477,0.009467768261933419,0.1840569263409189
19505,0.6379142092535991,0.016562125041768978,0.3455236657046319
19506,0.9537288817274602,0.002100709142523328,0.04417040913001643
19507,0.8001496872190054,0.1256129548722451,0.07423735790874958
19508,0.5421899528762666,0.024945307213968097,0.43286473990976543
19509,0.9814797705712801,0.005837705442520481,0.012682523986199339
19510,0.9966578706711584,0.0007850095481319703,0.0025571197807095817
19511,0.5698908859036993,0.00179979847318146,0.4283093156231192
19512,0.7695720727136075,0.10372741452710028,0.12670051275929223
19513,0.9623050528187105,0.00044270429381132193,0.03725224288747826
19514,0.7352370330664578,0.03578494798302277,0.2289780189505194
19515,0.07668395947992049,0.007797089005390322,0.9155189515146892
19516,0.0016120094267165306,0.000266183005554572,0.998121807567729
19517,0.7518977767551849,0.17278235210515008,0.07531987113966507
19518,0.9664416332161337,0.0016027794135703452,0.03195558737029585
19519,0.9698394369828399,0.01534668517188489,0.014813877845275146
19520,0.9774469721685455,0.0015504482706410806,0.02100257956081338
19521,0.9476794711043097,0.037565045674524435,0.01475548322116581
19522,0.9882294608275344,0.0005864940274606673,0.011184045145004911
19523,0.9440276117519139,0.014345824280254943,0.04162656396783122
19524,0.8165294548430299,0.10501623462766507,0.07845431052930514
19525,0.9891999001725544,0.000299360067441214,0.010500739760004383
19526,0.9779819615904176,0.0013915552146345548,0.020626483194947833
19527,0.9379662550252723,0.00017909195114098592,0.061854653023586635
19528,0.8680042178550721,0.004195306547689913,0.1278004755972378
19529,0.9886489185434989,0.0046264588103332865,0.006724622646167772
19530,0.9937915422044243,0.0012592145411468,0.004949243254428913
19531,0.9690580958696235,0.0013294337309634086,0.029612470399413022
19532,0.9704981547744792,0.005107363674230994,0.024394481551289673
19533,0.41551838565737087,0.001137742049497458,0.5833438722931317
19534,0.48336387762546,0.03261315733305684,0.4840229650414832
19535,0.9229458840029979,0.05975448192707602,0.01729963406992603
19536,0.8630110971875283,0.004643535448064968,0.13234536736440658
19537,0.005696571048741595,0.005871619088786733,0.9884318098624716
19538,0.5010886757540964,0.013978107322950753,0.4849332169229529
19539,0.08522219650718992,0.013283380378832548,0.9014944231139775
19540,0.8312371145370496,0.1129991404114619,0.055763745051488435
19541,0.021936532471252455,0.028089481471998003,0.9499739860567495
19542,0.8172423187653453,0.002913025874034423,0.17984465536062044
19543,0.9753900273191276,0.001711248621131419,0.022898724059741016
19544,0.9703554698906384,0.011121948280406989,0.018522581828954558
19545,0.9819766949966213,0.0006049016249839021,0.017418403378394683
19546,0.5872274540333265,0.01718204961531043,0.3955904963513632
19547,0.9868352714118472,0.0005530629546888995,0.01261166563346384
19548,0.9594280406574451,0.0056506435625437905,0.03492131578001103
19549,0.21477998327975523,0.008932819024511162,0.7762871976957336
19550,0.02824129891725307,0.01112196377376031,0.9606367373089867
19551,0.040371004094917305,0.0023908568633039117,0.9572381390417788
19552,0.14900090068336913,0.005194128016269941,0.845804971300361
19553,0.020740746439041707,0.0047908405426875245,0.9744684130182707
19554,0.2100305836727885,0.007049140411572905,0.7829202759156385
19555,0.5918983179207152,0.02388544357086479,0.38421623850841985
19556,0.1107141035620312,0.013202693852720947,0.8760832025852477
19557,0.960178775843228,0.005966579909261882,0.03385464424751007
19558,0.8163802468804573,0.04390379304377327,0.13971596007576953
19559,0.41756973750133874,0.28544495214822985,0.2969853103504315
19560,0.7400942462886582,0.06275092840382393,0.1971548253075179
19561,0.19052252144871215,0.019920415717058278,0.7895570628342297
19562,0.984399341182122,0.0018311901964980497,0.013769468621379965
19563,0.940509486784949,0.026657687189544393,0.03283282602550673
19564,0.8907784728007699,0.01249631235160148,0.09672521484762861
19565,0.6020451104398794,0.0034140367803714984,0.3945408527797492
19566,0.9050525323122209,0.004402113931343452,0.09054535375643559
19567,0.9583563099276484,0.018731678205728453,0.022912011866623144
19568,0.9410919805176003,0.001835512652170895,0.057072506830228825
19569,0.014026350401476,0.005935005048234513,0.9800386445502896
19570,0.994332290834231,0.00058553103695714,0.005082178128811928
19571,0.9744252965989736,0.0019334970034670844,0.023641206397559282
19572,0.4635889928283298,0.030244657979388953,0.5061663491922812
19573,0.3401713050602461,0.005782128387475878,0.6540465665522781
19574,0.8638584689247558,0.001356678520756933,0.13478485255448716
19575,0.9788765341639419,0.0020002169524126266,0.019123248883645527
19576,0.006185723483935384,0.0012294548830819076,0.9925848216329827
19577,0.9574308632163469,0.0083127816168341,0.034256355166819
19578,0.9779656263152969,0.004349500783622635,0.01768487290108048
19579,0.9633357203743026,0.006785751274976416,0.0298785283507211
19580,0.10718592061225311,0.014487997216716933,0.8783260821710299
19581,0.9176632141201103,0.009012254586336163,0.07332453129355362
19582,0.41154225641984843,0.028792284678166174,0.5596654589019854
19583,0.07670997399806628,0.044896428141516315,0.8783935978604174
19584,0.8792497468952548,0.005001817341702372,0.1157484357630428
19585,0.9490818264415317,0.009141974280266703,0.04177619927820143
19586,0.9812607116911903,0.0004313741330473202,0.01830791417576231
19587,0.8117443891819264,0.035940108496563185,0.1523155023215104
19588,0.966600320791439,0.00414674032529906,0.029252938883261873
19589,0.9306593092402434,0.034340608088564026,0.03500008267119254
19590,0.9634944721925619,0.00213500241444814,0.03437052539298997
19591,0.9744248190436989,0.015827251578292532,0.00974792937800867
19592,0.9824262526134325,0.0015863263093193849,0.015987421077248095
19593,0.49871959706243074,0.047384529889930374,0.45389587304763884
19594,0.950108419007208,0.004014627796665418,0.04587695319612665
19595,0.9943316861948271,0.0002266285314931804,0.005441685273679681
19596,0.8110692459261636,0.0006499923368632151,0.18828076173697314
19597,0.9260932621182913,0.030301551259045666,0.04360518662266303
19598,0.9118687118591322,0.053491398284133476,0.03463988985673435
19599,0.9321109663625475,0.005004516138760337,0.06288451749869213
19600,0.905750548346637,0.02372770527352034,0.07052174637984256
19601,0.9771088247105442,0.00019864132471899624,0.02269253396473693
19602,0.960038240574461,0.0028848668901004675,0.037076892535438506
19603,0.9474785990705731,0.0019693930972006467,0.05055200783222627
19604,0.982558770333973,0.0018058157588004215,0.015635413907226555
19605,0.0926646970645003,0.003926142210526428,0.9034091607249732
19606,0.8298501229919257,0.010058689920786039,0.16009118708728828
19607,0.8523301799679659,0.045447853339143474,0.10222196669289066
19608,0.33097984320425095,0.0008347081945150808,0.6681854486012339
19609,0.5166691609835035,0.2173650950561611,0.2659657439603353
19610,0.0010561599297168166,0.00035780291386324387,0.9985860371564199
19611,0.9598720087677306,0.011062980424502536,0.029065010807766845
19612,0.04178534356049678,0.0036405567993102917,0.9545740996401929
19613,0.12771935373330068,0.02573329044242862,0.8465473558242708
19614,0.6435596857130829,0.00883385648523366,0.3476064578016835
19615,0.8354295934829914,0.029870377977684028,0.13470002853932456
19616,0.7948916788213952,0.0047716082580398006,0.20033671292056496
19617,0.8565940104942913,0.04097787311214279,0.10242811639356585
19618,0.9696516531346355,0.010025960214733159,0.020322386650631335
19619,0.9839857818166848,0.006445314886308225,0.009568903297006978
19620,0.39864313283836333,0.0052490493198131954,0.5961078178418235
19621,0.3131149385716343,0.007679357252809599,0.679205704175556
19622,0.9901369805534695,0.0012585852925893267,0.00860443415394107
19623,0.985702568032372,0.0016743978978213186,0.012623034069806737
19624,0.8507245670704108,0.0071433115784576,0.14213212135113162
19625,0.9022453748864215,0.005091192505544102,0.09266343260803439
19626,0.9274206099446182,0.001030012640052253,0.07154937741532962
19627,0.41720165736362436,0.0036000644763517246,0.5791982781600239
19628,0.8698262227560352,0.009268356614595574,0.1209054206293693
19629,0.9031428015089417,0.014324226795207857,0.08253297169585042
19630,0.8863908527138373,0.0818084002688937,0.031800747017268975
19631,0.9761514850079708,0.0005228709567050368,0.02332564403532421
19632,0.42933999786421406,0.18898532461395676,0.38167467752182915
19633,0.04089195890997207,0.016357086911726448,0.9427509541783015
19634,0.9617484392016404,0.011687615146998733,0.02656394565136081
19635,0.060231633992131835,0.015874927658129444,0.9238934383497387
19636,0.8937648701323042,0.006102307022606732,0.10013282284508901
19637,0.9597279664555733,0.008434421696657075,0.031837611847769544
19638,0.9711420600432457,0.0015774098346373116,0.027280530122117026
19639,0.8847580885007906,0.004481956569816629,0.11075995492939268
19640,0.8172895266187821,0.07769402274265304,0.10501645063856482
19641,0.10943077359601779,0.09247118361725512,0.798098042786727
19642,0.9850571335727442,0.0013887946517898524,0.013554071775466067
19643,0.7776095447267914,0.058984576494409025,0.16340587877879945
19644,0.9704796386945035,0.0007338881956409711,0.02878647310985539
19645,0.9123000984108066,0.026993914929126197,0.06070598666006729
19646,0.9736162260487371,0.008451947859492374,0.01793182609177048
19647,0.8523084471671053,0.005015412706978383,0.14267614012591645
19648,0.47043212077032126,0.14913269046857072,0.3804351887611081
19649,0.8130449795342142,0.013087811690985987,0.17386720877479986
19650,0.9727209220360236,0.0017253311989560397,0.025553746765020403
19651,0.5339653829163248,0.10750901673009254,0.3585256003535826
19652,0.9752415236721533,0.000102606094008995,0.024655870233837637
19653,0.02448875193997613,0.0013873160253965045,0.9741239320346273
19654,0.1398521426050757,0.014958283936817172,0.8451895734581071
19655,0.5184209734182336,0.00544017778826627,0.4761388487935002
19656,0.7247888124835514,0.10667955562464015,0.1685316318918084
19657,0.1572845799124444,0.01475971061976241,0.8279557094677932
19658,0.9094070973436869,0.015744490139961757,0.07484841251635138
19659,0.9338118193896364,0.041248230553853855,0.02493995005650972
19660,0.3295393655186802,0.051736506341786496,0.6187241281395334
19661,0.9746014145136922,0.0019417058805781316,0.023456879605729602
19662,0.8382415620861249,0.10395727385648562,0.05780116405738961
19663,0.0020975828986428448,0.0002117491611699828,0.9976906679401871
19664,0.04366199261524043,0.02047241753461856,0.9358655898501409
19665,0.9694252489916567,0.016526686885131977,0.014048064123211391
19666,0.8692647214159666,0.0019405988741173546,0.128794679709916
19667,0.5212550937156617,0.2081108090557568,0.2706340972285816
19668,0.9727677365021872,0.004521427743799232,0.0227108357540136
19669,0.8816313199906225,0.009478004223128549,0.10889067578624896
19670,0.7996049969576404,0.0305640684355154,0.16983093460684423
19671,0.9025573108627944,0.023134594003409566,0.07430809513379608
19672,0.01644041110449651,0.0032470503035027156,0.9803125385920007
19673,0.9746766347142104,0.0018967081179136292,0.023426657167875845
19674,0.9636534451479639,0.005675010946847194,0.030671543905188964
19675,0.9916557738976444,0.0009598645309004954,0.007384361571455132
19676,0.3854892146395107,0.010405310672281263,0.604105474688208
19677,0.9165932889829168,0.018450625097889244,0.064956085919194
19678,0.889977659840855,0.004674397467720345,0.10534794269142474
19679,0.7973151801510576,0.006326471179436448,0.19635834866950586
19680,0.9599052967883381,0.004233269867877166,0.035861433343784714
19681,0.25432143381252,0.006128918122922081,0.7395496480645578
19682,0.9302017908731556,0.004571954846058579,0.0652262542807859
19683,0.11829631718459499,0.015189197214898326,0.8665144856005067
19684,0.3732599247896852,0.5170876432128825,0.10965243199743241
19685,0.024172291209233407,0.000416871521596396,0.9754108372691701
19686,0.9760496123498239,0.005357146780802176,0.018593240869374028
19687,0.6586635392733007,0.19667370919122268,0.1446627515354767
19688,0.7269543827074753,0.01220482333916112,0.26084079395336374
19689,0.5343256697657706,0.003810893579836468,0.46186343665439306
19690,0.9649791951511696,0.00477144487654361,0.03024935997228668
19691,0.5330436398098883,0.0346420419834188,0.43231431820669275
19692,0.8559027090436,0.006454916434167554,0.13764237452223257
19693,0.9898486398008225,0.0009466380223689284,0.009204722176808495
19694,0.3811015873361213,0.3067405176704073,0.3121578949934714
19695,0.8024360493850973,0.02623406859004527,0.17132988202485763
19696,0.5917625581751306,0.020686843612480472,0.38755059821238885
19697,0.33511113321758895,0.01973022409182956,0.6451586426905814
19698,0.9658114375421276,0.004712935631488135,0.0294756268263843
19699,0.9616276384190722,0.0028030010111146607,0.03556936056981306
19700,0.31893713092447235,0.0030573648338314964,0.6780055042416961
19701,0.8714428442556313,0.011260210607029844,0.1172969451373388
19702,0.11492084869414884,0.0009700621053804373,0.8841090892004707
19703,0.9969865556086943,0.0005002920546086902,0.0025131523366970178
19704,0.9853717405451843,0.00719259273124711,0.007435666723568727
19705,0.9926942746228405,0.0008147820434947724,0.006490943333664666
19706,0.013687822438092436,0.0005177599725283245,0.9857944175893792
19707,0.9763397622611101,0.0002366186878909832,0.023423619050998906
19708,0.9697009250126917,0.004684341709424108,0.025614733277884254
19709,0.9913575762323831,0.0010776420077718456,0.0075647817598450875
19710,0.9841149810033413,0.0026580548787572844,0.013226964117901432
19711,0.9770515739929817,0.0012587293818500152,0.02168969662516834
19712,0.6389654578719636,0.007654710094161414,0.3533798320338751
19713,0.9622739381704216,0.001350578313195973,0.03637548351638241
19714,0.9624916934002601,0.0007153111165165151,0.03679299548322354
19715,0.004823421110466526,0.0006885361912172963,0.9944880426983163
19716,0.02180912128370473,0.0015586409793412871,0.9766322377369541
19717,0.8580218075739647,0.012395350818532547,0.1295828416075027
19718,0.02475421284430529,0.03603003577638819,0.9392157513793066
19719,0.949336688979737,0.0011556366845876965,0.049507674335675295
19720,0.8837011689906925,0.01114219776322376,0.1051566332460837
19721,0.7948686027200877,0.01105212911546832,0.1940792681644439
19722,0.944090282024784,0.01381264810112249,0.04209706987409353
19723,0.9826246657141967,0.005862303322697712,0.011513030963105516
19724,0.7227404141607562,0.028939256696417302,0.2483203291428265
19725,0.9876136662524916,0.005163882708028983,0.00722245103947939
19726,0.745208912150795,0.03278711107851502,0.22200397677068986
19727,0.2749632142799534,0.04601181174899426,0.6790249739710523
19728,0.9649881183259452,0.008774619466934416,0.02623726220712037
19729,0.28851446734550706,0.13169232560583605,0.5797932070486568
19730,0.9734498117966309,0.012707835054692678,0.013842353148676453
19731,0.6191052611638044,0.005137208176374198,0.3757575306598215
19732,0.9064142646685553,0.006956684656266194,0.08662905067517859
19733,0.7879213167455391,0.04865408962093679,0.16342459363352405
19734,0.8800774122689602,0.0009025202733855597,0.11902006745765425
19735,0.7791365666422017,0.0034523453586981696,0.2174110879991001
19736,0.8999254498141984,0.04597314955518349,0.054101400630618086
19737,0.9197375376873018,0.001354962872052125,0.07890749944064616
19738,0.0008562016794567799,0.0034342149946557194,0.9957095833258875
19739,0.9015295237645542,0.008585834869024795,0.089884641366421
19740,0.9923162344226573,0.0001244724630637663,0.0075592931142790315
19741,0.24365327643126689,0.009083103944866555,0.7472636196238666
19742,0.02784513344347857,0.000809421087506727,0.9713454454690146
19743,0.8915965961545356,0.042963975828543145,0.06543942801692124
19744,0.0007568423701334631,0.00012688832777484874,0.9991162693020916
19745,0.9169744918875765,0.007983685818845999,0.07504182229357749
19746,0.07381483513287078,0.044400266830565485,0.8817848980365637
19747,0.8684718770036488,0.005362207125924459,0.12616591587042666
19748,0.363870224191189,0.029794859084031133,0.6063349167247799
19749,0.9607897176674145,0.006981407342206706,0.03222887499037892
19750,0.7582166611740166,0.04508356984377707,0.1966997689822062
19751,0.26172704349543885,0.002502907564546336,0.7357700489400149
19752,0.8651785797345275,0.04945671461171481,0.08536470565375777
19753,0.13678953542516903,0.12810660490199927,0.7351038596728316
19754,0.10610564784006075,0.004002709553982581,0.8898916426059568
19755,0.984885275344524,0.0011040596862982976,0.014010664969177609
19756,0.8318070896549512,0.025376870569784906,0.14281603977526375
19757,0.978489862193821,0.0015009717680301547,0.02000916603814891
19758,0.959225180548423,0.0055424701114875925,0.035232349340089515
19759,0.01085949047487855,0.010842325581841387,0.9782981839432799
19760,0.016243118365866237,0.004539565824327425,0.9792173158098063
19761,0.4761278383789323,0.008800714039683372,0.5150714475813842
19762,0.027048244911953095,0.002075133467872205,0.9708766216201746
19763,0.9400101012054078,0.024803849578701815,0.03518604921589028
19764,0.0317641972505951,0.004039425943732992,0.9641963768056719
19765,0.9412037925214362,0.016196616491099294,0.04259959098746453
19766,0.7959711282981885,0.042360924944537394,0.16166794675727417
19767,0.07054576070279724,0.007831107589042294,0.9216231317081605
19768,0.3228689971802321,0.019108058974160968,0.658022943845607
19769,0.9638536775891422,0.0015699183052399928,0.0345764041056178
19770,0.7837802177836937,0.03611500454616893,0.18010477767013744
19771,0.9016731346239876,0.00578031324080029,0.09254655213521223
19772,0.511483855202344,0.007223372888486825,0.4812927719091693
19773,0.2097675997958224,0.04226237598413432,0.7479700242200433
19774,0.5409003862632953,0.03679451276425381,0.42230510097245083
19775,0.09060554434752525,0.018997710061004765,0.89039674559147
19776,0.9418239714104606,0.0009074497203811009,0.057268578869158336
19777,0.7666145838071489,0.021683697845796757,0.21170171834705445
19778,0.008486962128866236,0.0008476847280234342,0.9906653531431102
19779,0.6313186242161576,0.2782776259158684,0.09040374986797392
19780,0.847232085660859,0.04155487831284295,0.11121303602629816
19781,0.8995862927449725,0.00374801272651775,0.09666569452850968
19782,0.7607364839958346,0.003471147954617635,0.2357923680495478
19783,0.9673134059376138,0.010603993831636162,0.022082600230749976
19784,0.9487627086901863,0.0006580931133777692,0.05057919819643593
19785,0.8780655963099756,0.0038529322821337993,0.11808147140789056
19786,0.9816128889899599,0.0005241225089823883,0.01786298850105764
19787,0.650927005480039,0.008970923976858808,0.34010207054310215
19788,0.9874100559035159,0.000662411054456952,0.011927533042027214
19789,0.9523859729648658,0.005373687379482487,0.042240339655651785
19790,0.851845152726594,0.0017707077651933105,0.14638413950821264
19791,0.00823568592419905,0.001266669344695826,0.9904976447311051
19792,0.9436740048067129,0.006017926628260724,0.05030806856502634
19793,0.9216847452861266,0.030753839039357425,0.04756141567451593
19794,0.9718975621509236,0.0004294187326468221,0.027673019116429463
19795,0.9717045341862224,0.003603927951402555,0.024691537862375032
19796,0.9444913791720869,0.0005520207636408329,0.05495660006427219
19797,0.9321513952663074,0.00667454052011234,0.06117406421358016
19798,0.9830019756630706,0.00040037179462293853,0.016597652542306603
19799,0.22051950836243955,0.013871152239706343,0.765609339397854
19800,0.878465778927027,0.009895662595640906,0.1116385584773321
19801,0.7442466345802098,0.004314934447387381,0.25143843097240287
19802,0.6093194721663922,0.007711025269894898,0.3829695025637129
19803,0.013367403171931155,0.010785980939617638,0.9758466158884512
19804,0.9239527791958516,0.009716186392787526,0.06633103441136089
19805,0.9531793301437089,0.011559143237911077,0.03526152661837997
19806,0.9096130309856703,0.0011967823080623913,0.08919018670626734
19807,0.9822833400028813,0.00706807604685369,0.010648583950265036
19808,0.17593095562162622,0.025190861139481796,0.7988781832388919
19809,0.972462054032366,0.0016214533530441225,0.02591649261458988
19810,0.9611999495723256,0.0004587858094576843,0.038341264618216644
19811,0.549533641407051,0.07960755109021997,0.37085880750272915
19812,0.9673874717232869,0.005185511447572689,0.027427016829140408
19813,0.9434723495545447,0.012668972178253373,0.04385867826720185
19814,0.01714166329874927,0.02015262766041361,0.9627057090408371
19815,0.9878149894690141,0.0004959388817528513,0.011689071649232911
19816,0.7337058894979547,0.04716651044246738,0.219127600059578
19817,0.014869799136007847,0.024910877988360818,0.9602193228756313
19818,0.9854153929251035,0.006588936877469952,0.00799567019742649
19819,0.1726894984501497,0.0026441762636282688,0.824666325286222
19820,0.9850474408398738,0.0002771725299495943,0.014675386630176479
19821,0.8432023305516643,0.043770172065682365,0.11302749738265332
19822,0.963949533539984,0.0007771037972108865,0.03527336266280498
19823,0.15727895464892985,0.0068695913157649086,0.8358514540353053
19824,0.9430609215732372,0.004790254330718569,0.05214882409604421
19825,0.4404289644520368,0.08321260905031855,0.47635842649764465
19826,0.9671157921176381,0.005096409895009741,0.027787797987352304
19827,0.3212749206874823,0.3786166807140625,0.3001083985984552
19828,0.1543430679123346,0.0281496452721083,0.8175072868155571
19829,0.6825418902945782,0.26398976062511514,0.05346834908030653
19830,0.0037300367152001425,0.0007984962707281809,0.9954714670140716
19831,0.0024953779731859194,0.00020945137878567135,0.9972951706480284
19832,0.9807913014931559,0.0004458998305112179,0.018762798676332983
19833,0.94709151666839,0.004871470167507898,0.048037013164102194
19834,0.951950107222321,0.025818869090087262,0.02223102368759175
19835,0.9188966977399885,0.03804659575415608,0.04305670650585537
19836,0.006857050312252932,0.001472067813098435,0.9916708818746486
19837,0.9893286441816045,0.0016852633524478613,0.008986092465947716
19838,0.9423208360793448,0.00490980363208741,0.05276936028856784
19839,0.13599362416153205,0.04120248030297566,0.8228038955354923
19840,0.9307100351073316,0.027885926842792022,0.041404038049876364
19841,0.9633813071170683,0.0008018430513545184,0.03581684983157701
19842,0.08761654297611449,0.02596204243005154,0.886421414593834
19843,0.7821596894385927,0.08546394962424059,0.13237636093716676
19844,0.03681081025666561,0.0023782218455750967,0.9608109678977593
19845,0.6946048584199851,0.002464418337636484,0.30293072324237846
19846,0.982930228523372,0.0005778168764993015,0.016491954600128735
19847,0.9948631016367185,9.999788316943054e-05,0.005036900480112069
19848,0.9757423156570505,0.010732137053300393,0.01352554728964914
19849,0.8859774460398402,0.0492343571155717,0.06478819684458793
19850,0.8978077622895021,0.006193507282431881,0.09599873042806602
19851,0.9504022816766898,0.0008045436959624813,0.04879317462734768
19852,0.4528096114981493,0.015042579117037156,0.5321478093848137
19853,0.8737260633203373,0.0007616513376925111,0.1255122853419701
19854,0.9810105478382007,0.001979069770413532,0.017010382391385737
19855,0.9215503259989161,0.009366862529049953,0.0690828114720339
19856,0.33134804612403373,0.10050952866065331,0.568142425215313
19857,0.5440053601052558,0.00803119152143327,0.44796344837331087
19858,0.9101256435585237,0.013399684511338923,0.07647467193013756
19859,0.8568140444430021,0.004763593814809311,0.1384223617421887
19860,0.327313046348684,0.01542495816544545,0.6572619954858705
19861,0.9903149001684524,0.0006775708616285,0.009007528969919175
19862,0.025402701768634902,0.014217026290219169,0.960380271941146
19863,0.7415771921956426,0.018983614632960773,0.23943919317139664
19864,0.9600750623302698,0.028471214122005876,0.011453723547724328
19865,0.9322142088433496,0.01935369617862526,0.048432094978025114
19866,0.039612654904015686,0.004665979916201799,0.9557213651797826
19867,0.9888239296882336,0.0019192241283858187,0.009256846183380534
19868,0.017916655442368958,0.021135502881046965,0.9609478416765841
19869,0.9755542690209902,0.00011400350241801774,0.02433172747659165
19870,0.12792027656888985,0.007570308916929025,0.8645094145141812
19871,0.9486875289406255,0.0037163227531579308,0.04759614830621652
19872,0.9841896132046736,0.0006370236612102301,0.015173363134116165
19873,0.9389254549378817,0.02288435960247253,0.03819018545964587
19874,0.9799794127352588,0.007996791612072231,0.012023795652669114
19875,0.3270565831107747,0.06733844746071094,0.6056049694285144
19876,0.8862493702149226,0.007848975492520867,0.10590165429255664
19877,0.33374273553469036,0.006949069457472314,0.6593081950078372
19878,0.7655684798904218,0.015121685306681409,0.21930983480289673
19879,0.31683269945765097,0.032274107413010907,0.6508931931293381
19880,0.030665558634556778,0.003549212702091139,0.9657852286633521
19881,0.41075374296361533,0.036663037571089,0.5525832194652956
19882,0.9466225746699312,0.01097932715567039,0.04239809817439847
19883,0.9727723959008839,0.0020610120809971136,0.025166592018118984
19884,0.9538161518020565,0.00387027868768061,0.04231356951026297
19885,0.012369162071773906,0.002833254504051494,0.9847975834241747
19886,0.9256679225849029,0.002446428004087105,0.07188564941100999
19887,0.9185808678343295,0.001467865568146245,0.07995126659752433
19888,0.01081635694990448,0.02946509147913459,0.9597185515709609
19889,0.8845169305176624,0.0042618012605427505,0.11122126822179473
19890,0.008984017980500835,0.0003371789839949378,0.9906788030355043
19891,0.9317823962159146,0.0089993361754326,0.05921826760865276
19892,0.9593895643670481,0.0022287914300951834,0.038381644202856516
19893,0.9354126397245814,0.0038967037639866123,0.060690656511431906
19894,0.9455162406100931,0.008735776658850876,0.045747982731055986
19895,0.35146897359155266,0.06036582177075912,0.5881652046376883
19896,0.9785834185996914,0.0023752228063555637,0.019041358593953044
19897,0.9787358579740455,0.013444878437973979,0.007819263587980452
19898,0.9881570966964923,0.0005382517745010315,0.011304651529006638
19899,0.8478933309424231,0.012291738393911376,0.13981493066366552
19900,0.09478639257265227,0.0016497089587443029,0.9035638984686034
19901,0.9561076407406738,0.0006516286249023074,0.04324073063442387
19902,0.7994032106196788,0.002928360736625678,0.1976684286436956
19903,0.5764854788289919,0.0008512234071051678,0.422663297763903
19904,0.9368767158355445,0.04497357038734806,0.0181497137771073
19905,0.9889892672548621,0.006680346697720887,0.00433038604741686
19906,0.7830667269749777,0.006396719660385631,0.21053655336463667
19907,0.16858512723259805,0.016208590828776886,0.815206281938625
19908,0.9935895619338302,0.0024197895390370068,0.0039906485271328125
19909,0.9424816011567385,0.002037860215449205,0.05548053862781214
19910,0.35075786521413416,0.007821780003465135,0.6414203547824006
19911,0.7852133955292077,0.008448322270666648,0.2063382822001257
19912,0.09270207770055658,0.03191173720220928,0.8753861850972341
19913,0.16486741433070787,0.006324710203276075,0.8288078754660161
19914,0.015351897317455293,0.008954902265113649,0.975693200417431
19915,0.9617484178917333,0.025520369053404223,0.012731213054862443
19916,0.8977177293446249,0.004305173611442588,0.09797709704393248
19917,0.7558149681441846,0.002546086447245677,0.24163894540856962
19918,0.9680410029144229,0.0034378520789754854,0.028521145006601547
19919,0.0044909219381117724,0.0027269400342381693,0.99278213802765
19920,0.9579611800876114,0.0028214376739608893,0.03921738223842772
19921,0.7538474489131956,0.01808128559218771,0.22807126549461676
19922,0.9844581386593871,0.0012514299088055476,0.014290431431807448
19923,0.9867175157658341,0.0068665030920765585,0.0064159811420894195
19924,0.9450909954181261,0.006775471156905684,0.048133533424968206
19925,0.9949467505361741,0.00020231721438258076,0.004850932249443247
19926,0.35336245406238254,0.09692314481730772,0.5497144011203098
19927,0.7636348375767541,0.15166660338134996,0.08469855904189579
19928,0.30139487213429034,0.3042304253053362,0.3943747025603735
19929,0.9746733624707401,0.0015263119508852423,0.02380032557837459
19930,0.9734463819273176,0.0004925311894749391,0.026061086883207532
19931,0.9112105661785181,0.007899488744066176,0.08088994507741568
19932,0.9753245801706877,0.004978888349009972,0.019696531480302374
19933,0.10789360616147399,0.003924049386554463,0.8881823444519715
19934,0.3124435350492914,0.009562440566764202,0.6779940243839444
19935,0.9677967449874257,0.002800008081419604,0.02940324693115466
19936,0.7890243904263996,0.016507731644610057,0.19446787792899026
19937,0.9607443821572625,0.006388301500147329,0.032867316342590144
19938,0.8659784949594952,0.006088010116484277,0.12793349492402037
19939,0.7650854523122036,0.004137536745472678,0.2307770109423237
19940,0.7750865215025396,0.16787268408324685,0.057040794414213614
19941,0.3483598170601522,0.0061780887498002965,0.6454620941900476
19942,0.9012820499923131,0.004243051905370475,0.09447489810231642
19943,0.795462002128841,0.007172551246751359,0.19736544662440764
19944,0.87188692785684,0.08490283210108196,0.0432102400420781
19945,0.9473075730805218,0.028236617193636668,0.024455809725841545
19946,0.9446222811529683,0.011494898085249863,0.04388282076178192
19947,0.986161563344038,0.0011559981803120323,0.012682438475649883
19948,0.04000649879303308,0.01841532632770717,0.9415781748792598
19949,0.9633065289503782,0.0028445128200883653,0.033848958229533516
19950,0.6146876456401877,0.07418727779896966,0.31112507656084254
19951,0.012762952423277085,0.0017289386488794323,0.9855081089278435
19952,0.9670883567578129,0.013649561146469496,0.019262082095717534
19953,0.9893928072495216,0.0016878007393423594,0.008919392011136031
19954,0.9367312400025024,0.03341211702387094,0.02985664297362665
19955,0.7479033081028478,0.008020819777699617,0.24407587211945267
19956,0.9069099236635088,0.060369763526239434,0.032720312810251964
19957,0.9570415071318082,0.00013879450277565358,0.04281969836541592
19958,0.46765717402509277,0.0452005998583883,0.4871422261165191
19959,0.08560616502216303,0.11034030098518768,0.8040535339926493
19960,0.15041461805155168,0.002065488998700581,0.8475198929497478
19961,0.6120812118948735,0.0077920730819621715,0.38012671502316425
19962,0.41378068420714476,0.04406689922110339,0.542152416571752
19963,0.826934125343733,0.013381932384686627,0.15968394227158045
19964,0.7328791162836003,0.017906959773171336,0.24921392394322853
19965,0.20725209321165008,0.003979196286724143,0.7887687105016258
19966,0.6337426722956033,0.00900165078214941,0.3572556769222471
19967,0.01846121935182884,0.028915519007663606,0.9526232616405076
19968,0.10531897163231288,0.08269978373618025,0.8119812446315069
19969,0.985246675635856,0.0025646349527242668,0.01218868941141972
19970,0.9284630132907614,0.0007296798761195136,0.07080730683311909
19971,0.7845869575807486,0.15259423250529675,0.06281880991395464
19972,0.3327380801230723,0.004559152922073497,0.6627027669548542
19973,0.020726166137932784,0.007007918494280517,0.9722659153677866
19974,0.9792332726732258,0.000711108853374007,0.02005561847340027
19975,0.7250622990161089,0.008048500732663784,0.2668892002512273
19976,0.9303934268187591,0.009381237165932524,0.06022533601530847
19977,0.011217035445920854,0.001035564825765343,0.9877473997283139
19978,0.8947972527681946,0.019158874510113808,0.0860438727216917
19979,0.19454265313344057,0.0008004058044060601,0.8046569410621534
19980,0.9697867582554519,0.011320367452179372,0.018892874292368612
19981,0.017289841068394495,0.0005115347119632881,0.9821986242196423
19982,0.9725082674450942,0.0006559288697132376,0.02683580368519244
19983,0.952144952240998,0.00496501604595388,0.04289003171304805
19984,0.9243277542818572,0.008041526880347089,0.06763071883779571
19985,0.9404016672343847,0.008170929490068517,0.05142740327554675
19986,0.8795406067454716,0.01386859431419513,0.10659079894033317
19987,0.8493365799342417,0.008056591626753427,0.1426068284390049
19988,0.9970374863983714,0.00014384778882143862,0.0028186658128071885
19989,0.05067009653292151,0.0028411099212116756,0.9464887935458668
19990,0.004745081467764994,0.00697080455604346,0.9882841139761915
19991,0.9922042781635829,0.0005051390604578899,0.007290582775959335
19992,0.9256759258008639,0.056856562642217744,0.01746751155691839
19993,0.9455994462279794,0.002942007749099338,0.05145854602292115
19994,0.1209256616076472,0.0006519586656142974,0.8784223797267386
19995,0.7986094853138381,0.0017537320350700886,0.19963678265109186
19996,0.20413383519441702,0.015240728251750357,0.7806254365538327
19997,0.8580687121442114,0.0072145187288803515,0.13471676912690828
19998,0.18653147721196112,0.06053557220171896,0.7529329505863199
19999,0.9813499537236285,0.009851976301963479,0.008798069974408068
20000,0.8578605474491406,0.0007535708399072216,0.14138588171095215
20001,0.2966350896647124,0.012342563012127642,0.69102234732316
20002,0.11924887256833291,0.009129397895252168,0.8716217295364148
20003,0.09380762518582256,0.001473171384143983,0.9047192034300335
20004,0.977855133008122,0.005131103540513211,0.01701376345136479
20005,0.7924735333324062,0.011279835976789112,0.19624663069080478
20006,0.7343519864599057,0.0021880204876379423,0.2634599930524563
20007,0.010112423975835757,0.004514730699354593,0.9853728453248097
20008,0.002254152282502897,0.0007125535626996965,0.9970332941547975
20009,0.9789658917243862,0.003496364380667249,0.017537743894946636
20010,0.804773396083686,0.007868037764392476,0.18735856615192154
20011,0.9054763711427765,0.024701941955523526,0.06982168690170014
20012,0.2683556651991264,0.004007121503866126,0.7276372132970075
20013,0.9542961448292393,0.0024291098319543245,0.0432747453388064
20014,0.8071276504520057,0.013853874476763749,0.17901847507123056
20015,0.041882152306396,0.003967886932156164,0.9541499607614478
20016,0.4234864368864907,0.022811638580420082,0.5537019245330893
20017,0.9385522022934506,0.01040054620085972,0.051047251505689714
20018,0.9633509326606466,0.006844247501311804,0.029804819838041563
20019,0.9542801586553987,0.0006554246817621838,0.04506441666283912
20020,0.8998137283348115,0.013012759674058183,0.08717351199113027
20021,0.9236055519171085,0.006412876698528295,0.06998157138436324
20022,0.06039257127127506,0.10193739095176012,0.8376700377769648
20023,0.15116901714565006,0.005337714728363416,0.8434932681259866
20024,0.4163926798078174,0.008795020410128033,0.5748122997820546
20025,0.9369037912169279,0.00033557187852029596,0.06276063690455178
20026,0.9664751121980114,0.002163124835628623,0.03136176296635995
20027,0.9532617084147258,0.006480013050304984,0.040258278534969216
20028,0.7643964965393816,0.010799512429690855,0.22480399103092766
20029,0.011022613038672904,0.0007727513501543841,0.9882046356111728
20030,0.9915562164887527,0.002543820780776228,0.005899962730471141
20031,0.5660655229417227,0.02175948223474012,0.4121749948235372
20032,0.9720623415635885,0.0016086702890425921,0.026328988147368913
20033,0.9618155532784683,0.004489059488184822,0.03369538723334687
20034,0.07932273322495023,0.018682312448102683,0.9019949543269471
20035,0.0264339631953228,0.011870359318814989,0.9616956774858622
20036,0.3303768945550262,0.032325210909421656,0.6372978945355522
20037,0.6429726816254223,0.1498411718448015,0.20718614652977613
20038,0.7517868653294866,0.005599287518893415,0.24261384715162002
20039,0.9440421812806944,0.019753679493876096,0.03620413922542959
20040,0.8786203544150125,0.0008092662039097845,0.12057037938107762
20041,0.018059681655515462,0.007946721227787577,0.973993597116697
20042,0.9842414753449308,0.00082742620379716,0.014931098451272055
20043,0.9630311731499557,0.007197846380251125,0.02977098046979316
20044,0.9873473731069227,0.00047835952026944616,0.0121742673728079
20045,0.8188425961088643,0.008744643506495208,0.17241276038464046
20046,0.9063163750573353,0.006862374918740773,0.086821250023924
20047,0.8599098189326078,0.057824689292418706,0.08226549177497362
20048,0.9468776150139555,0.01309399806637874,0.040028386919665766
20049,0.7122324916469435,0.009921194220458061,0.27784631413259847
20050,0.9910075060463486,0.00045337824479922,0.008539115708852248
20051,0.10929454426279203,0.3309923948359899,0.5597130609012181
20052,0.9758616651570238,0.0011255839189353728,0.023012750924040874
20053,0.8789880291601249,0.009219571345893816,0.11179239949398137
20054,0.9517310590003495,0.011520798583876274,0.036748142415774246
20055,0.9097330008488672,0.004537331527763481,0.08572966762336937
20056,0.6361205792379485,0.017287913337467976,0.34659150742458356
20057,0.04954731747952406,0.013719251269099541,0.9367334312513763
20058,0.6064716507846989,0.007943211439848252,0.3855851377754529
20059,0.7473206514735284,0.0021731885684519456,0.25050615995801967
20060,0.6783635829328959,0.0025866254173419192,0.3190497916497622
20061,0.9799276268329989,0.004027411379601642,0.016044961787399534
20062,0.9564199337753376,0.009701635045000982,0.033878431179661224
20063,0.018932490474374224,0.001667759014131655,0.9793997505114941
20064,0.8056598163320193,0.007120844879289518,0.1872193387886912
20065,0.9839821275518583,0.0023148671979316823,0.013703005250210029
20066,0.5877770202807014,0.00194361691321745,0.4102793628060811
20067,0.37502154366963053,0.004852339526718177,0.6201261168036513
20068,0.9350242220713827,0.0015833626658791013,0.06339241526273821
20069,0.9905780309940293,0.00015651753601234088,0.0092654514699584
20070,0.5259985171516014,0.012914841164903068,0.4610866416834955
20071,0.9789513842407576,0.004389793385327328,0.016658822373915107
20072,0.9774488314745582,0.0005269734386195596,0.022024195086822296
20073,0.9942631475436539,0.0017725067396561949,0.003964345716689946
20074,0.08576592842906143,0.007786324903534173,0.9064477466674044
20075,0.11230448686830743,0.002463562844542511,0.8852319502871501
20076,0.3033412643617184,0.024236856059235555,0.6724218795790462
20077,0.9355965482955665,0.005089941339193044,0.0593135103652405
20078,0.9446648900674727,0.01029358981303201,0.0450415201194953
20079,0.07179985433538011,0.1291598050277025,0.7990403406369174
20080,0.9184796980964561,0.029900646099708397,0.051619655803835506
20081,0.9846119384889556,0.002196520885684099,0.013191540625360243
20082,0.10996919522640172,0.02223203059127293,0.8677987741823253
20083,0.8461100542947791,0.004529441750661548,0.14936050395455935
20084,0.9087677410656879,0.013957194645506783,0.07727506428880523
20085,0.007583565709742017,0.00047224814753720325,0.9919441861427207
20086,0.666915159343615,0.025806386090634778,0.3072784545657503
20087,0.8519119733788015,0.021283942379019313,0.1268040842421791
20088,0.874131692574453,0.05753085449279309,0.06833745293275387
20089,0.8804145447739024,0.0074749393022426995,0.11211051592385494
20090,0.9744102504767855,0.0003708466439945488,0.025218902879219945
20091,0.9892450047655335,0.001086728109465347,0.009668267125001118
20092,0.8658384018824109,0.03985887277789203,0.09430272533969705
20093,0.08975080705341569,0.020971700020127663,0.8892774929264567
20094,0.9276201077659242,0.0008413930847512665,0.07153849914932459
20095,0.8531633410277825,0.0015956844870249494,0.1452409744851926
20096,0.38138170443906766,0.02898125591360129,0.5896370396473309
20097,0.7986892162006205,0.10195908260653788,0.09935170119284169
20098,0.9729577168033497,0.0003288182568714808,0.026713464939778882
20099,0.9033683793588008,0.0543675149291498,0.04226410571204951
20100,0.3568257722994979,0.009533961477003703,0.6336402662234984
20101,0.8903156188617376,0.03739808769930243,0.07228629343896005
20102,0.26520196415596475,0.02867490870082799,0.7061231271432074
20103,0.37533080904004135,0.0070750085505523,0.6175941824094063
20104,0.17696298670874286,0.007310503875394368,0.8157265094158628
20105,0.9467377451128666,0.0027301477327331698,0.050532107154400215
20106,0.021721286896498094,0.00041074898008133337,0.9778679641234205
20107,0.8475109452566805,0.002434938528263624,0.150054116215056
20108,0.9595814508583116,0.010453573616352154,0.0299649755253363
20109,0.11936119837130794,0.04938575108643669,0.8312530505422554
20110,0.9898405051300732,0.0016745447576017572,0.008484950112325121
20111,0.9708167328397358,0.00013395142414247883,0.029049315736121708
20112,0.9176449279067199,0.000803451132517258,0.0815516209607628
20113,0.339381672722639,0.043116959019183596,0.6175013682581774
20114,0.29026198008973025,0.003026448556217619,0.7067115713540523
20115,0.8145185777111826,0.01835574069953363,0.16712568158928376
20116,0.05538442218770831,0.0047689717950210085,0.9398466060172707
20117,0.9360794635403356,0.035676372954528746,0.028244163505135794
20118,0.9747880101434754,0.0005756435825407568,0.024636346273983915
20119,0.952699948576616,0.00970843764643839,0.03759161377694562
20120,0.978368285924879,0.004346818831610077,0.01728489524351086
20121,0.1680877859995801,0.022798342685209583,0.8091138713152103
20122,0.8516821296342562,0.0042356127942235755,0.14408225757152027
20123,0.9667744454955833,0.0019472266941209387,0.03127832781029565
20124,0.9926483034584137,0.003297351699482902,0.004054344842103381
20125,0.4804308232739203,0.00748511636746934,0.5120840603586103
20126,0.9920480411812258,0.00244208604732651,0.00550987277144768
20127,0.9701044167469707,0.00029230714197598794,0.029603276111053508
20128,0.604541829582546,0.013761486681215325,0.3816966837362386
20129,0.776951163564929,0.150667456226313,0.072381380208758
20130,0.01825289231162627,0.006058638431088681,0.975688469257285
20131,0.6689640444426117,0.0059257288951146325,0.3251102266622736
20132,0.9760956326906463,0.0035071796378360453,0.020397187671517568
20133,0.6540043660386952,0.06911018170463519,0.27688545225666955
20134,0.9629122728542345,0.023332384056967307,0.013755343088798054
20135,0.9239077075463633,0.012343595186706233,0.06374869726693036
20136,0.09642252629951518,0.018629646655728638,0.8849478270447562
20137,0.930458544872471,0.005481677277882397,0.06405977784964643
20138,0.8301809200231606,0.015187575265758493,0.15463150471108097
20139,0.6380355830449244,0.02589306550775281,0.3360713514473229
20140,0.9683929131169488,0.002979301610029081,0.028627785273022194
20141,0.9320493117259426,0.004613884080986848,0.06333680419307058
20142,0.897512543666893,0.013656781934564797,0.08883067439854223
20143,0.9553186915654267,0.029500868431879757,0.015180440002693373
20144,0.5682974824573861,0.005359969807056751,0.4263425477355572
20145,0.009413390831536075,0.0008384395389411215,0.9897481696295228
20146,0.020061693108286982,0.007596297075716339,0.9723420098159966
20147,0.7451536008998113,0.009596623589118485,0.24524977551107016
20148,0.9801153373943944,0.0014685330584602104,0.01841612954714538
20149,0.8438850628351179,0.015451915315770386,0.14066302184911167
20150,0.9140569511789474,0.02183673481616616,0.06410631400488646
20151,0.9790005431170314,0.0035770841076155405,0.017422372775353145
20152,0.0061068247935810475,0.00859259511341358,0.9853005800930055
20153,0.9833734623978984,0.001843470963098861,0.01478306663900271
20154,0.8057523628751893,0.0007429167682213321,0.1935047203565895
20155,0.9754926700148935,0.0030998241071449988,0.021407505877961492
20156,0.811750425787034,0.012715631736385248,0.17553394247658075
20157,0.9433133974700809,0.001026456739978034,0.05566014578994115
20158,0.9709765938546955,0.0006583791223084097,0.028365027022996026
20159,0.8174345416845358,0.0066081082650459085,0.17595735005041838
20160,0.9192795021079931,0.004538004325882822,0.07618249356612396
20161,0.01900402061350686,0.006484217874780415,0.9745117615117127
20162,0.9445347825828508,0.0023665029584043363,0.05309871445874479
20163,0.8910771402370808,0.0050333195313310855,0.10388954023158817
20164,0.972167962488038,0.005208424376025271,0.022623613135936645
20165,0.02014605246908152,0.003008958634770795,0.9768449888961476
20166,0.9353959928611262,0.0016229898360399218,0.06298101730283397
20167,0.8865284379924548,0.006201356517043111,0.10727020549050198
20168,0.909257994057079,0.010129965312565081,0.08061204063035597
20169,0.9927410580224066,0.0002553821138110296,0.007003559863782426
20170,0.919911807772329,0.010977451474115092,0.06911074075355585
20171,0.6233058557089921,0.006371485655972055,0.37032265863503594
20172,0.022510972624308193,0.008495164358905375,0.9689938630167865
20173,0.991928627759355,0.0037829455345537505,0.004288426706091284
20174,0.8282192301945089,0.0006412407837990283,0.17113952902169202
20175,0.3361154582659595,0.016296183885260246,0.6475883578487802
20176,0.9596150327603243,0.0008075616645515057,0.03957740557512422
20177,0.1275993686906175,0.025822087292204185,0.8465785440171784
20178,0.1954177460012902,0.020281672460068116,0.7843005815386417
20179,0.9404101523662849,0.018456508154834864,0.04113333947888027
20180,0.9425420993238324,0.0019236262187512555,0.05553427445741637
20181,0.10974117640155742,0.002619078752666342,0.8876397448457762
20182,0.933965360240104,0.001590365643509904,0.06444427411638592
20183,0.863777653032936,0.004517706776931876,0.13170464019013214
20184,0.010398439022208784,0.0005280503114499085,0.9890735106663413
20185,0.9926704018685328,0.0013760530485615577,0.00595354508290556
20186,0.9641921499036862,0.001709670487941622,0.03409817960837214
20187,0.9715950446457845,0.00037235460329275314,0.028032600750922686
20188,0.9705212390398611,0.0011346932411579942,0.028344067718980955
20189,0.42655373109511874,0.0103445588767728,0.5631017100281085
20190,0.45958028054399597,0.0010323885428444913,0.5393873309131597
20191,0.9745084592800521,0.0017821913706990208,0.023709349349248787
20192,0.9646782012175639,0.006561139796843031,0.028760658985593053
20193,0.3228457202305932,0.02135787222934621,0.6557964075400606
20194,0.9068304964077345,0.007139757365072874,0.08602974622719253
20195,0.2987963389409916,0.0016693462924251398,0.6995343147665832
20196,0.9728177084663275,0.004642078486063268,0.022540213047609173
20197,0.9449999757872225,0.002541897800296331,0.05245812641248127
20198,0.938258133497415,0.00813015906492312,0.053611707437661936
20199,0.008618823953700606,0.012424881635079927,0.9789562944112195
20200,0.5111188868463088,0.015571819042159742,0.47330929411153144
20201,0.9884515277341103,0.0011938739056961503,0.010354598360193663
20202,0.9917757251801559,0.00048037930621400236,0.007743895513630021
20203,0.04730239450294194,0.029432303899143312,0.9232653015979148
20204,0.9751075975008071,0.008090383213202384,0.016802019285990528
20205,0.9656570871316633,0.006903261011304982,0.027439651857031747
20206,0.9157586470332325,0.0011920128694291629,0.08304934009733841
20207,0.8094068708242003,0.000681713670119387,0.18991141550568028
20208,0.9453720065666793,0.004803946298779701,0.049824047134541034
20209,0.964465389449768,0.002145617910446258,0.03338899263978569
20210,0.9894635174998881,0.00023549299175695015,0.010300989508354926
20211,0.9383810932942854,0.03816936844736891,0.02344953825834574
20212,0.34302988136358314,0.059681926881689676,0.5972881917547271
20213,0.9636690425481812,0.010533716785278561,0.02579724066654021
20214,0.6360401695121384,0.0583721422375323,0.30558768825032934
20215,0.08392136511054848,0.0015503832385929783,0.9145282516508585
20216,0.9791180615716422,0.0014826274127711263,0.019399311015586708
20217,0.8435796084229271,0.01738213627425319,0.13903825530281969
20218,0.5112705092772488,0.1878838341920621,0.3008456565306891
20219,0.9380659924675258,0.0004689448466526486,0.06146506268582171
20220,0.21840582664939256,0.1356898834048287,0.6459042899457788
20221,0.003425113388303804,0.00025143151833934756,0.9963234550933568
20222,0.07656699691291761,0.0024205559889538017,0.9210124470981286
20223,0.5543467294826063,0.015641427571930353,0.43001184294546335
20224,0.6706605424003086,0.026787719999288435,0.3025517376004029
20225,0.06672721021589872,0.01604674341185987,0.9172260463722414
20226,0.9580077449972473,0.0018306718350580516,0.04016158316769475
20227,0.015037495783981478,0.019167348797811266,0.9657951554182074
20228,0.9127313758927237,0.012192549554418309,0.07507607455285802
20229,0.8805929114536755,0.009710069101145444,0.10969701944517915
20230,0.8703937583630807,0.002043633491124197,0.12756260814579504
20231,0.7642035179785476,0.0020585263608002644,0.23373795566065225
20232,0.8680050613348003,0.08762187726640928,0.04437306139879047
20233,0.9855000888156242,0.00867637730000924,0.005823533884366481
20234,0.7261739099209945,0.08802326368834794,0.18580282639065748
20235,0.9710586952694346,0.0010682689151129663,0.027873035815452443
20236,0.9697623979371418,0.0033511674686208213,0.026886434594237396
20237,0.8905739116965904,0.002190074028591003,0.10723601427481848
20238,0.3967855324591759,0.0007079070970678842,0.6025065604437563
20239,0.9382645391008684,0.020127739937839572,0.04160772096129204
20240,0.03338588467563202,0.00884012756283883,0.9577739877615291
20241,0.0063157735800183695,0.002264538578809849,0.9914196878411718
20242,0.02458178703314777,0.004480954870430185,0.9709372580964221
20243,0.20819652999732322,0.0211050191534412,0.7706984508492356
20244,0.8895967593397912,0.006353560797771101,0.10404967986243761
20245,0.8933849426183506,0.014502008442615502,0.09211304893903398
20246,0.9112587544044549,0.06838010103372277,0.020361144561822326
20247,0.9337266863228956,0.02845616512471641,0.037817148552388026
20248,0.7388263104147256,0.04306642898625874,0.2181072605990158
20249,0.9771506377322933,0.002336602797329417,0.02051275947037737
20250,0.9636915362096784,0.004064016122083817,0.03224444766823784
20251,0.02541324504786919,0.004073649271158432,0.9705131056809725
20252,0.9345766035069302,0.0020442644284285674,0.06337913206464128
20253,0.955826530327827,0.02812042285806476,0.016053046814108178
20254,0.9397412768672704,0.0005911412244907332,0.05966758190823885
20255,0.09085920796272853,0.003836651598502888,0.9053041404387686
20256,0.9662580737785574,0.0031919509729956205,0.03054997524844698
20257,0.9663229600534077,0.0014521581599264606,0.03222488178666588
20258,0.711505326772443,0.0013584623749300002,0.2871362108526269
20259,0.9612805779646062,0.00562116165588107,0.03309826037951282
20260,0.05201682007797404,0.09141550493805119,0.8565676749839748
20261,0.520719744775128,0.0037558082519909696,0.475524446972881
20262,0.46120713592559465,0.008009829359461295,0.530783034714944
20263,0.8490292067852134,0.0050257175403760155,0.1459450756744105
20264,0.18557175696245512,0.016415700133745117,0.7980125429037997
20265,0.9584975829997424,0.005545077173212158,0.035957339827045506
20266,0.9528092095923185,0.023975381372331923,0.02321540903534959
20267,0.2397211028479879,0.3652827230214176,0.3949961741305946
20268,0.8960642148757837,0.0033651081240533664,0.10057067700016299
20269,0.0441574479497893,0.35103639308716816,0.6048061589630426
20270,0.9359032998723219,0.006564498791183683,0.057532201336494476
20271,0.41893122559742146,0.2768781480586945,0.30419062634388405
20272,0.9559881791770322,0.00047365927314638125,0.043538161549821375
20273,0.1684454003814993,0.008413470896217481,0.8231411287222833
20274,0.34422818124346405,0.0018009158363863356,0.6539709029201496
20275,0.6592761485330805,0.03454626277055213,0.3061775886963675
20276,0.9781233176811164,0.000951844274633395,0.020924838044250247
20277,0.8006274095349954,0.021723690219255104,0.17764890024574945
20278,0.35869472653972173,0.4979427909824597,0.14336248247781846
20279,0.9485725440029995,0.0029233794452582667,0.048504076551742284
20280,0.33889873867598064,0.015795501695752237,0.6453057596282672
20281,0.3492711297616666,0.2605946149890589,0.3901342552492746
20282,0.7786015228386978,0.18167277347322966,0.03972570368807247
20283,0.948751553695448,0.006993347160218951,0.04425509914433321
20284,0.7583043214665769,0.015406843539553187,0.22628883499386984
20285,0.8642784432394526,0.005488409337208578,0.13023314742333872
20286,0.867073555372441,0.03928318997552252,0.0936432546520364
20287,0.047879283963738827,0.0009475579121564521,0.9511731581241047
20288,0.044163870134232126,0.024508843675727116,0.9313272861900408
20289,0.5564472655477655,0.017595399479984914,0.42595733497224963
20290,0.8196869133356526,0.005396861233395744,0.17491622543095156
20291,0.9439660298136479,0.0016487650764505065,0.05438520510990175
20292,0.8313598327838617,0.01760636145053063,0.15103380576560763
20293,0.9776391848441499,0.0021742891941452895,0.020186525961704737
20294,0.9679977503916586,0.0022564446941789494,0.029745804914162528
20295,0.6671550177371928,0.03293051063241846,0.29991447163038876
20296,0.006510493507820587,0.005851407539810795,0.9876380989523685
20297,0.8908709133405671,0.0017768337608347691,0.10735225289859805
20298,0.9682463088565498,0.0021922305840654235,0.0295614605593847
20299,0.8821817667053248,0.009913497462461203,0.10790473583221406
20300,0.8902557342508454,0.004709617962469918,0.10503464778668477
20301,0.973735743861969,0.0026534121434194577,0.02361084399461147
20302,0.8279749252195396,0.0015145116064694138,0.17051056317399085
20303,0.797412789834533,0.09738397868893561,0.10520323147653135
20304,0.8897755975616976,0.05850356770330727,0.05172083473499523
20305,0.4852911197681147,0.004054762357501602,0.5106541178743838
20306,0.9151670683220196,0.00034565850692275664,0.08448727317105768
20307,0.9197558658649689,0.004636294863793001,0.07560783927123797
20308,0.9055443432536067,0.024413483434557837,0.07004217331183543
20309,0.9751585078444657,0.0012636752299020559,0.023577816925632218
20310,0.9750737831677032,0.009343170108740499,0.01558304672355629
20311,0.9555441204039734,0.0007215106236724791,0.04373436897235416
20312,0.8591025424280119,0.010086506449981254,0.13081095112200686
20313,0.9851560969616869,0.0016584397995875442,0.01318546323872544
20314,0.6578160313951644,0.009894488746534143,0.3322894798583014
20315,0.47529453627674556,0.009050895770567318,0.5156545679526872
20316,0.9808778066950127,0.0036978241105719897,0.015424369194415324
20317,0.9673045307761862,0.0034787817502405158,0.029216687473573373
20318,0.9514555554145693,0.03707934565278224,0.011465098932648415
20319,0.8680228358240091,0.004267090823856428,0.12771007335213452
20320,0.22979252311903473,0.011066724920417027,0.7591407519605482
20321,0.05833374781240563,0.002555159483456849,0.9391110927041375
20322,0.8392037698063934,0.019690190380379873,0.14110603981322672
20323,0.9825643692068334,0.0017786765882563805,0.015656954204910194
20324,0.9871865501259632,0.00020105494689204239,0.012612394927144626
20325,0.8364405329731266,0.000623149405928552,0.1629363176209448
20326,0.9748990301229199,0.008089732402135353,0.017011237474944804
20327,0.9626660593315113,0.0006857283868993482,0.03664821228158923
20328,0.6832492378598354,0.03618993107932143,0.28056083106084334
20329,0.004092602559202392,0.003519698921037217,0.9923876985197604
20330,0.9817875535449083,0.01216125644085638,0.006051190014235305
20331,0.040695646647500146,0.003610209433178443,0.9556941439193214
20332,0.9389387856478639,0.006791816802500717,0.05426939754963539
20333,0.5864982711440242,0.020999023727404968,0.39250270512857083
20334,0.2841408773331786,0.01458347962789936,0.7012756430389221
20335,0.8964034403264424,0.004697570700290823,0.09889898897326675
20336,0.964758711171441,0.0002793984614494436,0.034961890367109484
20337,0.9175887531355345,0.00541829695266909,0.07699294991179645
20338,0.959447225059971,0.010172324726904507,0.03038045021312454
20339,0.978830618115943,0.005023721639164358,0.01614566024489262
20340,0.947392559024547,0.0014339354305691874,0.05117350554488372
20341,0.9172190373592481,0.005785402431561506,0.07699556020919042
20342,0.936716927674859,0.00296803336881058,0.060315038956330426
20343,0.9620203905345501,0.010301245972113456,0.027678363493336498
20344,0.9913841571961198,0.0019046527399154325,0.006711190063964839
20345,0.9461455642496442,0.007969371612512748,0.04588506413784292
20346,0.870973707958262,0.008768136213159418,0.12025815582857857
20347,0.7597735977135572,0.00629799888504792,0.2339284034013948
20348,0.8990959835373726,0.012098273584878408,0.08880574287774896
20349,0.858565090449438,0.009453452549339974,0.1319814570012221
20350,0.3877283519246326,0.0016484804038909883,0.6106231676714764
20351,0.9415521856070542,0.0002669438193025349,0.058180870573643254
20352,0.9490132360130751,0.005444807692056601,0.045541956294868416
20353,0.9536508623313195,0.008393837085571792,0.03795530058310875
20354,0.5973859536641208,0.04718098394864336,0.3554330623872359
20355,0.020153686582386414,0.00014034268119356334,0.9797059707364201
20356,0.9693173690522163,0.0018601106836873293,0.028822520264096322
20357,0.8233302942343075,0.004002790309577878,0.17266691545611462
20358,0.8692370695215779,0.0013597322657915973,0.12940319821263047
20359,0.6602905106539144,0.007683898914510261,0.3320255904315754
20360,0.7669287104921119,0.029436222695908336,0.20363506681197976
20361,0.9403807574049886,0.0017505877394243129,0.057868654855587065
20362,0.9908843822284114,0.00040014215626350504,0.008715475615325019
20363,0.9857451844525612,0.004043258380366475,0.0102115571670724
20364,0.6067074870525929,0.0073608614838553904,0.38593165146355163
20365,0.9774325895476639,0.0017383040955049878,0.020829106356831238
20366,0.9727266724086511,0.0023394772690889095,0.024933850322259952
20367,0.9792492862641954,0.0034308745323868716,0.017319839203417807
20368,0.4015297892525114,0.08412719378408194,0.5143430169634066
20369,0.9017985105508564,0.05832237324319464,0.03987911620594888
20370,0.6173014825939042,0.05829266621099388,0.3244058511951019
20371,0.976480590820475,0.0012328770318895809,0.0222865321476355
20372,0.024934349346616667,0.0031429587253796864,0.9719226919280036
20373,0.950458737115581,0.010617273101395144,0.0389239897830238
20374,0.19498356083720486,0.002620989605947521,0.8023954495568476
20375,0.7243488776765229,0.0170135830818488,0.25863753924162824
20376,0.9777432694456062,0.0013426154793340019,0.020914115075059685
20377,0.3040499197620915,0.23572108682365825,0.46022899341425033
20378,0.9291149749945231,0.004073972231716058,0.06681105277376095
20379,0.9217334527170291,0.00036701334964464274,0.0778995339333263
20380,0.9704902414689791,0.018832154680985345,0.010677603850035513
20381,0.5865672116324018,0.00422119415389361,0.4092115942137047
20382,0.38338150906223006,0.0024008670487050948,0.6142176238890649
20383,0.5909304321628956,0.020583558300245646,0.38848600953685875
20384,0.1605578461699582,0.0010967983085586447,0.8383453555214831
20385,0.6626693114894933,0.2690670107201203,0.06826367779038657
20386,0.9637556361169362,0.003969776839043048,0.032274587044020905
20387,0.7595735202271305,0.016832241805363683,0.2235942379675058
20388,0.5367354271515365,0.05030897139176877,0.41295560145669474
20389,0.19155946666636792,0.013479748240709636,0.7949607850929225
20390,0.8371963537223576,0.019394483546593653,0.14340916273104878
20391,0.9495867085024079,0.01608491712020813,0.034328374377383945
20392,0.5599218349906976,0.009323041686745156,0.43075512332255717
20393,0.907301370429864,0.0030196813859222895,0.08967894818421361
20394,0.9686097038993242,0.006453271334530348,0.024937024766145482
20395,0.9687408324789614,0.007545854311541463,0.023713313209497263
20396,0.9461432078089346,0.000918296478621065,0.05293849571244427
20397,0.008783935183446787,0.00389000390888709,0.9873260609076662
20398,0.4833154986292137,0.009964189381334518,0.5067203119894518
20399,0.9807871502955964,0.002040238339198083,0.017172611365205603
20400,0.07076608810801398,0.045689089183096554,0.8835448227088896
20401,0.9526930569513702,0.0022613646922383865,0.045045578356391384
20402,0.5486439065414569,0.005514384963093149,0.44584170849545013
20403,0.8970347657664678,0.006207778666052695,0.09675745556747957
20404,0.010011571504101204,0.0038441177008263325,0.9861443107950724
20405,0.012552618939651318,0.0010982782203209627,0.9863491028400277
20406,0.08350193156784848,0.0012115631320154688,0.9152865053001361
20407,0.09789857155016403,0.005233375908573225,0.8968680525412628
20408,0.9295819364700546,0.003385923646587164,0.0670321398833582
20409,0.9178150525327917,0.0040293766497470655,0.07815557081746127
20410,0.7290051468431592,0.08898667274970103,0.18200818040713976
20411,0.9756188114018434,0.0002130491850401276,0.02416813941311651
20412,0.9683267017930659,0.01969037033956465,0.011982927867369413
20413,0.9956500358847626,0.0010312964349337456,0.0033186676803036524
20414,0.9905167723954339,0.004548512811569692,0.004934714792996398
20415,0.9822622873889117,0.0006677372754677405,0.017069975335620474
20416,0.9947891749877656,0.0029861014937724766,0.002224723518462045
20417,0.6893223072885347,0.0007244005115752798,0.30995329219989004
20418,0.9795097113958069,0.0022449404368557507,0.018245348167337437
20419,0.9222734430456159,0.04872548935050395,0.029001067603880194
20420,0.7802781201009917,0.152136951861425,0.06758492803758337
20421,0.8315078878840002,0.10261637313848274,0.06587573897751695
20422,0.01143182167939067,0.0022491399338686723,0.9863190383867405
20423,0.9903785985371928,0.0006615134467615738,0.008959888016045603
20424,0.2342853689579767,0.14165309392864872,0.6240615371133748
20425,0.8281673352835631,0.008040231001862784,0.1637924337145741
20426,0.9668856950412307,0.008772604298066889,0.02434170066070228
20427,0.2802861249894424,0.0162481833952753,0.7034656916152824
20428,0.9461292996683336,0.004947125953645874,0.048923574378020564
20429,0.8315766175790682,0.003988594364113758,0.16443478805681794
20430,0.029164991882125048,0.002113318861768465,0.9687216892561065
20431,0.9554563691063871,0.0038117360852456617,0.04073189480836724
20432,0.03562422394119538,0.012406064446534758,0.9519697116122698
20433,0.5695263511458056,0.002930582084788812,0.42754306676940557
20434,0.8970159526512755,0.03446196674654441,0.06852208060218003
20435,0.8882462621699357,0.05718170241565872,0.054572035414405536
20436,0.4777741041186038,0.0015286126628178305,0.5206972832185784
20437,0.2626119488429637,0.6685577026826937,0.06883034847434269
20438,0.8126563045555913,0.012102421045929583,0.1752412743984791
20439,0.9582998010727217,0.002661678095002296,0.039038520832275915
20440,0.03896677762477671,0.00278832897599331,0.95824489339923
20441,0.9677405388886113,0.004388317388367036,0.027871143723021637
20442,0.9660092726838624,0.009759422433956843,0.024231304882180813
20443,0.9465518077032382,0.02952077063510896,0.023927421661652824
20444,0.8372396322643071,0.02752382699733106,0.13523654073836183
20445,0.7840477104579899,0.008187171369493759,0.20776511817251625
20446,0.9629023624428622,0.01653799682604906,0.020559640731088704
20447,0.9062005052506363,0.020999627328917483,0.07279986742044614
20448,0.36612373618625854,0.0027285911948969313,0.6311476726188445
20449,0.9016408724339106,0.021458870988439276,0.07690025657765015
20450,0.971866737727124,0.0006328155706113136,0.027500446702264644
20451,0.16476147496905258,0.027931591762196784,0.8073069332687506
20452,0.9390792812597266,0.005504408303413709,0.0554163104368597
20453,0.16714458107561847,0.0015198968258141696,0.8313355220985674
20454,0.95439535947653,0.0011491666304036961,0.044455473893066276
20455,0.7468019803952367,0.026664705907040637,0.22653331369772253
20456,0.09275914585400376,0.002724899436489816,0.9045159547095064
20457,0.4779040822507744,0.011327777437674996,0.5107681403115506
20458,0.8892937040031849,0.002611720239262615,0.10809457575755256
20459,0.9981036142405633,0.0003340013002249509,0.001562384459211861
20460,0.060895369483560974,0.007710042420838293,0.9313945880956007
20461,0.9421772676955166,0.009896063837798409,0.047926668466685
20462,0.9922299337335238,0.0030164050474197263,0.004753661219056625
20463,0.0027777952052814325,0.0005848162677971227,0.9966373885269215
20464,0.03902845849202234,0.0032333113205440713,0.9577382301874336
20465,0.987259648511309,0.00265495109029645,0.010085400398394504
20466,0.9853308772453602,0.0004805183554957434,0.014188604399144097
20467,0.9270054715286017,0.012931415395123541,0.06006311307627477
20468,0.0007870322956421899,9.999794837273046e-05,0.9991129697559851
20469,0.8246242572803169,0.012523667913132072,0.16285207480655095
20470,0.2736568065665871,0.030739518600606815,0.6956036748328062
20471,0.8751780553350329,0.005158069541567683,0.11966387512339946
20472,0.7970473024636485,0.0013521160840194234,0.201600581452332
20473,0.8017011435687371,0.017710461234623963,0.18058839519663886
20474,0.8172447234330914,0.001753903764275594,0.18100137280263304
20475,0.9919513416427915,0.0003830779647265044,0.0076655803924820225
20476,0.9683544646732001,0.0005981018326111098,0.03104743349418882
20477,0.970427239362306,0.0016150158808398202,0.027957744756854138
20478,0.9869368933083486,0.0009460328810700219,0.01211707381058151
20479,0.7921584327330274,0.008488549047930314,0.1993530182190423
20480,0.7718867145202513,0.004135703015937613,0.22397758246381116
20481,0.9525446667015504,0.005665413764047793,0.04178991953440172
20482,0.9418485926217666,0.00547711204440082,0.05267429533383256
20483,0.016444459618509315,0.002684992243878561,0.9808705481376121
20484,0.006765553737898784,0.001550162848878356,0.9916842834132228
20485,0.9309914435895298,0.004628471400402333,0.06438008501006777
20486,0.9826840923684743,0.0017108332865252269,0.015605074345000492
20487,0.014579833263624279,0.0007441952225801269,0.9846759715137956
20488,0.2962225007078592,0.04082557618713947,0.6629519231050012
20489,0.8965074405389971,0.012422199144979822,0.09107036031602311
20490,0.5596946351103782,0.027543417432903897,0.41276194745671785
20491,0.12232265453774256,0.0018139341013171924,0.8758634113609403
20492,0.0007857596263909809,0.00038134886797555335,0.9988328915056335
20493,0.9831433645097694,0.0007637787615633022,0.016092856728667445
20494,0.9467655087589427,0.02584164800398535,0.027392843237071897
20495,0.06536507092421531,0.01680045124886368,0.917834477826921
20496,0.9515466423427238,0.001677240378429232,0.04677611727884702
20497,0.9744300734608204,0.0005829265409421137,0.024986999998237405
20498,0.9119926643688644,0.0008403422867752471,0.08716699334436044
20499,0.9665858397142486,0.005229914559274037,0.02818424572647737
20500,0.9096224347476778,0.028328912725761518,0.06204865252656069
20501,0.8471844154340681,0.009650945282325392,0.14316463928360668
20502,0.9663881433155033,0.007286905881398271,0.02632495080309852
20503,0.8955132426784846,0.0029820453189318536,0.10150471200258357
20504,0.9757303242536735,0.018290548223661746,0.005979127522664795
20505,0.8706249399377686,0.017897156489003568,0.11147790357322784
20506,0.5192425893480828,0.15937428140680815,0.3213831292451092
20507,0.984284912678861,0.003877749912521423,0.0118373374086176
20508,0.022941927356548795,0.004262776309522876,0.9727952963339285
20509,0.9833983815771871,0.006032828656207371,0.010568789766605488
20510,0.34328776117674786,0.06583434399234925,0.590877894830903
20511,0.9867154878703515,0.006662247939567915,0.006622264190080511
20512,0.7738740674524875,0.007565341265241371,0.218560591282271
20513,0.15952826667162281,0.010091464477169389,0.8303802688512079
20514,0.9811631614340229,0.00031915218180262353,0.01851768638417443
20515,0.825812877110401,0.048782459367932234,0.1254046635216668
20516,0.9577937623447662,0.0045358200199653725,0.037670417635268315
20517,0.018312424293181348,0.0013617418626257509,0.9803258338441929
20518,0.3390618600874768,0.006885718332979708,0.6540524215795436
20519,0.8737306239349271,0.001901571420085178,0.12436780464498787
20520,0.969936897984348,0.014531343705338824,0.015531758310313159
20521,0.9684280393338204,0.013510681596510627,0.018061279069669
20522,0.8910013181338982,0.001973256558983286,0.10702542530711862
20523,0.9557809060996695,0.002433418119063123,0.04178567578126742
20524,0.8253876090324459,0.0008275747832771762,0.17378481618427685
20525,0.18602075317616654,0.06137283456760991,0.7526064122562237
20526,0.7271135101340257,0.030578538446720826,0.24230795141925343
20527,0.7164686106233682,0.031474586218873266,0.2520568031577585
20528,0.9651209440707836,0.004225022991859721,0.030654032937356666
20529,0.02671312500609338,0.009367928467092232,0.9639189465268143
20530,0.9757990109682741,0.003416719193246219,0.02078426983847962
20531,0.012277139483093303,0.017636520103036984,0.9700863404138698
20532,0.9670047321737455,0.018741567172138356,0.014253700654116118
20533,0.20173509899002165,0.007701671024636106,0.7905632299853423
20534,0.7762774814034014,0.013721550518649933,0.21000096807794863
20535,0.965918346977636,0.0019981146995642924,0.03208353832279955
20536,0.8542393502600617,0.00987236824266743,0.13588828149727084
20537,0.00935444977573554,0.0013056366080519705,0.9893399136162125
20538,0.9892853407280928,0.0013479351313338212,0.009366724140573345
20539,0.9502065057539724,0.00330462245803044,0.046488871787997176
20540,0.049801223633748684,0.005282694653616745,0.9449160817126345
20541,0.9743637719033205,0.011065049863585747,0.014571178233093783
20542,0.9835820411485617,0.008773250564303423,0.007644708287134807
20543,0.8815136840525977,0.035146800028507626,0.0833395159188947
20544,0.1295886298757564,0.09210691941224027,0.7783044507120034
20545,0.7496071328694591,0.009510651079811312,0.24088221605072951
20546,0.10248355026545071,0.007426408871177054,0.8900900408633723
20547,0.19184913696459213,0.018321393161869665,0.7898294698735383
20548,0.9084546781753666,0.003278162230748008,0.08826715959388533
20549,0.8395454666770523,0.03137386667034477,0.1290806666526029
20550,0.053752891764345424,0.0018118037255601459,0.9444353045100944
20551,0.5284329029112185,0.0020596848461296225,0.46950741224265186
20552,0.9751528412327618,0.002004284238430508,0.0228428745288076
20553,0.970907150093748,0.000980830694341368,0.02811201921191063
20554,0.46953113197179935,0.028952776878315975,0.5015160911498847
20555,0.007843221862332704,0.0007056871810199112,0.9914510909566474
20556,0.9242747805225535,0.011150330281993389,0.06457488919545314
20557,0.8391991851325532,0.000530226545603741,0.16027058832184307
20558,0.7500722474633965,0.0062027017987431035,0.24372505073786035
20559,0.9892158234258452,0.0011515696861616462,0.0096326068879932
20560,0.365441618226545,0.03756565476285437,0.5969927270106007
20561,0.9597945182217974,0.0008426754502132684,0.039362806327989275
20562,0.008410227415705773,0.0011316807669578873,0.9904580918173364
20563,0.946057768922001,0.024744562501637146,0.029197668576361864
20564,0.9678402755000745,0.001326408533951278,0.030833315965974235
20565,0.8233916518089431,0.0026861520984830228,0.1739221960925738
20566,0.2605436970493964,0.19495230574591607,0.5445039972046876
20567,0.21038959411580485,0.055911395794044215,0.7336990100901509
20568,0.986621469087989,0.002010430621612951,0.011368100290398175
20569,0.9006225840917854,0.003191152106614502,0.09618626380160009
20570,0.9905643727003101,0.0007518292297469144,0.008683798069942981
20571,0.01690380322039458,0.008144929783495835,0.9749512669961096
20572,0.15579162627619936,0.016075631985513934,0.8281327417382867
20573,0.9711690547233951,0.0013822788618717417,0.027448666414733126
20574,0.6570217564932124,0.010453415073255064,0.33252482843353254
20575,0.9637179544286057,0.003207648401654572,0.03307439716973964
20576,0.9706342809839872,0.0004480711421639875,0.028917647873848814
20577,0.18400058455335797,0.06536418194320456,0.7506352335034374
20578,0.4534129452643748,0.016049708713921796,0.5305373460217033
20579,0.6108905256446026,0.0006042790435286345,0.38850519531186894
20580,0.9201440340604115,0.011489984689882049,0.0683659812497065
20581,0.6996765042104731,0.04251712479296901,0.2578063709965579
20582,0.510979201183384,0.005523492423857271,0.4834973063927588
20583,0.9760504896867334,0.007338730795574612,0.016610779517692097
20584,0.972890763292186,0.005744088910270453,0.021365147797543466
20585,0.8953892841782393,0.007772649570211179,0.09683806625154956
20586,0.9501777114837985,0.0027132486939813547,0.04710903982222022
20587,0.2380466759383984,0.11873990214105941,0.6432134219205421
20588,0.8680257353368284,0.012152597421248326,0.11982166724192342
20589,0.93732365640799,0.006384352163157488,0.05629199142885245
20590,0.9918304355610967,0.0015544903081347327,0.006615074130768541
20591,0.9946929026625481,0.00031943338766840686,0.004987663949783636
20592,0.9505470171751076,0.0035602701837324597,0.045892712641159995
20593,0.9790692194417738,0.010547811935432532,0.010382968622793667
20594,0.906255063757566,0.004064769634308315,0.08968016660812564
20595,0.8638182680861428,0.0723249373300153,0.06385679458384189
20596,0.9673139648377163,0.007685099694204344,0.025000935468079317
20597,0.9630618157133001,0.024861110325237575,0.012077073961462294
20598,0.004052584766835677,0.001613455270946756,0.9943339599622175
20599,0.47107273041724523,0.05971585848895652,0.4692114110937982
20600,0.020565526792647,0.0012224472436797626,0.9782120259636733
20601,0.8985213513540211,0.0015142368788148423,0.09996441176716402
20602,0.9634829197624305,0.005730283158404438,0.030786797079165155
20603,0.9389838271936342,0.00022377533872886834,0.06079239746763701
20604,0.9886146841975912,0.0018548504662158909,0.009530465336192801
20605,0.6959659862655292,0.004822578871447655,0.2992114348630231
20606,0.03975565358291667,0.003906677154623716,0.9563376692624597
20607,0.2192953485019827,0.20515208559459522,0.5755525659034222
20608,0.361513105180552,0.005089640143935478,0.6333972546755124
20609,0.9433786945200028,0.04131598983330535,0.015305315646691851
20610,0.9568141791130117,0.0025748499988504535,0.0406109708881378
20611,0.9778582163521263,0.0019654710431385603,0.020176312604735066
20612,0.926539413768898,0.03482844320096558,0.03863214303013642
20613,0.7876750882088072,0.04172987877620427,0.17059503301498866
20614,0.8552827068661151,0.00405443627043079,0.14066285686345417
20615,0.9454573836309494,0.02276336370661079,0.03177925266243973
20616,0.9512051047375794,0.0013069989112294178,0.04748789635119134
20617,0.031032693288769606,0.06599778660209166,0.9029695201091387
20618,0.9689687616214763,0.0048045575699738165,0.02622668080854993
20619,0.010524309976621533,0.006949349467508716,0.9825263405558697
20620,0.04667847695818886,0.014188218603123453,0.9391333044386876
20621,0.9371295818051144,0.002331128184566646,0.06053929001031895
20622,0.9695267514545906,0.002277812831689007,0.028195435713720317
20623,0.9540002730031941,0.0011112403016060226,0.04488848669519991
20624,0.007794965356306812,0.0002566938676581709,0.991948340776035
20625,0.7151853642221833,0.008750636614861775,0.276063999162955
20626,0.2296207547922788,0.03950612614610543,0.7308731190616158
20627,0.985760765948574,0.0044629101564691845,0.009776323894956846
20628,0.03055437589206895,0.004032534956756127,0.965413089151175
20629,0.05340493387865411,0.0011354389947344828,0.9454596271266114
20630,0.023977992617383325,0.007384693644371867,0.9686373137382448
20631,0.6724858560010348,0.0030104526329762194,0.32450369136598883
20632,0.0007714510243628221,0.00038362289318389194,0.9988449260824533
20633,0.8190148441801525,0.007368708411821259,0.17361644740802618
20634,0.8250769911683989,0.011123807917663967,0.16379920091393713
20635,0.44307803082124153,0.0011319706448312836,0.5557899985339271
20636,0.9468975201483899,0.0012446271181780584,0.05185785273343207
20637,0.012317132859556077,0.0005984176261149629,0.9870844495143289
20638,0.7326717555445176,0.0008823298779710588,0.2664459145775114
20639,0.910046109018434,0.0015221852000925468,0.08843170578147354
20640,0.15353955057541704,0.017460120190926815,0.8290003292336561
20641,0.03715656323264655,0.0036762649770085377,0.959167171790345
20642,0.12029463530613418,0.008796264224881015,0.8709091004689848
20643,0.9364717199670196,0.009915186970820397,0.05361309306215989
20644,0.0616577959108462,0.0016459370138421122,0.9366962670753117
20645,0.9453899524537062,0.0029528216120149925,0.05165722593427903
20646,0.9663751595671205,0.010247901261935935,0.023376939170943672
20647,0.9758134508450989,0.012181078520109152,0.012005470634792114
20648,0.9482736500770295,0.0007680492690685286,0.050958300653902
20649,0.0005428548738496814,0.00014277115647261428,0.9993143739696778
20650,0.990558105272964,0.000954952242479422,0.008486942484556642
20651,0.9633199383987863,0.0036964088804180752,0.032983652720795696
20652,0.018962011235096013,0.002869439257489299,0.9781685495074146
20653,0.8760284576752151,0.02741826131340837,0.09655328101137658
20654,0.059922328891297304,0.005814592511772559,0.9342630785969301
20655,0.9821228523768718,0.009298930334788421,0.008578217288339796
20656,0.9534088067980421,0.0004131497115762791,0.046178043490381536
20657,0.7742493244859213,0.0059398334001162945,0.21981084211396246
20658,0.020953068885186044,0.002633710019346686,0.9764132210954674
20659,0.9524617579229488,0.0006013846171106908,0.04693685745994044
20660,0.1416900793637516,0.016692757888188955,0.8416171627480594
20661,0.018595657140463993,0.0011932301709290838,0.980211112688607
20662,0.03307607891495296,0.0015496480768725151,0.9653742730081746
20663,0.9823579978747166,0.0024222368234476,0.015219765301835844
20664,0.0352533245170204,0.02545308794677139,0.9392935875362081
20665,0.9646728578107462,0.02506176003340836,0.010265382155845451
20666,0.9875610797825791,0.002239320611005299,0.010199599606415546
20667,0.86354837596355,0.004396812823493178,0.13205481121295673
20668,0.7087643129022644,0.003756499828641001,0.28747918726909455
20669,0.90122218405756,0.0032214978344352898,0.09555631810800465
20670,0.991255587315086,0.0067368622636850214,0.0020075504212288095
20671,0.011082098344564986,0.0010248956539395406,0.9878930060014954
20672,0.9754944685813483,0.0069788931457132105,0.01752663827293862
20673,0.9270895213189896,0.009407128325124468,0.06350335035588593
20674,0.9676602234554535,0.008461286910037126,0.02387848963450934
20675,0.3849319838296581,0.019954794404495702,0.5951132217658462
20676,0.20693180190531787,0.010872051397489741,0.7821961466971924
20677,0.6742138194874273,0.04564356922385063,0.28014261128872203
20678,0.3866686341017313,0.0061411279816090455,0.6071902379166596
20679,0.6105553131571679,0.0012389158966754333,0.3882057709461567
20680,0.9585151493842144,0.004157011197038881,0.03732783941874657
20681,0.730875318329085,0.003628899497215289,0.2654957821736997
20682,0.8004565113653627,0.05219574168902235,0.1473477469456151
20683,0.4434061234186516,0.0003754982040695715,0.5562183783772787
20684,0.9712591763267684,0.00950559770498301,0.019235225968248587
20685,0.12107115391173465,0.003797341875454755,0.8751315042128106
20686,0.9438268240937052,0.0035645253996355337,0.0526086505066592
20687,0.49846387620540494,0.015083667325370049,0.4864524564692251
20688,0.43312118504989056,0.04056819032073909,0.5263106246293703
20689,0.9744981577324164,0.0007888468083868235,0.024712995459196696
20690,0.015793018659691033,0.001131666157509323,0.9830753151827997
20691,0.7739186855370521,0.001854521451565953,0.2242267930113819
20692,0.0014561093588923613,9.99972923068128e-05,0.9984438933488009
20693,0.9845260857653011,0.0002146673485481176,0.015259246886150683
20694,0.212043425550372,0.014383988368906643,0.7735725860807213
20695,0.7145418655405809,0.007823880393101692,0.27763425406631753
20696,0.8582005526112054,0.038036918809798655,0.103762528578996
20697,0.9853646112702387,0.001150206294021777,0.013485182435739531
20698,0.7968470842053894,0.0007058233935152645,0.20244709240109537
20699,0.850819885933681,0.013100845759897959,0.13607926830642117
20700,0.008286406209359148,0.0013619430931671303,0.9903516506974737
20701,0.7923357861678066,0.01135606953981738,0.19630814429237592
20702,0.9671041860623542,0.0008818302208568953,0.03201398371678902
20703,0.9920731536323404,0.001743581940846576,0.0061832644268129695
20704,0.73401853285144,0.003291622890448795,0.2626898442581112
20705,0.9503645882453172,0.0015107303217029033,0.048124681432979884
20706,0.13494981201221065,0.006531637348177063,0.8585185506396122
20707,0.27789794992024003,0.07324178027928722,0.6488602698004728
20708,0.9319879085700246,0.0011540382707590543,0.06685805315921631
20709,0.6542289129453353,0.04686339219287943,0.29890769486178526
20710,0.9761701084466252,0.006031620576037928,0.017798270977336845
20711,0.8547427768559461,0.0557294508212182,0.08952777232283567
20712,0.8126371648795524,0.0053195762799935565,0.1820432588404541
20713,0.40128780361711686,0.004427315591527475,0.5942848807913556
20714,0.8921042454917956,0.002937615936818326,0.10495813857138603
20715,0.6093003167106527,0.01613890772848552,0.3745607755608618
20716,0.956222023771471,0.0005148768789091405,0.04326309934961985
20717,0.960791876664764,0.01038062146831651,0.028827501866919496
20718,0.9696915365127164,0.0008004296202157176,0.029508033867067764
20719,0.9466761777482934,0.002708618131413333,0.05061520412029326
20720,0.8492991727484934,0.046598840946991786,0.10410198630451475
20721,0.9722854865105375,0.00027593388463440784,0.027438579604828144
20722,0.6056617436757505,0.27109024049267166,0.12324801583157784
20723,0.0005235910271301747,9.999776051707068e-05,0.9993764112123528
20724,0.8115803416179675,0.0026230595071462153,0.1857965988748863
20725,0.3598876050858308,0.0009471257864551517,0.639165269127714
20726,0.13923250849153268,0.00655203082591438,0.8542154606825529
20727,0.898570150984337,0.0028917268021949223,0.09853812221346804
20728,0.9084359559681425,0.0038486192594116586,0.08771542477244568
20729,0.650156603089646,0.08702457671102992,0.2628188201993241
20730,0.9206747652545583,0.000972312546176844,0.07835292219926482
20731,0.06594542926788222,0.0008268121841297461,0.9332277585479881
20732,0.7074544996642212,0.118263830536418,0.17428166979936077
20733,0.9281870907518629,0.004097830356675401,0.06771507889146156
20734,0.857162566019449,0.005816524447816057,0.13702090953273485
20735,0.6758120692388832,0.07056525632098329,0.25362267444013364
20736,0.9734318846616794,0.0018693019929895897,0.02469881334533095
20737,0.6602451936540603,0.006279608425516406,0.3334751979204232
20738,0.1146089871663335,0.007988247841031722,0.8774027649926347
20739,0.9773052691238598,0.0007067913258377332,0.02198793955030227
20740,0.9933432857043362,0.0014347611653617927,0.005221953130301965
20741,0.9513651104143851,0.0003549670848512417,0.048279922500763614
20742,0.9911035191198602,0.0002806643264545031,0.008615816553685313
20743,0.9840043377531185,0.0034253294002685748,0.012570332846613025
20744,0.9683879443870874,0.0026609675861271227,0.028951088026785494
20745,0.9629444321662106,0.0029435160628595233,0.03411205177092979
20746,0.8801887482775759,0.08373991320160677,0.03607133852081738
20747,0.014714980090529794,0.0009568646926131602,0.9843281552168571
20748,0.9503895461046659,0.027207859250892266,0.02240259464444182
20749,0.6462374078875135,0.2916799746405004,0.06208261747198617
20750,0.9883686417308377,0.0007552176137274984,0.01087614065543484
20751,0.4346977003239124,0.04873144646224242,0.5165708532138451
20752,0.02303957630690785,0.002827067858421732,0.9741333558346704
20753,0.9828630807014954,0.009048390977462243,0.008088528321042284
20754,0.001855217797421153,0.00019461990879783545,0.997950162293781
20755,0.5624686318364523,0.0024828605148998818,0.4350485076486478
20756,0.9843094476241766,0.00043987871371757635,0.015250673662105946
20757,0.6817749533014866,0.04216590375877151,0.2760591429397417
20758,0.8651435615071358,0.005030367556661105,0.12982607093620321
20759,0.9749230803276183,0.006829232872763586,0.018247686799618076
20760,0.7491835802624879,0.06300305491934681,0.18781336481816527
20761,0.1523154001647393,0.05011866238544878,0.7975659374498119
20762,0.06221837833319793,0.0019561909716808786,0.9358254306951213
20763,0.9791264343156956,0.005218737856798578,0.015654827827505862
20764,0.792800161300555,0.0037990356964536544,0.20340080300299135
20765,0.7395778832061889,0.030864633554847927,0.22955748323896322
20766,0.019649571439411557,0.004846268128515258,0.9755041604320732
20767,0.907766282055652,0.002121523153581836,0.09011219479076628
20768,0.38298788254056565,0.07038396445095763,0.5466281530084767
20769,0.9040490119425768,0.011420500625484368,0.08453048743193879
20770,0.9711184963267581,0.010538518178954475,0.01834298549428749
20771,0.9798381043252679,0.0016594568420709142,0.01850243883266125
20772,0.08478742963692465,0.004810125308425575,0.9104024450546497
20773,0.9635495708254844,0.0008392222149589752,0.03561120695955665
20774,0.5412933092944192,0.286883526473579,0.17182316423200178
20775,0.37229692506615747,0.09332590802073644,0.5343771669131061
20776,0.20336609423545132,0.3408796060945732,0.45575429966997566
20777,0.9439588804838541,0.0031915103660520635,0.05284960915009368
20778,0.032874103005994415,0.03948471577657395,0.9276411812174317
20779,0.956261827599674,0.005135288365034006,0.03860288403529199
20780,0.9835601254620712,0.0009315662351126063,0.01550830830281621
20781,0.022735182521538076,0.026850852153673655,0.9504139653247883
20782,0.038213193999952426,0.0014508569916623663,0.9603359490083853
20783,0.10881415781550381,0.006146088837626748,0.8850397533468695
20784,0.007922825323642307,0.0018213357067105944,0.9902558389696472
20785,0.8243148885479818,0.05799053497005425,0.11769457648196385
20786,0.9372057352336195,0.002878041819355894,0.05991622294702467
20787,0.9651019663450799,0.0031422597563468897,0.031755773898573196
20788,0.9590927438927742,0.001252707434807239,0.039654548672418535
20789,0.4539294381171342,0.004618816612241497,0.5414517452706243
20790,0.2584458382423223,0.015596806094195174,0.7259573556634825
20791,0.8518586449878397,0.06183712373447178,0.08630423127768866
20792,0.8147798448064024,0.012809876807363263,0.17241027838623432
20793,0.9736152995735489,0.014406393219485182,0.011978307206965967
20794,0.8915942219343372,0.016204954123822012,0.09220082394184076
20795,0.08611443495402464,0.009945606607836896,0.9039399584381386
20796,0.044806606040424406,0.0030330236971793326,0.9521603702623963
20797,0.013154462542208263,0.0006172236203902714,0.9862283138374014
20798,0.9402960215129664,0.0023115555857878604,0.057392422901245715
20799,0.96252681134993,0.00305630360105849,0.03441688504901142
20800,0.729115710576669,0.007249773338079123,0.26363451608525185
20801,0.9756811634744972,0.003364933433680796,0.02095390309182197
20802,0.9383172047108147,0.006556656969470935,0.05512613831971437
20803,0.9949174718268206,0.0011116155877698584,0.0039709125854096305
20804,0.7036431774505393,0.013216658417659463,0.28314016413180126
20805,0.936872416239603,0.0013345339551811334,0.061793049805215876
20806,0.94990347212175,0.019416525775262577,0.030680002102987453
20807,0.9740590462575301,0.000845084613682174,0.025095869128787675
20808,0.9246025108606732,0.00582628644416346,0.06957120269516326
20809,0.9450895462799974,0.0032745700050007924,0.05163588371500177
20810,0.07339602890597301,0.03877068674789969,0.8878332843461274
20811,0.730570723453974,0.008004773765625054,0.2614245027804009
20812,0.9855084204885212,0.002544291503707465,0.0119472880077714
20813,0.7849667865518319,0.007866281480313184,0.20716693196785493
20814,0.9915415640434928,0.0037362948614205883,0.004722141095086556
20815,0.9410779380976346,0.004093191833613443,0.054828870068751846
20816,0.9615364567546134,0.022270490217290155,0.016193053028096555
20817,0.9122727017318447,0.009314787679791839,0.07841251058836349
20818,0.9112451623976328,0.03438087367571772,0.054373963926649636
20819,0.00285085128782361,0.000274030353844424,0.996875118358332
20820,0.8648515383058968,0.001245899151722986,0.13390256254238023
20821,0.9737866501824887,0.010263783535795745,0.015949566281715562
20822,0.9671714891190725,0.0011538205344829677,0.03167469034644458
20823,0.9711840007664124,0.0126649386976538,0.01615106053593386
20824,0.29497181430145347,0.012402617856397855,0.6926255678421486
20825,0.652680287603033,0.022948194481851578,0.3243715179151154
20826,0.011130541806649174,0.0007186300166699446,0.9881508281766809
20827,0.9467505552170614,0.0008319758529904339,0.052417468929948016
20828,0.28841368364530207,0.0445903138559822,0.6669960024987157
20829,0.9645498823785734,0.005859018900547879,0.029591098720878718
20830,0.30921299211768855,0.029476903624859316,0.6613101042574521
20831,0.0005735661496008978,0.00012939557829833725,0.9992970382721007
20832,0.9045680652555104,0.007619689224507221,0.08781224551998254
20833,0.8952711931038181,0.036656389205912,0.06807241769026981
20834,0.9781401678929328,0.009062426787989538,0.012797405319077623
20835,0.6354773697943419,0.014240140566069648,0.3502824896395884
20836,0.013554178265022806,0.00030468555768465476,0.9861411361772925
20837,0.028801874627994176,0.0031491046915101744,0.9680490206804957
20838,0.4755402010729561,0.0015355345283060585,0.5229242643987378
20839,0.9556870992988434,0.009878646482523325,0.034434254218633144
20840,0.9918753518126099,0.0024471919005742125,0.0056774562868159165
20841,0.6754347705983802,0.25333387333682617,0.07123135606479362
20842,0.9547261987691832,0.006013614356923747,0.03926018687389312
20843,0.9573091443693323,0.03359501382739432,0.00909584180327344
20844,0.9074986557817066,0.0013446052418325646,0.09115673897646079
20845,0.7487981581713098,0.0029142766054623464,0.24828756522322798
20846,0.9825624153288567,0.004497054455282986,0.012940530215860366
20847,0.17689950830717152,0.0026452603316725787,0.820455231361156
20848,0.970773034049378,0.0018066524965620633,0.02742031345405983
20849,0.9083081149003307,0.0006045063831591889,0.09108737871651018
20850,0.9750257805909072,0.0003373639705806535,0.024636855438512077
20851,0.5710478792124636,0.02881353702158005,0.4001385837659564
20852,0.04060656324021889,0.0037349695543345,0.9556584672054466
20853,0.994680104574726,0.00015579158012155804,0.005164103845152482
20854,0.9957151916852611,0.0006202678836164978,0.003664540431122443
20855,0.13226791835707974,0.0035667784137468077,0.8641653032291735
20856,0.974524006105517,0.008398239172842213,0.01707775472164085
20857,0.9822642650087645,0.00627799507586524,0.011457739915370288
20858,0.9256181619154907,0.006977944793637243,0.06740389329087203
20859,0.9843623099826415,0.00783867274112115,0.007799017276237325
20860,0.9495346761071626,0.02966399427639633,0.020801329616441013
20861,0.9394940970093048,0.0036061165781734643,0.05689978641252177
20862,0.006539907102795886,0.009630943806009257,0.9838291490911949
20863,0.06665719043120709,0.11419716627590763,0.8191456432928853
20864,0.1586062531386976,0.005690458947234969,0.8357032879140674
20865,0.97576287729433,0.0002884665572836055,0.02394865614838647
20866,0.9680226612079942,0.0019386763428810502,0.030038662449124794
20867,0.7951988658319359,0.011722144529388516,0.19307898963867567
20868,0.9841251539605509,0.00018557808877659742,0.015689267950672485
20869,0.9894153280165671,0.0002094477228332395,0.010375224260599626
20870,0.9664958408280573,0.0025165945895890903,0.03098756458235353
20871,0.9646273091756721,0.01689268849882528,0.01848000232550262
20872,0.8856410348973052,0.00209811005557954,0.1122608550471153
20873,0.34175158233731484,0.002733476430013708,0.6555149412326715
20874,0.9537971547187887,0.006959517459697381,0.03924332782151394
20875,0.9557338434778383,0.0008751633756124198,0.04339099314654932
20876,0.9830128749139555,0.0003188542091796377,0.016668270876864934
20877,0.9631137613849992,0.003057910874082265,0.03382832774091862
20878,0.9788214077873895,0.0008907112928257553,0.020287880919784767
20879,0.9629820773340152,0.005482959964830406,0.03153496270115449
20880,0.8710942846497491,0.02100930397793957,0.10789641137231126
20881,0.4834741458592525,0.09249443783402105,0.4240314163067266
20882,0.01363635667735835,0.010178782423789336,0.9761848608988524
20883,0.5794086370450997,0.041535797398974686,0.37905556555592573
20884,0.016839933885528853,0.004524875500154408,0.9786351906143168
20885,0.9659782038235812,0.0058942446513593465,0.028127551525059403
20886,0.9574433408099342,0.012457188545566374,0.030099470644499433
20887,0.8899731964035469,0.00981614191351665,0.10021066168293646
20888,0.8676252361176223,0.0230818879169375,0.10929287596544024
20889,0.885401182013965,0.005093948441912997,0.1095048695441219
20890,0.9690115554592852,0.0036247875449502832,0.027363656995764585
20891,0.8880465665075231,0.008691918616229876,0.10326151487624699
20892,0.9653331162417667,0.0041264025940017475,0.030540481164231584
20893,0.9302298205203091,0.0035605798574881407,0.06620959962220274
20894,0.9861180928317532,0.00320103617805634,0.01068087099019049
20895,0.9829454413351367,0.003573010998886246,0.013481547665976973
20896,0.7650692202725963,0.007173687100886082,0.2277570926265176
20897,0.9425390007845664,0.0015000015452176106,0.05596099767021586
20898,0.891776635611301,0.0067366904721904,0.1014866739165086
20899,0.9750400563212849,0.0011801333249786316,0.023779810353736483
20900,0.858818428843586,0.002635134091316755,0.13854643706509726
20901,0.02922864383927089,0.00259484972082472,0.9681765064399044
20902,0.8703293729172638,0.007407621319629485,0.12226300576310682
20903,0.955766290124614,0.005285637291070644,0.03894807258431534
20904,0.8750982811733796,0.002679734522656899,0.12222198430396343
20905,0.9263488031367921,0.005592352245655025,0.06805884461755282
20906,0.9853205106210772,0.006510090611883149,0.008169398767039664
20907,0.5699284450240679,0.019772570067903367,0.4102989849080287
20908,0.7098592109143222,0.005632641417301296,0.28450814766837645
20909,0.18377689581906081,0.23492848358449128,0.581294620596448
20910,0.9532009916772433,0.0031025024800108427,0.043696505842745946
20911,0.06729236347736044,0.0586078845377659,0.8740997519848737
20912,0.8946474568510687,0.01815477366631569,0.0871977694826157
20913,0.7619425039718799,0.1452709267923027,0.09278656923581739
20914,0.9402935282366317,0.02101032740434374,0.03869614435902452
20915,0.9641475838656415,0.0035657184123959744,0.03228669772196263
20916,0.941271566512182,0.03224720703427066,0.026481226453547283
20917,0.03837021989747615,0.016350020135411023,0.9452797599671128
20918,0.9600348775671529,0.0008993229910203325,0.03906579944182682
20919,0.9371138677128806,0.0007564950795389939,0.06212963720758035
20920,0.00633338635770171,0.0004381244173713291,0.993228489224927
20921,0.5700194518842265,0.009386966113284783,0.42059358200248853
20922,0.9668956823443547,0.012982870069464894,0.02012144758618032
20923,0.8766087195964435,0.03592872623900619,0.0874625541645505
20924,0.22991684760709208,0.008333072524245897,0.7617500798686621
20925,0.7164676164621072,0.12771962502227452,0.15581275851561827
20926,0.7593315223458132,0.04310706782526067,0.19756140982892603
20927,0.16869632792308498,0.00312121290795316,0.8281824591689618
20928,0.9853805765428949,0.0013584315608765837,0.013260991896228489
20929,0.7451845755817652,0.035248536624115284,0.2195668877941195
20930,0.6366114176903084,0.0372724926991443,0.3261160896105475
20931,0.9188278912731754,0.005316118100155415,0.07585599062666924
20932,0.7771149783519105,0.022772840319625273,0.20011218132846426
20933,0.7562723745832829,0.05772669909206298,0.18600092632465412
20934,0.029593951584843497,0.002277377427999136,0.9681286709871574
20935,0.8824481490075755,0.0037930277478917043,0.1137588232445328
20936,0.7727296053033231,0.008255391874738895,0.21901500282193795
20937,0.9551038562195658,0.002666257997248031,0.04222988578318621
20938,0.881065205579705,0.037330656564024595,0.08160413785627042
20939,0.6785057062111186,0.009905444476198814,0.31158884931268255
20940,0.9667217164149002,0.0068804037157531245,0.026397879869346705
20941,0.8675698388951377,0.0474156738061575,0.0850144872987047
20942,0.2563217564319862,0.010914062905827224,0.7327641806621866
20943,0.8482400029163263,0.013811179514511029,0.13794881756916266
20944,0.3300135346526811,0.01105939402151795,0.658927071325801
20945,0.14414478360878602,0.10056965197431915,0.7552855644168949
20946,0.09419081550771621,0.05788343784563184,0.8479257466466519
20947,0.9777303665606252,9.999980647968947e-05,0.022169633632895116
20948,0.8180160221880289,0.038186059883045416,0.14379791792892554
20949,0.01384059259275489,0.005504258753107521,0.9806551486541376
20950,0.9468305128559608,0.03473080002713778,0.01843868711690144
20951,0.9675110714278854,0.0019642705381554297,0.030524658033959096
20952,0.9622628201403105,0.011628937625642967,0.026108242234046567
20953,0.98591568745804,0.006625217690427537,0.007459094851532362
20954,0.003858036609669828,0.007301908005011778,0.9888400553853184
20955,0.023544264531529257,0.0031206097937269135,0.9733351256747437
20956,0.9441800285236059,0.0042791108636484184,0.05154086061274568
20957,0.9819265733235498,0.005599548884022581,0.012473877792427705
20958,0.5381023587248674,0.1562442643845927,0.3056533768905398
20959,0.6484544548324511,0.1379375585675795,0.2136079865999693
20960,0.8612710930682881,0.07564057441703927,0.06308833251467269
20961,0.9946773278075622,0.0009262783541300788,0.0043963938383076604
20962,0.727419354491348,0.0028737319049290527,0.26970691360372295
20963,0.7063353447005596,0.0026561072133442698,0.29100854808609605
20964,0.9573690874774863,0.007575637321231175,0.03505527520128253
20965,0.982215357712372,0.0017233539677646696,0.016061288319863275
20966,0.0015751082557050064,0.0007199546578315841,0.9977049370864634
20967,0.9570687953659043,0.005630471677035205,0.03730073295706044
20968,0.9857469414751002,0.0015874440034316483,0.01266561452146809
20969,0.9792870926353312,0.004894767380012185,0.01581813998465656
20970,0.9845283907305206,0.003207349522874691,0.01226425974660477
20971,0.9300382853919863,0.007177878786025477,0.06278383582198815
20972,0.4744905123173783,0.011346105327440787,0.5141633823551809
20973,0.8103574705228623,0.004787127075314367,0.18485540240182333
20974,0.8570086355530164,0.0064442909043261115,0.13654707354265747
20975,0.5558598110656395,0.22535164661480986,0.21878854231955058
20976,0.9846906256694872,0.0005217405179485992,0.014787633812564142
20977,0.7660985967410173,0.0066240413955544536,0.22727736186342834
20978,0.28395941788822554,0.002617535248099454,0.7134230468636752
20979,0.9517928904473153,0.006823112239300175,0.04138399731338452
20980,0.8659708675506114,0.002190280430752408,0.13183885201863613
20981,0.8559303695834387,0.12345541965865163,0.02061421075790971
20982,0.1607123202105023,0.03609704535263596,0.8031906344368619
20983,0.9095637842952402,0.00101709884243397,0.08941911686232593
20984,0.8320350186748156,0.11708185523827223,0.05088312608691223
20985,0.020164857523761723,0.0057807904147642785,0.974054352061474
20986,0.9553515784839026,0.009410727707975979,0.035237693808121404
20987,0.037883053583112836,0.1164549068779787,0.8456620395389085
20988,0.13566833715491106,0.0010225336414563329,0.8633091292036326
20989,0.5341319805357645,0.26084014221146895,0.2050278772527665
20990,0.6303614566269083,0.01868472302358382,0.35095382034950784
20991,0.9851889726626052,0.0008764403484210336,0.013934586988973815
20992,0.9126347561348026,0.006134553399096777,0.08123069046610057
20993,0.9447640231596709,0.001847627547501022,0.05338834929282802
20994,0.9684856754451349,0.017416283739628776,0.014098040815236206
20995,0.014132743322538477,0.0006927405279132431,0.9851745161495483
20996,0.5257093715763762,0.09017105786672582,0.3841195705568979
20997,0.9830490558085857,0.0008945955343876526,0.01605634865702661
20998,0.8722442467256152,0.004286630600244953,0.12346912267413984
20999,0.9942521577293337,0.0002107768935566619,0.005537065377109601
21000,0.9925215086582537,0.00033862280607385747,0.007139868535672462
21001,0.8330839652729405,0.002561051783702805,0.1643549829433568
21002,0.8558629437935839,0.008479032639057475,0.13565802356735862
21003,0.5663610018502997,0.36791550214519775,0.06572349600450259
21004,0.9254468342267956,0.003564544956165403,0.07098862081703888
21005,0.944100713332706,0.03914729096253032,0.01675199570476365
21006,0.5785625265493471,0.03328862600357135,0.38814884744708156
21007,0.9839969970846648,0.0027035637272184707,0.013299439188116763
21008,0.8629932266732611,0.00018327403978825622,0.1368234992869507
21009,0.954357323666715,0.0052512459226888115,0.040391430410596195
21010,0.9140950787235121,0.012195611948561634,0.07370930932792631
21011,0.062148987382534514,0.04178515979407382,0.8960658528233916
21012,0.9471790234332755,0.009984225784095656,0.04283675078262866
21013,0.9661213252832906,0.003527347357704671,0.030351327359004678
21014,0.8471035206867549,0.012059507741360538,0.14083697157188457
21015,0.9766845018411306,0.0016770283198180318,0.021638469839051436
21016,0.9012104748729413,0.010666822780874403,0.08812270234618429
21017,0.9306442630903872,0.024984140984486855,0.04437159592512593
21018,0.5446879136330292,0.030592216137850986,0.4247198702291197
21019,0.9932230377412388,0.0015834088348274879,0.005193553423933684
21020,0.974201132967085,0.001160487431004487,0.024638379601910516
21021,0.5938461203178296,0.027642485517693053,0.37851139416447743
21022,0.9789414245885522,0.0032445378383264612,0.01781403757312143
21023,0.5133554929998714,0.03040099751035036,0.4562435094897783
21024,0.8886188597938285,0.008214307433249258,0.10316683277292232
21025,0.2015553739161612,0.009395063070944235,0.7890495630128946
21026,0.5751655878253612,0.029592526454936017,0.39524188571970287
21027,0.8956029085181143,0.008177978469532924,0.09621911301235274
21028,0.9867562150395689,0.0027547053443449624,0.010489079616086139
21029,0.9640376845015276,0.0132110261502043,0.022751289348268134
21030,0.9421328453290623,0.00041894747412281417,0.057448207196814996
21031,0.8297654804774828,0.008018419248974631,0.16221610027354263
21032,0.4176790524962201,0.052918689700358526,0.5294022578034213
21033,0.927753669787873,0.006231730751137686,0.06601459946098928
21034,0.9691305075360458,0.013422369757772742,0.01744712270618146
21035,0.8925387422007001,0.016764104652956188,0.0906971531463438
21036,0.261697294776784,0.02421148137667465,0.7140912238465414
21037,0.4946082003876545,0.037600541109412224,0.4677912585029331
21038,0.9620588129756236,0.0009970724781839095,0.03694411454619258
21039,0.7293381101022814,0.0731271920205896,0.197534697877129
21040,0.2211951477746554,0.08297427493143342,0.6958305772939111
21041,0.9647321281601129,0.011768702367749453,0.023499169472137517
21042,0.9882435688235292,0.005994960340281993,0.005761470836188867
21043,0.8818173224685035,0.0019432092928908101,0.1162394682386056
21044,0.017546839166996973,0.0026384281190139115,0.9798147327139892
21045,0.9701797916242666,0.0015450764421826408,0.02827513193355083
21046,0.9854810379790382,0.0008733822865035612,0.013645579734458261
21047,0.011231642596651405,0.002296528279619014,0.9864718291237295
21048,0.9752576744898683,0.0002469826326145755,0.024495342877516996
21049,0.9659522625928479,0.00124641705661138,0.03280132035054068
21050,0.3368933475372821,0.04381651033215488,0.6192901421305631
21051,0.9812652284192999,0.0008871645595387714,0.01784760702116124
21052,0.6954544888421365,0.11911110067428689,0.18543441048357656
21053,0.986596230125273,0.0011761360972755194,0.012227633777451405
21054,0.47383371465047114,0.016108779180188278,0.5100575061693408
21055,0.919526814287869,0.0020496490165347486,0.07842353669559625
21056,0.006434233242173882,0.0016599964456467306,0.9919057703121794
21057,0.0014010076533880586,0.00043740596285157595,0.9981615863837604
21058,0.8633327945964278,0.003275939240243083,0.13339126616332916
21059,0.9419533998119103,0.04090798628275314,0.017138613905336515
21060,0.952746631468491,0.02523400465175924,0.022019363879749766
21061,0.9421007425158658,0.0028289501616713406,0.0550703073224629
21062,0.8109208916556186,0.0024046434992108716,0.18667446484517053
21063,0.9440819117698978,0.012135609425690398,0.04378247880441179
21064,0.9590493560518119,0.014656993491906797,0.02629365045628137
21065,0.9903495336934766,0.0024257533375776938,0.007224712968945774
21066,0.8982370589683825,0.003442975006175211,0.09831996602544228
21067,0.8676739903072314,0.04779853786520095,0.0845274718275677
21068,0.9747158251561195,0.0002629751056763031,0.025021199738204103
21069,0.9718499994344038,0.022093178717758972,0.006056821847837297
21070,0.946068532650042,0.0031300948051017287,0.050801372544856234
21071,0.979639661379983,0.001958045629565839,0.01840229299045102
21072,0.34142061838827553,0.009611226569097435,0.6489681550426271
21073,0.002289200018378324,9.999662492661588e-05,0.997610803356695
21074,0.023920247808035117,0.0026604746407603,0.9734192775512046
21075,0.6478003629734328,0.0031646576775550446,0.3490349793490122
21076,0.5893347180124197,0.06737333315975691,0.3432919488278236
21077,0.0592632192418708,0.003109233926218138,0.9376275468319111
21078,0.04481735185821696,0.023814469158102633,0.9313681789836803
21079,0.032095548862058336,0.004503754840511898,0.9634006962974297
21080,0.7844410515452185,0.011043665864541299,0.2045152825902402
21081,0.8296823006752184,0.019638921763696214,0.15067877756108536
21082,0.9774213635141128,0.0021736112361528314,0.02040502524973432
21083,0.5888802872853676,0.01201051431830202,0.39910919839633036
21084,0.05201197997999257,0.025958696236134438,0.922029323783873
21085,0.595391392760068,0.1971403015145011,0.20746830572543087
21086,0.676826004229922,0.09807646540577934,0.22509753036429875
21087,0.9874928375838256,0.002914352309337986,0.00959281010683642
21088,0.8964839250690669,0.013640693710776568,0.08987538122015652
21089,0.010870854147907855,0.0023048651607907793,0.9868242806913013
21090,0.08115024266635315,0.004095861919861525,0.9147538954137854
21091,0.9239434817025778,0.003268854683067725,0.07278766361435446
21092,0.9562305690255268,0.003536205226047046,0.04023322574842618
21093,0.6665513444955795,0.0017980977249938367,0.3316505577794267
21094,0.9138127980090419,0.011822260854893516,0.07436494113606441
21095,0.8407541710760141,0.012311138307662867,0.1469346906163229
21096,0.9134449588775789,0.004210404811386428,0.08234463631103468
21097,0.8897404337665877,0.001748764614399759,0.10851080161901255
21098,0.5493731214748431,0.010573299267494195,0.4400535792576628
21099,0.7580482215236384,0.013184036875367792,0.22876774160099375
21100,0.4591686343248409,0.2944860426436399,0.2463453230315191
21101,0.97651904248212,0.009656643043946504,0.013824314473933555
21102,0.8306102381705311,0.011087448775932483,0.15830231305353645
21103,0.7328209822776546,0.02913510378169962,0.23804391394064575
21104,0.8429061613093867,0.012919136673052833,0.14417470201756052
21105,0.5561370813956555,0.00858666543283431,0.4352762531715103
21106,0.17123626270419007,0.06526691354968796,0.7634968237461219
21107,0.0027443426047683906,0.0009708332532084446,0.9962848241420231
21108,0.9110381877262148,0.0064025886255309325,0.08255922364825428
21109,0.9581403991290345,0.013401262234621207,0.028458338636344387
21110,0.9685918062288869,0.0016948757103915598,0.029713318060721708
21111,0.1362054891300634,0.0009170988231479438,0.8628774120467887
21112,0.7853626231735524,0.002338349744441377,0.21229902708200626
21113,0.10480745929455784,0.027802853872373388,0.8673896868330688
21114,0.9419990904604788,0.00023908538795004963,0.05776182415157124
21115,0.06872658327501431,0.003200410995615373,0.9280730057293703
21116,0.9821258036303234,0.0017759856408343393,0.016098210728842287
21117,0.9841788420352737,0.0014578089993097653,0.014363348965416422
21118,0.3406066003074324,0.015990422788335738,0.6434029769042319
21119,0.983196178835391,0.0005505471651560825,0.016253273999452953
21120,0.8441499796018522,0.005456977498115527,0.15039304290003228
21121,0.925855902806633,0.004527986900774209,0.06961611029259276
21122,0.9793575216793682,0.0027787214483974616,0.01786375687223435
21123,0.29301401027481055,0.0027419224849436603,0.7042440672402459
21124,0.12100137155203115,0.005317567153353501,0.8736810612946154
21125,0.048372503462166414,0.009554231109649815,0.9420732654281837
21126,0.9636245483720794,0.0013137953035808033,0.035061656324339815
21127,0.0501582326572083,0.001003808189292679,0.948837959153499
21128,0.3113699314475013,0.45618501331494954,0.23244505523754916
21129,0.8310081211694986,0.021567875356440766,0.1474240034740606
21130,0.8939066113786673,0.015155976737908413,0.09093741188342426
21131,0.9827250708708536,0.002532286697986096,0.014742642431160231
21132,0.988983562869914,0.0016836368337594212,0.009332800296326549
21133,0.6637631096309874,0.015391091250354207,0.3208457991186584
21134,0.00048656368427314734,9.999655072238909e-05,0.9994134397650044
21135,0.8966482059496705,0.03067742731718712,0.07267436673314233
21136,0.9713828331436298,0.003938032333544734,0.02467913452282555
21137,0.9567506753561704,0.0019055837446586852,0.04134374089917099
21138,0.9865328605117331,0.000901985491925279,0.01256515399634163
21139,0.47293912796579646,0.02691025005071822,0.5001506219834854
21140,0.09523358316294897,0.005296585432403972,0.899469831404647
21141,0.8774004100667141,0.09177300672243166,0.030826583210854155
21142,0.8063946067184348,0.02690809172680352,0.1666973015547617
21143,0.0008149812814702284,0.00014655435887049148,0.9990384643596593
21144,0.9751853129956176,0.0008722965877057646,0.023942390416676552
21145,0.24474615790693863,0.0076647751330078066,0.7475890669600536
21146,0.6563662237086445,0.0034123019962266445,0.34022147429512883
21147,0.9398758294726849,0.007448424711762604,0.05267574581555268
21148,0.105793314184309,0.024862411949782386,0.8693442738659086
21149,0.9963076582477132,0.0007719099893948357,0.0029204317628920185
21150,0.003607091371820671,0.0018115526007053543,0.994581356027474
21151,0.7102497659754031,0.0090017425606457,0.28074849146395114
21152,0.9956482152622923,0.0005389650789077464,0.0038128196587999355
21153,0.9765240004261329,0.0019001085929560876,0.021575890980911023
21154,0.5170793537595076,0.17787079971558856,0.30504984652490386
21155,0.7227922652468307,0.028367570505135976,0.2488401642480333
21156,0.7753358948207656,0.024597236271172645,0.20006686890806177
21157,0.006078075065586063,0.0015420933197837334,0.9923798316146302
21158,0.3283274522821819,0.12503056934193787,0.5466419783758802
21159,0.9844158165829391,0.0009548331384551495,0.014629350278605608
21160,0.9134788724770938,0.032864139827066596,0.0536569876958396
21161,0.03320050824370499,0.001699702816648444,0.9650997889396465
21162,0.917108996796592,0.012324836017949585,0.07056616718545847
21163,0.5776052042448121,0.022818651521940837,0.399576144233247
21164,0.9250311573433747,0.002602083369669454,0.07236675928695577
21165,0.8277891796118578,0.022635528754535606,0.14957529163360656
21166,0.9625029329449253,0.0007513490232277924,0.036745718031846834
21167,0.26122653554966613,0.021682408658164957,0.7170910557921688
21168,0.18990152697365145,0.012873543279785193,0.7972249297465632
21169,0.701505329626742,0.0021966427192808263,0.2962980276539773
21170,0.967278889893036,0.000914027624337433,0.03180708248262658
21171,0.033007150858664194,0.011327458507789592,0.9556653906335463
21172,0.825247586544554,0.0898155955175916,0.08493681793785442
21173,0.0016266856326732971,0.0006854332680757503,0.997687881099251
21174,0.5566476242099555,0.019681640956112568,0.4236707348339319
21175,0.9744615513516637,0.01562848479737542,0.0099099638509608
21176,0.8393016265370296,0.008963258022928945,0.15173511544004148
21177,0.9887812480382874,0.0005773703080553085,0.010641381653657188
21178,0.13992295149919173,0.0013233257247072172,0.8587537227761011
21179,0.6236293222696487,0.31369699951529917,0.0626736782150521
21180,0.021235436478640873,0.0027171100823218616,0.9760474534390373
21181,0.9771052856638686,0.006254290055425219,0.016640424280706178
21182,0.9664190903026445,0.0015986642341687498,0.031982245463186745
21183,0.914501740267893,0.007636985825864744,0.0778612739062423
21184,0.974335110708861,0.006559917257333316,0.019104972033805626
21185,0.9622876614723076,0.007397854661668727,0.030314483866023676
21186,0.0018889008448365312,9.999869618891041e-05,0.9980111004589747
21187,0.8416544276038639,0.005901151009112369,0.15244442138702358
21188,0.9929866773931945,0.00035227266380932944,0.006661049942996235
21189,0.986547142052961,0.004469412422846886,0.008983445524192094
21190,0.6924102417810555,0.27032983895087503,0.03725991926806955
21191,0.05910140781914986,0.0032353212490517616,0.9376632709317985
21192,0.9635539034831536,0.0006018094526963631,0.03584428706415002
21193,0.9802880463590548,0.010628857032317952,0.009083096608627238
21194,0.5473420075492013,0.0008019183115476877,0.4518560741392511
21195,0.9589982998434677,0.007338507519596635,0.03366319263693569
21196,0.31524643642475064,0.0033427183023938384,0.6814108452728557
21197,0.6852048755542793,0.025484073917794677,0.28931105052792594
21198,0.5175011670585824,0.009417830761381665,0.47308100218003596
21199,0.8673624237373763,0.0018403767938472454,0.1307971994687766
21200,0.9885339496474274,0.00692704190503768,0.004539008447534987
21201,0.9586192325883254,0.02653591273781018,0.01484485467386439
21202,0.7304255842858085,0.04309731264201979,0.22647710307217178
21203,0.979196560396763,0.003795892173537049,0.017007547429699926
21204,0.40105774791787235,0.00970909352737977,0.5892331585547478
21205,0.9887996400850366,0.00032392745640208366,0.010876432458561314
21206,0.09250417220728833,0.007852860109145588,0.8996429676835661
21207,0.0028841689378650945,0.0001595585956749585,0.99695627246646
21208,0.9447004699401674,0.0002544551218112608,0.055045074938021285
21209,0.0029796916469523884,0.0001418356079029004,0.9968784727451447
21210,0.9714976948221501,0.016149525997741686,0.012352779180108237
21211,0.958092356306643,0.00045253588598670154,0.041455107807370176
21212,0.8324040279895716,0.008117354445218784,0.15947861756520976
21213,0.821229602941993,0.009680544438386958,0.16908985261962003
21214,0.9245457490759573,0.01922658729262137,0.0562276636314212
21215,0.18696793802309536,0.05547836196606887,0.7575537000108358
21216,0.8599530918974807,0.08330743944561977,0.05673946865689956
21217,0.03079513258562574,0.013559579089213193,0.955645288325161
21218,0.481478256621958,0.012138060924671526,0.5063836824533706
21219,0.009430372318378236,0.0007806837015328835,0.9897889439800888
21220,0.9671764597411011,0.004734965443811005,0.028088574815087867
21221,0.9354230861282333,0.017570378125519426,0.04700653574624729
21222,0.9849582337368306,0.009237358283119631,0.005804407980049821
21223,0.45893769564222997,0.0014333332571060677,0.539628971100664
21224,0.032400221870295454,0.0022966557443678043,0.9653031223853369
21225,0.3398933036593622,0.002153295447001043,0.6579534008936367
21226,0.28485962165353257,0.12755120839426662,0.5875891699522009
21227,0.6640184438594111,0.0442825853304726,0.29169897081011625
21228,0.024661175593952006,0.0008749845934516919,0.9744638398125963
21229,0.96855120010898,0.003062649195476144,0.028386150695543788
21230,0.14598612501227956,0.050500670596167994,0.8035132043915525
21231,0.9896637515015262,0.0006155969769936175,0.009720651521480163
21232,0.9688518621159037,0.010457573663135123,0.020690564220961324
21233,0.9897516969707199,0.0001234000559012822,0.010124902973378886
21234,0.8926802005860537,0.002970594938439228,0.10434920447550707
21235,0.8335062116159647,0.004053853828737952,0.16243993455529745
21236,0.783153227869946,0.02488231492576354,0.1919644572042904
21237,0.9944087767767942,0.0016724117547216564,0.003918811468484189
21238,0.9438194356713697,0.0019084167634983757,0.05427214756513184
21239,0.5237315064494662,0.14122419122090868,0.3350443023296251
21240,0.8928333909543867,0.004670282467390673,0.10249632657822262
21241,0.013928728834213104,0.0007397736151099685,0.985331497550677
21242,0.1428324281411951,0.10584332387736081,0.751324247981444
21243,0.9561648951798986,0.005588831799415972,0.03824627302068546
21244,0.8437739185115339,0.001319999474814493,0.15490608201365152
21245,0.8273368352097109,0.013320241904138441,0.15934292288615068
21246,0.761423314238027,0.0023822374730469056,0.23619444828892616
21247,0.08014961771863108,0.0029867083182112484,0.9168636739631576
21248,0.9094461588295686,0.022084756613455356,0.06846908455697619
21249,0.8952219378924137,0.018804022220183778,0.08597403988740251
21250,0.017675724078456648,0.0024475333508071663,0.9798767425707362
21251,0.9367517601209651,0.0006712295574816677,0.06257701032155334
21252,0.9485204540614435,0.002732491329012147,0.04874705460954453
21253,0.889581875124311,0.0013290831311682089,0.10908904174452082
21254,0.9645517636108798,0.00435556822401899,0.031092668165101162
21255,0.0010565135189543084,9.99944571590931e-05,0.9988434920238866
21256,0.9096439779448624,0.006836444736679379,0.08351957731845827
21257,0.9170026809247271,0.036234868850966426,0.046762450224306466
21258,0.9446205675272895,0.0031098458301599763,0.05226958664255049
21259,0.8477938602408732,0.043340538648888184,0.10886560111023859
21260,0.4327736668044615,0.08700361566385607,0.48022271753168255
21261,0.9130725614550228,0.003578518739080387,0.08334891980589668
21262,0.006611670316689009,0.004103765950685565,0.9892845637326255
21263,0.003224280654155309,0.0020397614725875864,0.9947359578732571
21264,0.9521811380985338,0.026016774542984233,0.02180208735848213
21265,0.9429575215517122,0.003241013047766272,0.05380146540052158
21266,0.9686383914553897,0.010870318448885917,0.020491290095724434
21267,0.5185368272292817,0.38429790009907655,0.09716527267164161
21268,0.9667741842852428,0.005470993301852053,0.027754822412905073
21269,0.9741189771808666,0.0163959736385318,0.009485049180601742
21270,0.06443800889489683,0.02611085019044762,0.9094511409146556
21271,0.8905374066444166,0.0007875553605101483,0.10867503799507318
21272,0.8912040251646647,0.006034460919173524,0.10276151391616181
21273,0.0838226465598874,0.004821753121781136,0.9113556003183314
21274,0.9919735675381157,0.0012021197563785262,0.006824312705505677
21275,0.5197312637558251,0.05971723784458364,0.4205514983995913
21276,0.10204165446732652,0.028622441754598132,0.8693359037780753
21277,0.8122172730911773,0.08372511654322987,0.10405761036559284
21278,0.9751273496057967,0.00177959526534796,0.023093055128855348
21279,0.22179122320926797,0.008669291535599472,0.7695394852551326
21280,0.9867594983994578,0.00030959643956938397,0.012930905160972846
21281,0.010284868148257185,0.001798646211681291,0.9879164856400615
21282,0.5566546225101122,0.01300654726465538,0.43033883022523234
21283,0.6568706103430939,0.012952953139323369,0.33017643651758277
21284,0.9900124423902655,0.000516701148267751,0.009470856461466538
21285,0.5840998165436561,0.008117467263731607,0.40778271619261225
21286,0.990151594330228,0.002825557551990863,0.007022848117780968
21287,0.9561215930921448,0.001358346755793787,0.042520060152061404
21288,0.8407872892935042,0.0072049280625480095,0.15200778264394788
21289,0.9873130718608397,0.002800036528551648,0.009886891610608637
21290,0.9856422122266104,0.004202814520442288,0.010154973252947432
21291,0.1356247945329535,0.18719943366434633,0.6771757718027002
21292,0.6250395807036994,0.002663387771377186,0.3722970315249235
21293,0.7736529721701275,0.0010395554011928168,0.22530747242867952
21294,0.04789338478758788,0.0024462231589289464,0.9496603920534831
21295,0.8858373699644352,0.05338478584247231,0.060777844193092644
21296,0.923701015305673,0.0037347232060392483,0.07256426148828782
21297,0.39793978282097464,0.014847356788011506,0.5872128603910138
21298,0.004577893251046063,0.0002988654168393503,0.9951232413321146
21299,0.9758749550361885,0.007120583494343803,0.01700446146946778
21300,0.9445458006955909,0.011859875236962275,0.0435943240674469
21301,0.9710789968063268,0.00793523153880067,0.020985771654872625
21302,0.09750267189950644,0.012609858012828929,0.8898874700876647
21303,0.9815695583613497,0.004051143131910834,0.014379298506739371
21304,0.17243043948953654,0.018770085599196667,0.8087994749112668
21305,0.9691029296250135,0.009047928152315084,0.021849142222671293
21306,0.958010067413449,0.005019922128681747,0.0369700104578692
21307,0.71174911675969,0.0017450297963070842,0.2865058534440029
21308,0.012884424673669485,0.0007705401656588187,0.9863450351606717
21309,0.5842541411333095,0.012233180915764582,0.4035126779509259
21310,0.361865538059298,0.007613867369296311,0.6305205945714057
21311,0.9801521848629606,0.015455330973315373,0.004392484163724035
21312,0.983959464259634,0.0004384056657648604,0.015602130074601128
21313,0.02674104084192038,0.007585136441139002,0.9656738227169407
21314,0.8243991151799949,0.0032115686818788313,0.17238931613812639
21315,0.07978972932553453,0.016504374654243946,0.9037058960202214
21316,0.9676343633798877,0.007030352908069406,0.025335283712042935
21317,0.11513858569221266,0.019850507485967794,0.8650109068218195
21318,0.06701026802198297,0.0003646202489675908,0.9326251117290495
21319,0.8975203724623968,0.0021700541306171645,0.10030957340698607
21320,0.5148480553832424,0.0026674248303618303,0.4824845197863957
21321,0.9960903722711916,0.0006784415047670761,0.0032311862240412457
21322,0.8636364707044221,0.0010776023885692737,0.13528592690700872
21323,0.9541898064131199,0.00541399285861377,0.04039620072826638
21324,0.009948772169665587,0.0038613831898806207,0.9861898446404538
21325,0.9714540129325636,0.014958796850385477,0.01358719021705099
21326,0.9652737542866895,0.0013280444758204497,0.03339820123749001
21327,0.06305345172713642,0.016997869635359084,0.9199486786375045
21328,0.06151568135085731,0.12346733632249601,0.8150169823266467
21329,0.05299746393383228,0.003992540211672393,0.9430099958544954
21330,0.2860994728671986,0.00484238538319751,0.7090581417496039
21331,0.36522935435350523,0.05828167677133777,0.576488968875157
21332,0.9787773389610736,0.003197310563463652,0.018025350475462807
21333,0.9493832641934931,0.002979567608996247,0.0476371681975107
21334,0.8568543552636284,0.056642423221916906,0.08650322151445478
21335,0.024105668919679805,0.004797123157197127,0.971097207923123
21336,0.8950695250393708,0.001545686387436807,0.10338478857319246
21337,0.4789199226937572,0.0007697710724952364,0.5203103062337475
21338,0.8257601905203087,0.005559033773027677,0.1686807757066637
21339,0.24316265907222925,0.020526845025013712,0.736310495902757
21340,0.9677362161258979,0.01870282901567759,0.01356095485842442
21341,0.1030644335739143,0.013606050630766338,0.8833295157953194
21342,0.9293591119215405,0.05527074566934965,0.015370142409109897
21343,0.020320460411464805,0.0005738048083067267,0.9791057347802283
21344,0.23705988725949506,0.011487842015414432,0.7514522707250905
21345,0.9304200083409312,0.006028421037477079,0.0635515706215918
21346,0.8906613807222659,0.0023539038033069514,0.10698471547442716
21347,0.3340927887461242,0.03366168224354768,0.6322455290103282
21348,0.18403379178395743,0.09752468098170586,0.7184415272343366
21349,0.9364109762044568,0.017629666841223718,0.0459593569543195
21350,0.7597546776805473,0.018819072822473974,0.22142624949697873
21351,0.9869595773069045,0.0002555656097105157,0.012784857083384931
21352,0.9285153648601134,0.03949863392429998,0.031986001215586625
21353,0.7753663360127989,0.01705363229906988,0.20758003168813124
21354,0.9479468898727361,0.005898762015788949,0.046154348111474924
21355,0.9917484921272584,0.001407654265891796,0.006843853606849814
21356,0.14284498182809505,0.017713929415869988,0.839441088756035
21357,0.256217483934587,0.006862107103315091,0.736920408962098
21358,0.9308133820179695,0.021342678303784987,0.04784393967824555
21359,0.8224057310034555,0.004263285321382753,0.17333098367516156
21360,0.8298230804712938,0.012082393193359773,0.15809452633534635
21361,0.8155104561916996,0.024237336667339997,0.16025220714096047
21362,0.44106772251161225,0.4962760297263038,0.0626562477620839
21363,0.04632031265547297,0.004983843553946532,0.9486958437905805
21364,0.47267587080337314,0.011011357358810224,0.5163127718378167
21365,0.8662071808614021,0.0007336954939399349,0.1330591236446579
21366,0.01694693284984248,0.0031951489261411565,0.9798579182240162
21367,0.9620109628814502,0.012208148301953336,0.025780888816596532
21368,0.00028044818523840354,9.99968262051995e-05,0.9996195549885564
21369,0.8653421508317048,0.006383090631379676,0.12827475853691536
21370,0.8568163522548455,0.009538476001315766,0.1336451717438387
21371,0.9406004045657224,0.0041822406137378655,0.055217354820539744
21372,0.9657754447176072,0.00046230722722462005,0.033762248055168205
21373,0.05365740541750415,0.008426562845416827,0.937916031737079
21374,0.967382904646474,0.0029449898902103224,0.029672105463315675
21375,0.8133381680198517,0.06955550217078288,0.11710632980936539
21376,0.005710572688364185,0.004926164080905196,0.9893632632307306
21377,0.0063788720888377885,0.0005131730064291916,0.993107954904733
21378,0.9029068171867101,0.0037898778784657495,0.09330330493482404
21379,0.03641860846420741,0.001452281535660875,0.9621291100001318
21380,0.004290550906175751,0.0004695050462101399,0.9952399440476142
21381,0.96817395240844,0.004136649404782703,0.027689398186777358
21382,0.8238270509751834,0.006427374052494285,0.1697455749723224
21383,0.9519234959523225,0.0025304648343800877,0.04554603921329728
21384,0.9500270179809699,0.0025218738510331914,0.04745110816799703
21385,0.05060809384693474,0.005871149080151584,0.9435207570729136
21386,0.9428935853056368,0.003478956598085148,0.053627458096278065
21387,0.0921404240446878,0.08162351774752749,0.8262360582077846
21388,0.9796497937567634,0.004912411636371603,0.015437794606865063
21389,0.9378330957266601,0.021382598116505013,0.040784306156834906
21390,0.041744739746882135,0.0027077555051841216,0.9555475047479337
21391,0.11430588661859119,0.0018226735368722258,0.8838714398445366
21392,0.9557709398873072,0.011622353219259602,0.0326067068934331
21393,0.913159761795227,0.006580557946788839,0.08025968025798419
21394,0.6670145730209948,0.004141736703943844,0.32884369027506144
21395,0.9745093200707357,0.0001322989688316441,0.0253583809604326
21396,0.09961155311938236,0.0018831758835716507,0.8985052709970461
21397,0.9671278729939213,0.006814874330934511,0.026057252675144207
21398,0.9253918974344973,0.0305185086477602,0.044089593917742545
21399,0.4289696754965031,0.057072220802863234,0.5139581037006337
21400,0.030292610062686996,0.08022439905731668,0.8894829908799963
21401,0.8485559717804256,0.008283206461352199,0.14316082175822215
21402,0.9540802539364329,0.003705083597981431,0.042214662465585646
21403,0.3395149523210343,0.09214922286407935,0.5683358248148864
21404,0.006113166557757738,0.009034544747931882,0.9848522886943105
21405,0.9780895629494857,0.002443348700283931,0.019467088350230515
21406,0.9650181774392413,0.002133058564899319,0.03284876399585936
21407,0.08058886557251599,0.005217531120675131,0.9141936033068088
21408,0.16626593609615062,0.025363138512721536,0.8083709253911279
21409,0.25294145062679296,0.006705836007792036,0.740352713365415
21410,0.9493946137822918,0.010517197212248305,0.04008818900545973
21411,0.044768872263692264,0.0013348792536246985,0.9538962484826831
21412,0.9784029020755252,0.0029198336874369174,0.018677264237037926
21413,0.9795579076356831,0.0006222620510705209,0.019819830313246335
21414,0.9410992530505995,0.015197029648378844,0.04370371730102158
21415,0.47655194544923646,0.0834175873823646,0.4400304671683989
21416,0.565706522530336,0.015594140840803055,0.4186993366288609
21417,0.9870697663539457,0.003279269212530751,0.009650964433523444
21418,0.781542347827295,0.05110046921838086,0.16735718295432417
21419,0.22558675520082364,0.04990817192092242,0.7245050728782539
21420,0.679845205687927,0.049884108259153424,0.27027068605291976
21421,0.9216287196850714,0.01345637989300054,0.06491490042192799
21422,0.5930640242547757,0.1890126805066577,0.21792329523856652
21423,0.8934865204471835,0.004343880418861929,0.10216959913395451
21424,0.9176813973488751,0.004384008861005168,0.07793459379011969
21425,0.5257118216349973,0.01669546599146215,0.4575927123735405
21426,0.9813161099311943,0.0006915854547823912,0.017992304614023284
21427,0.6174973552546925,0.06819394397669122,0.3143087007686162
21428,0.970707017406819,0.008518643692634883,0.020774338900546127
21429,0.08392526721161313,0.0009935183130323245,0.9150812144753545
21430,0.027152880738226172,0.002811484804562065,0.9700356344572119
21431,0.9700194883946256,0.002439104696184451,0.027541406909189936
21432,0.0714667499844051,0.04611540383824504,0.8824178461773499
21433,0.35772604923318213,0.032546993763906594,0.6097269570029112
21434,0.8238612427551175,0.002980913811076171,0.17315784343380622
21435,0.10629392546442655,0.004860598010530453,0.888845476525043
21436,0.9884790555791446,0.003145228267913795,0.008375716152941476
21437,0.06828189669863588,0.003078041980298425,0.9286400613210658
21438,0.016616063053095344,0.003138995147455059,0.9802449417994495
21439,0.9258739578050367,0.006410433882921255,0.06771560831204204
21440,0.7780847207800851,0.012253908584978466,0.20966137063493642
21441,0.9893095561986347,0.0027806532484375623,0.007909790552927811
21442,0.7743758846414238,0.00945779907578301,0.21616631628279323
21443,0.8870649736322433,0.0030011527409125873,0.10993387362684402
21444,0.9462651965615018,0.024910082082910817,0.028824721355587397
21445,0.5523806051222291,0.09659418498944633,0.35102520988832464
21446,0.5939080930912465,0.0010231459107297844,0.4050687609980238
21447,0.8905362706756094,0.002579607777665555,0.1068841215467251
21448,0.9695129855178074,0.0008117565401237966,0.029675257942068815
21449,0.7609667361953951,0.032654575472200936,0.20637868833240394
21450,0.045028927661716865,0.011453690087272563,0.9435173822510107
21451,0.3649984285055743,0.011774254627265347,0.6232273168671604
21452,0.0008662772196599169,0.00017647559657286668,0.9989572471837672
21453,0.8677714522243456,0.006699192435258634,0.12552935534039575
21454,0.7490079396666454,0.008029512836137186,0.24296254749721757
21455,0.4482986922787568,0.20395147382492945,0.34774983389631375
21456,0.9475821234456099,0.027037022124564755,0.025380854429825402
21457,0.7595142104561694,0.012153416012019535,0.22833237353181113
21458,0.8731127826154789,0.07346670945672552,0.053420507927795555
21459,0.6578012308646309,0.09575583485483445,0.2464429342805347
21460,0.9364195401064853,0.02009445986367806,0.04348600002983662
21461,0.34475916131944745,0.015427314087172992,0.6398135245933796
21462,0.45744587908711437,0.010291480384528866,0.5322626405283567
21463,0.9730817220651319,0.0010297215572721966,0.025888556377595993
21464,0.9158523693704116,0.003742179359256699,0.08040545127033172
21465,0.9780396933792247,0.01767884691257873,0.0042814597081966945
21466,0.9228203446461203,0.004536823227371912,0.07264283212650767
21467,0.0022210442253923737,0.00024731826663952123,0.9975316375079681
21468,0.012399270382058522,0.000851453160244899,0.9867492764576965
21469,0.6752101306278769,0.0049164007992275275,0.31987346857289556
21470,0.9706157459980286,0.009502223202887844,0.01988203079908356
21471,0.16524516637275477,0.004374073866285112,0.8303807597609602
21472,0.43880145959594324,0.010244147176962502,0.5509543932270943
21473,0.9736293233759614,0.0013603379532520677,0.025010338670786454
21474,0.7249498247280322,0.012357631842709734,0.26269254342925824
21475,0.006865455808715817,0.0011283788793381687,0.992006165311946
21476,0.9876371629663504,0.0014549537749833055,0.01090788325866629
21477,0.9704702481212265,0.0002471574406405318,0.029282594438132976
21478,0.9782864966058732,0.0036348285005091906,0.018078674893617606
21479,0.9664052950220806,0.002823519351157393,0.030771185626762072
21480,0.9597433559835127,0.0037602222182120896,0.036496421798275336
21481,0.9950608243210106,0.0010289078400353559,0.003910267838953974
21482,0.03852621775614574,0.008683878426759854,0.9527899038170944
21483,0.6593729756356519,0.003772058666559336,0.33685496569778867
21484,0.9884069408141423,0.0002620953057217322,0.011330963880135879
21485,0.3358772550303792,0.017384087354593587,0.6467386576150271
21486,0.835664033406884,0.00637214795954823,0.15796381863356787
21487,0.7585502422910441,0.0147654734954758,0.22668428421348005
21488,0.9631668205431767,0.01053147662579582,0.026301702831027386
21489,0.9796518603512024,0.013615502188685498,0.006732637460112065
21490,0.9662288111136387,0.02511909756229122,0.008652091324070021
21491,0.04689077215857962,0.020127098617520735,0.9329821292238997
21492,0.9757632002875668,0.011461799736387049,0.012774999976046107
21493,0.6935556419815376,0.007683616577739583,0.29876074144072295
21494,0.828515317573835,0.0016562487197554947,0.16982843370640946
21495,0.9299283812574151,0.002314245402698176,0.0677573733398868
21496,0.9522960448233752,0.00028664308213827177,0.04741731209448657
21497,0.9615068042581879,0.004766164107881996,0.033727031633930045
21498,0.9647645695879798,0.0007039613351218628,0.03453146907689834
21499,0.9529809368696553,0.008483206074422617,0.03853585705592203
21500,0.08498025145936967,0.0041735827469191805,0.9108461657937112
21501,0.9047102043972312,0.0008545739616023688,0.09443522164116644
21502,0.9085634356886911,0.013148135950786049,0.07828842836052285
21503,0.9752664929604463,0.004281562568253882,0.020451944471299853
21504,0.9298228897536259,0.010339959532878324,0.059837150713495706
21505,0.9730874063057987,0.00020350300883967008,0.02670909068536163
21506,0.0013122966824670116,0.00013999870573418378,0.9985477046117989
21507,0.6381551207653755,0.016590453136380575,0.3452544260982439
21508,0.6042053811305934,0.002054567866949291,0.3937400510024573
21509,0.824185616742775,0.026240159734476732,0.14957422352274816
21510,0.5733596334984375,0.06601162615284499,0.3606287403487174
21511,0.9803438816936807,0.0005918961288586276,0.019064222177460725
21512,0.9498197670822522,0.004287595959266735,0.045892636958480934
21513,0.9387338899671626,0.011694014221733096,0.049572095811104264
21514,0.9537662575951633,0.00042186282095899394,0.04581187958387765
21515,0.9424758088074146,0.0053903580838552964,0.052133833108730133
21516,0.6320375770035537,0.03008700157765434,0.3378754214187919
21517,0.010307427387405386,0.0023753272259795385,0.987317245386615
21518,0.8949766411420925,0.0015808958185523536,0.10344246303935516
21519,0.8390815248725135,0.006672385899688843,0.15424608922779773
21520,0.05300734218595863,0.0020499170520059885,0.9449427407620354
21521,0.9457057106318957,0.0015674132275317345,0.05272687614057262
21522,0.9192893682207504,0.0009699204201784508,0.07974071135907121
21523,0.6002883294138646,0.15765695695727916,0.24205471362885614
21524,0.000771306077710348,0.0002152920537603416,0.9990134018685292
21525,0.7524691224668243,0.07160654800094889,0.17592432953222673
21526,0.937154484598557,0.03574862898874553,0.027096886412697457
21527,0.9628381210240546,0.0029227305655513507,0.03423914841039402
21528,0.4188299394897054,0.0287326298338417,0.5524374306764529
21529,0.9434480188282666,0.00534835687343669,0.051203624298296675
21530,0.8538590570986115,0.0028100949021908914,0.14333084799919765
21531,0.90647078487782,0.005397827361767705,0.0881313877604123
21532,0.4237713506645279,0.46139694524763825,0.1148317040878338
21533,0.48181681807473953,0.013989240433186789,0.5041939414920737
21534,0.0244482667649759,0.005641858861698808,0.9699098743733252
21535,0.9818821987496688,0.001509928729741632,0.01660787252058962
21536,0.7447156905166872,0.006510703555662337,0.24877360592765044
21537,0.9493362510697844,0.002721499030594436,0.04794224989962112
21538,0.8553300028105363,0.0018823149967773778,0.14278768219268637
21539,0.20352152175539315,0.020769780418571093,0.7757086978260357
21540,0.019802536017515374,0.0025551022499336338,0.977642361732551
21541,0.001890259085715312,0.0004205552513532744,0.9976891856629314
21542,0.9560123605913053,0.026516926018313236,0.017470713390381375
21543,0.6923117456553657,0.008799037210955922,0.2988892171336784
21544,0.015722509564339394,0.01356498070197689,0.9707125097336836
21545,0.3411915265454524,0.11166332018868041,0.5471451532658671
21546,0.019364578294138166,0.0013115746760985621,0.9793238470297633
21547,0.010241258624110568,0.0030187837696786946,0.9867399576062107
21548,0.6562619557714762,0.002164328895943435,0.34157371533258035
21549,0.9768264673947955,0.0013859395033245312,0.021787593101880075
21550,0.9788810852795609,0.00272880558826769,0.018390109132171383
21551,0.9888727262043033,0.0026866670558047022,0.008440606739892031
21552,0.027023875597101833,0.0021645517209502897,0.9708115726819478
21553,0.963925837561186,0.0025734884383628066,0.03350067400045123
21554,0.7417746325978962,0.07109376276683461,0.18713160463526912
21555,0.02591760467598822,0.010545698730684944,0.9635366965933269
21556,0.8338009835030309,0.060762717866204186,0.10543629863076488
21557,0.06017848759112635,0.005600385139504216,0.9342211272693693
21558,0.002679217182974201,0.00658663284617121,0.9907341499708546
21559,0.9775255161326861,0.001738687342572521,0.02073579652474133
21560,0.6514797763601489,0.021707390159526007,0.32681283348032514
21561,0.9788308192909789,0.003054960430701901,0.018114220278319163
21562,0.9877101147892225,0.0014249927338867432,0.010864892476890623
21563,0.03659042661226104,0.01290182590726959,0.9505077474804693
21564,0.6315482205000241,0.016968962890747164,0.35148281660922864
21565,0.9802996389524979,0.00447860363297772,0.015221757414524223
21566,0.93558870848688,0.0011372429047340968,0.06327404860838591
21567,0.3369410505781941,0.08017439684819533,0.5828845525736106
21568,0.9796406538043851,0.011498856650975348,0.008860489544639458
21569,0.9734989866501725,0.0011410954552850301,0.025359917894542307
21570,0.9544072040916275,0.013366822259530073,0.03222597364884235
21571,0.9781293398027275,0.004607881948994457,0.017262778248278036
21572,0.9746976704153512,0.0001973829046435803,0.02510494668000532
21573,0.95553368306512,0.006806542684701374,0.037659774250178704
21574,0.9747417984906941,0.008192112842158008,0.017066088667147903
21575,0.8961771511057013,0.005509850341144552,0.09831299855315417
21576,0.13724923531690647,0.0027701520155852147,0.8599806126675084
21577,0.01653548202494058,0.0006827750095330519,0.9827817429655263
21578,0.9807648250652767,0.005706832139582787,0.013528342795140412
21579,0.9148908617580718,0.004930580021249695,0.08017855822067857
21580,0.018429075768384706,0.003978519054643556,0.9775924051769717
21581,0.9573313948992367,0.0015963284022670297,0.04107227669849634
21582,0.8139233493116469,0.006513725868620652,0.1795629248197324
21583,0.959069316682691,0.004601766549729451,0.036328916767579586
21584,0.9117959304748131,0.037769539871017554,0.05043452965416921
21585,0.24980052678170053,0.011577289167165175,0.7386221840511342
21586,0.8865011216885058,0.008373179299805251,0.10512569901168882
21587,0.0231669342467619,0.0590944094814328,0.9177386562718054
21588,0.7618162032985729,0.01897629868118396,0.21920749802024303
21589,0.9953983821024921,0.001847578652255993,0.002754039245251846
21590,0.36505015442575306,0.01604215136700005,0.618907694207247
21591,0.5090941416709677,0.04215553026253471,0.4487503280664976
21592,0.9710655215701158,0.005810822354083715,0.023123656075800435
21593,0.03178440327764299,0.011732190330842938,0.9564834063915141
21594,0.0039233793499684755,0.0033773294204137282,0.9926992912296178
21595,0.907581726505514,0.02856123286141138,0.06385704063307447
21596,0.9843895259221886,0.009745423858053165,0.005865050219758166
21597,0.29006790336299026,0.018651427230891766,0.691280669406118
21598,0.04217396880958242,0.00013213803456382773,0.9576938931558537
21599,0.8416650185033081,0.04321514591743764,0.11511983557925431
21600,0.04944244866349815,0.00249861649250827,0.9480589348439935
21601,0.8341492596401164,0.005884303206004922,0.15996643715387873
21602,0.009097215987336982,0.012471724225182206,0.9784310597874808
21603,0.050160821987423665,0.01035369489405073,0.9394854831185255
21604,0.9919588649966338,0.0005894965471159542,0.007451638456250396
21605,0.9326388241904601,0.0014992164039137766,0.0658619594056262
21606,0.9816047707334635,0.003683289383219381,0.014711939883317109
21607,0.046658613858288636,0.005546869661244968,0.9477945164804664
21608,0.9744623056869244,0.0019870069971619246,0.023550687315913796
21609,0.994449302281115,0.00039308118937623956,0.005157616529508721
21610,0.9832000758059475,0.00020356143029173147,0.01659636276376086
21611,0.0675279739421714,0.001767964899331137,0.9307040611584974
21612,0.08227759562040902,0.005490024472365909,0.912232379907225
21613,0.9943462932868001,0.0013520984024050196,0.004301608310794737
21614,0.09828452598386346,0.00894838887106367,0.892767085145073
21615,0.837404033223813,0.009185481068426779,0.1534104857077602
21616,0.06208104097693279,0.004620402840038271,0.9332985561830288
21617,0.9308839046008951,0.0326660234933566,0.03645007190574822
21618,0.5929302392932715,0.006732243461601568,0.4003375172451269
21619,0.694742018777482,0.004963768496377269,0.3002942127261409
21620,0.8271708709157808,0.03715873707104414,0.13567039201317507
21621,0.7658340055950423,0.0058196807795851836,0.2283463136253726
21622,0.9471944216919613,0.0011487203110321603,0.05165685799700651
21623,0.7381587425151707,0.01161423260409247,0.25022702488073684
21624,0.7983256476897195,0.0011974664456565717,0.20047688586462384
21625,0.95309504260313,0.0007010996759370976,0.046203857720932856
21626,0.01922181851261996,0.0027629202049234145,0.9780152612824567
21627,0.9354105135962941,0.0341313163305133,0.030458170073192545
21628,0.18229090524688982,0.001733011158836629,0.8159760835942736
21629,0.9173631325178726,0.0029422906633278846,0.07969457681879961
21630,0.17266329064003108,0.0013032170887866733,0.8260334922711823
21631,0.7858044202659195,0.007380175095376587,0.20681540463870396
21632,0.9739550824543672,0.004354245510470106,0.02169067203516251
21633,0.5180589107131477,0.0276630433246777,0.4542780459621747
21634,0.06512700976838748,0.002271602413823528,0.9326013878177889
21635,0.19480553889782934,0.18336313304932594,0.6218313280528446
21636,0.7875774232765974,0.036633104940082435,0.17578947178332024
21637,0.9129304769336943,0.0006891734344927851,0.08638034963181301
21638,0.22554611638971292,0.004353788543726223,0.7701000950665609
21639,0.6141747562240186,0.0023745325134257125,0.38345071126255564
21640,0.4091196552490265,0.025285147010951473,0.565595197740022
21641,0.7588082897948495,0.19313327239467976,0.048058437810470714
21642,0.01625167632064738,0.0020848213542736665,0.9816635023250789
21643,0.9404736685564558,0.00029494846267132563,0.05923138298087288
21644,0.5237460746158733,0.0036197182762397963,0.4726342071078869
21645,0.8087504690201147,0.002298103657972589,0.18895142732191272
21646,0.9296235863608955,0.004152558704051684,0.06622385493505284
21647,0.5494390625999561,0.019358081079210172,0.43120285632083366
21648,0.18200178459793923,0.005549303571140734,0.81244891183092
21649,0.8532974933155243,0.01325515581113084,0.1334473508733448
21650,0.842506796834375,0.004600295102794448,0.15289290806283048
21651,0.8711688624191932,0.07620763155970531,0.05262350602110138
21652,0.4273390535838719,0.00807478435852385,0.5645861620576044
21653,0.8964845316374302,0.010734412346206831,0.09278105601636284
21654,0.7685106945896784,0.004020774819215308,0.22746853059110625
21655,0.9843661857138943,0.0014466938302225383,0.014187120455883035
21656,0.7531713249510399,0.11157335288818655,0.1352553221607736
21657,0.9638498411960514,0.0020222751579628408,0.0341278836459856
21658,0.9114145872847083,0.021464777992799767,0.06712063472249194
21659,0.9597872808084603,0.0005960229686651387,0.03961669622287462
21660,0.8929220237142478,0.0038888390206710394,0.10318913726508115
21661,0.4446431269893706,0.06707024198559153,0.4882866310250379
21662,0.9655962848722845,0.0038845056643951074,0.03051920946332036
21663,0.7882256632305403,0.0013998657885994099,0.21037447098086032
21664,0.9058255057662421,0.005978461853735832,0.08819603238002205
21665,0.9660281673289767,0.01968921036281074,0.01428262230821245
21666,0.9727693233750866,0.0022770220717854605,0.024953654553127966
21667,0.0008965726795876046,9.999501351698554e-05,0.9990034323068954
21668,0.9347166347582192,0.008296566463565608,0.05698679877821524
21669,0.07456486896385596,0.0034609270561709623,0.9219742039799731
21670,0.9821921545193771,0.00982978948973374,0.007978055990889233
21671,0.9575248949406191,0.00464486498789976,0.03783024007148113
21672,0.5877720947789747,0.008368863440059831,0.4038590417809654
21673,0.7509375307999185,0.050429391032622596,0.198633078167459
21674,0.9620387067097512,0.007517798517195519,0.030443494773053113
21675,0.9359762789916022,0.015379166462423433,0.04864455454597448
21676,0.971372003962682,0.020585117323948847,0.00804287871336917
21677,0.02054076178120448,0.024456895554655175,0.9550023426641403
21678,0.9456649037665927,0.003278603091679025,0.05105649314172832
21679,0.8496808359575226,0.008962285405116713,0.14135687863736057
21680,0.9003890802722037,0.05078585443641609,0.048825065291380344
21681,0.8543362925552642,0.00389104803882608,0.14177265940590975
21682,0.6122737260550856,0.003912491696808613,0.383813782248106
21683,0.9514346401475118,0.004548919626233972,0.04401644022625423
21684,0.9793552006656537,0.0005648856169950333,0.02007991371735124
21685,0.9859266320418074,0.0002212917888158731,0.013852076169376767
21686,0.9632133835014287,0.0018003156135489547,0.034986300885022394
21687,0.6464527745262649,0.08847763606240111,0.265069589411334
21688,0.5756342096398328,0.008510050513560918,0.4158557398466063
21689,0.9039161025142751,0.0032494858097154946,0.09283441167600938
21690,0.3331155927835733,0.07757013759687453,0.5893142696195521
21691,0.9753220874287819,0.0008641765893425999,0.02381373598187541
21692,0.5784274761052766,0.01838613776943646,0.40318638612528684
21693,0.8961350030485344,0.0073463535288594145,0.09651864342260612
21694,0.0010980821768687946,0.0002815151307427014,0.9986204026923885
21695,0.029586322439668106,0.0023927397592161813,0.9680209378011158
21696,0.13100802270184417,0.15070634587759657,0.7182856314205592
21697,0.9896413777086215,0.00013115173635729088,0.010227470555021219
21698,0.8170714219093773,0.004019285343982726,0.17890929274664
21699,0.0555012150287211,0.009446145091659449,0.9350526398796195
21700,0.8439368548791567,0.005361130020771003,0.15070201510007236
21701,0.3344609601081266,0.06339265447934855,0.6021463854125249
21702,0.7243756208174733,0.014116288190093682,0.26150809099243294
21703,0.010524853326901173,0.00188464558722513,0.9875905010858737
21704,0.9435506326665619,0.008646741732348329,0.04780262560108982
21705,0.04244117167172838,0.0775618213953549,0.8799970069329167
21706,0.9023854533995063,0.02738970794742791,0.07022483865306586
21707,0.8535922707490917,0.07354325346727755,0.07286447578363081
21708,0.873229733446518,0.00227569726320147,0.1244945692902805
21709,0.21786890325811553,0.005566541224509796,0.7765645555173747
21710,0.6627476003599745,0.01811487284476052,0.3191375267952649
21711,0.14929977223379612,0.011980367312536423,0.8387198604536674
21712,0.9845078427356121,0.0004125332716968558,0.015079623992691107
21713,0.49444065552868516,0.002464235596105942,0.503095108875209
21714,0.005354936640389049,0.0027903124368294507,0.9918547509227815
21715,0.792071665850249,0.007074881502927434,0.20085345264682358
21716,0.8243874075671781,0.005479890309907384,0.17013270212291448
21717,0.9368415220967257,0.010817727968655542,0.052340749934618805
21718,0.9161621864501286,0.0062878661282682775,0.07754994742160311
21719,0.9768883811360947,0.0015719804141363406,0.02153963844976895
21720,0.9675010615143553,0.0011468242463929625,0.03135211423925173
21721,0.8750159354190269,0.01887664601533433,0.10610741856563881
21722,0.496967020471438,0.0047594175965533616,0.4982735619320088
21723,0.9308332325022695,0.0013876134365105467,0.06777915406122006
21724,0.9748565663646617,0.0010062229896297444,0.024137210645708607
21725,0.9634631309582953,0.0034477478368961974,0.03308912120480855
21726,0.9809204283997759,0.005152751820382138,0.01392681977984195
21727,0.9850899280096459,0.005821976044504989,0.009088095945849074
21728,0.9590660758230745,0.022053458473692913,0.018880465703232707
21729,0.050352145777104604,0.01227396780596415,0.9373738864169312
21730,0.9656850701090154,0.016803805354502988,0.017511124536481612
21731,0.88352595907571,0.007282922843728221,0.10919111808056188
21732,0.9383366918180018,0.0004011613840458553,0.06126214679795235
21733,0.24423984421996897,0.12228328413915597,0.633476871640875
21734,0.027445360426075243,0.0005502279117388616,0.972004411662186
21735,0.8412667449584537,0.002762927387520648,0.1559703276540256
21736,0.946173618988505,0.0035451409162299214,0.050281240095264974
21737,0.9723139152412894,0.009661034270313175,0.01802505048839742
21738,0.8926500357605227,0.005776808481621376,0.10157315575785579
21739,0.736778701184067,0.0010687404353768042,0.2621525583805563
21740,0.05866988771215455,0.009375196732260333,0.9319549155555851
21741,0.6729714150043714,0.13237581756747474,0.19465276742815396
21742,0.9755912385556564,0.00737538780234762,0.017033373641996006
21743,0.009955159054278823,0.004277401145463668,0.9857674398002576
21744,0.09605727042911401,0.0015796164413579199,0.9023631131295281
21745,0.8861058013364677,0.036564713737432045,0.07732948492610034
21746,0.9804438299478565,0.002589504657624394,0.016966665394519086
21747,0.5844754310492171,0.043285389633716545,0.3722391793170664
21748,0.8672619966068871,0.011749891267803923,0.12098811212530898
21749,0.9616583331732044,0.00995753759520337,0.028384129231592156
21750,0.901556294889754,0.01640402135104786,0.0820396837591981
21751,0.8375179947357538,0.028330813472016537,0.1341511917922296
21752,0.9118138085078641,0.00515442800801752,0.08303176348411838
21753,0.8631218363384386,0.0016608403851119205,0.13521732327644942
21754,0.07226907659271398,0.07264455031423661,0.8550863730930495
21755,0.6562317975301348,0.026154639872256583,0.31761356259760853
21756,0.8413749176207725,0.0082889582583672,0.15033612412086034
21757,0.3869992336762895,0.5232329861748185,0.08976778014889186
21758,0.9637268902772006,0.011599138369168892,0.02467397135363045
21759,0.9969631231839451,0.0011679325317844316,0.0018689442842704785
21760,0.6698454878547727,0.08094662039635096,0.24920789174887625
21761,0.932751022287231,0.009238528799285897,0.05801044891348316
21762,0.9846666315007392,0.0006795297226980861,0.0146538387765627
21763,0.18978490353476107,0.031454794287832565,0.7787603021774063
21764,0.41770036138147765,0.004875337556837046,0.5774243010616853
21765,0.0008458558009047775,0.0002662777066407107,0.9988878664924545
21766,0.11178634748894399,0.0017086563133749272,0.8865049961976811
21767,0.2789536213598863,0.0021511850828676363,0.718895193557246
21768,0.06427154873578267,0.001154012435508512,0.9345744388287088
21769,0.9054158917582347,0.009721367403981752,0.08486274083778349
21770,0.980854170939286,0.006824529337143013,0.012321299723571029
21771,0.0063825965930929315,0.006416675901231849,0.9872007275056752
21772,0.9528951416836092,0.0020891663971556963,0.04501569191923508
21773,0.01671256275314833,0.00035470406708993274,0.9829327331797617
21774,0.9246085617471334,0.006664431150295523,0.06872700710257111
21775,0.9418613964511935,0.04149981744529965,0.016638786103507032
21776,0.5877092863533686,0.002032524451495338,0.4102581891951361
21777,0.9790563187390582,0.0005239094974231576,0.020419771763518727
21778,0.9577868039696236,0.02293113458896062,0.01928206144141579
21779,0.9377038159713066,0.004191062996906321,0.05810512103178703
21780,0.9767589177162013,0.010137592505750066,0.013103489778048545
21781,0.8070829273557262,0.07154446375896023,0.12137260888531362
21782,0.968347391538169,0.0010001215131848734,0.030652486948646068
21783,0.9671517602081727,0.0010302080126949064,0.03181803177913248
21784,0.9851788420793515,0.001505459878207819,0.013315698042440684
21785,0.8746642959696439,0.034056849378473614,0.09127885465188244
21786,0.9796666347433584,0.0016285759140074582,0.018704789342634136
21787,0.9858914575698605,0.0038415902873200347,0.01026695214281948
21788,0.8154544671672627,0.003256939851011402,0.18128859298172598
21789,0.11005481827764212,0.004781904494615224,0.8851632772277427
21790,0.14091625675378197,0.09655339913000571,0.7625303441162123
21791,0.8880053590446089,0.09026966697453213,0.02172497398085886
21792,0.9461207929191406,0.0008185755596217952,0.05306063152123749
21793,0.9245396014544838,0.003262988131251552,0.07219741041426479
21794,0.18322392726918765,0.005314423212325943,0.8114616495184864
21795,0.9654946366747418,0.0019659559993078085,0.03253940732595044
21796,0.08219721240122117,0.0492492478293271,0.8685535397694517
21797,0.7205731294385107,0.0005496427407033792,0.278877227820786
21798,0.8026991701478635,0.0030657710085989125,0.19423505884353745
21799,0.8737276588913134,0.01695440318024991,0.10931793792843662
21800,0.7785458228503823,0.011799878505913963,0.20965429864370363
21801,0.9368967096284418,0.010772521728436244,0.052330768643121965
21802,0.943169757955585,0.0014757313657271574,0.05535451067868791
21803,0.05889264241683779,0.019750058698995935,0.9213572988841663
21804,0.04613009084684069,0.005243573335119106,0.9486263358180402
21805,0.6851761010153951,0.09182806319634526,0.22299583578825977
21806,0.0646172168451501,0.0008422177825015931,0.9345405653723482
21807,0.9756008730221539,0.001594170126010484,0.022804956851835582
21808,0.9628638847569864,0.006610809656735173,0.03052530558627845
21809,0.39722425848272164,0.05832642291036832,0.54444931860691
21810,0.8780853117856391,0.039034571824748746,0.08288011638961215
21811,0.5703802171592744,0.01047924493645542,0.41914053790427025
21812,0.9392927714661795,0.0015042699896270163,0.059202958544193496
21813,0.4091536364380693,0.08037055622786242,0.5104758073340683
21814,0.9884451120163784,0.0020414853593311868,0.009513402624290453
21815,0.978772597362612,0.0002995925273821938,0.02092781011000599
21816,0.985471516314859,0.004440643532958133,0.010087840152182897
21817,0.5597408838844281,0.018406470723484825,0.42185264539208694
21818,0.9882168028907526,0.0022522435398224495,0.009530953569424913
21819,0.9366556530695701,0.03284513176441916,0.030499215166010722
21820,0.924678831862807,0.0013449924267134312,0.07397617571047962
21821,0.6151092347520343,0.0031137647909024583,0.3817770004570633
21822,0.6777991470288511,0.1561454154176132,0.16605543755353563
21823,0.04559556697844695,0.006455725396865926,0.9479487076246871
21824,0.33546633154260186,0.010148407774834835,0.6543852606825632
21825,0.3284813070315909,0.006672022058626652,0.6648466709097824
21826,0.9732703982601163,0.0013487055833130597,0.02538089615657059
21827,0.0008157605185563452,0.0001743690865570933,0.9990098703948866
21828,0.43787327412882365,0.03201949843818017,0.5301072274329961
21829,0.506841237982475,0.001325271265239814,0.4918334907522851
21830,0.957479287016493,0.001813581513441174,0.04070713147006587
21831,0.9785860487250286,0.0017446233104690435,0.019669327964502242
21832,0.8794137178916491,0.0516789529949306,0.06890732911342033
21833,0.39157905336722476,0.08499501333812251,0.5234259332946527
21834,0.03871754307752386,0.0010550307812521914,0.9602274261412239
21835,0.49263502757690847,0.025450008000369836,0.4819149644227217
21836,0.9708059548767296,0.015184694897984928,0.014009350225285454
21837,0.24075957981619925,0.0032325607114127466,0.7560078594723879
21838,0.9903272574307511,0.0007849221626842315,0.00888782040656461
21839,0.14500773772426023,0.007404736423767234,0.8475875258519725
21840,0.09966682100140623,0.07907002511668829,0.8212631538819055
21841,0.0010482958289376293,0.0021948430387126474,0.9967568611323497
21842,0.904851400132313,0.02468318019398223,0.07046541967370479
21843,0.5626785740768008,0.0009076002224268486,0.43641382570077225
21844,0.966038588157193,0.0013782011080498814,0.03258321073475712
21845,0.9486349193043235,0.008740360441691221,0.04262472025398528
21846,0.18654905075092826,0.08062977860899381,0.732821170640078
21847,0.5184243688432922,0.034113248031358546,0.4474623831253493
21848,0.8829662002180221,0.005294944351368668,0.11173885543060924
21849,0.9512964387067416,0.0022725643569197532,0.04643099693633867
21850,0.28117252449749597,0.0031098882301429332,0.715717587272361
21851,0.9513974462589612,0.00030127523580456727,0.04830127850523417
21852,0.2647872395446485,0.03816070161944799,0.6970520588359034
21853,0.9442133083659716,0.005288938199162599,0.050497753434865796
21854,0.9395201517912063,0.0026618943457004406,0.05781795386309324
21855,0.9694995237304758,0.004191931720339649,0.026308544549184555
21856,0.9941817392737826,0.0006355559388578074,0.005182704787359665
21857,0.5523936931930978,0.002599873644803486,0.4450064331620987
21858,0.5630337908930991,0.1045774879590708,0.3323887211478301
21859,0.985243112190327,0.004212943496910851,0.010543944312762168
21860,0.12351079842960999,0.002094732269589699,0.8743944693008003
21861,0.9342390906820714,0.0013572251192846055,0.06440368419864406
21862,0.9343251352392656,0.010196871323840848,0.05547799343689365
21863,0.8780808985816577,0.09248258296959752,0.029436518448744762
21864,0.16281913931358685,0.263532553762716,0.5736483069236972
21865,0.8828263626680295,0.00251544594011096,0.11465819139185958
21866,0.9428632952646944,0.011893610769222152,0.0452430939660834
21867,0.9922609412951108,0.00039553004099373207,0.007343528663895575
21868,0.8142990651859937,0.0009740010898719559,0.18472693372413437
21869,0.9750801399439994,0.000341983760385607,0.024577876295615086
21870,0.9751345950608925,0.00725701473443021,0.01760839020467731
21871,0.9571872756690433,0.010897975041000724,0.031914749289955996
21872,0.9852852988174859,0.00021243222783632435,0.014502268954677773
21873,0.9068576944747888,0.0024099109117265167,0.09073239461348456
21874,0.03380554689450171,0.0009070535327114586,0.9652873995727869
21875,0.9354473605776299,0.0025953470970490624,0.061957292325321094
21876,0.80277317830929,0.001202283751138727,0.19602453793957123
21877,0.013820454531173374,0.009053655591339565,0.9771258898774869
21878,0.9543048148290258,0.002583819595494009,0.04311136557548005
21879,0.05373279418502958,0.0012083233754499728,0.9450588824395205
21880,0.920260642300774,0.011225939900776648,0.06851341779844937
21881,0.053709085910482665,0.07798053282128017,0.8683103812682371
21882,0.9620205216363698,0.005815190967358199,0.032164287396272154
21883,0.9328162107460594,0.004859198772507617,0.062324590481433045
21884,0.9758355637047863,0.003417653502400419,0.02074678279281335
21885,0.0016141209330284413,0.00014046791006452645,0.9982454111569071
21886,0.775108213422859,0.011677215321505915,0.21321457125563503
21887,0.9819379030803325,0.006958624474422398,0.011103472445245155
21888,0.04307148638519694,0.0032032899460430033,0.9537252236687601
21889,0.4610482563556825,0.009140875942015774,0.5298108677023018
21890,0.9278652248162682,0.009588714602852882,0.06254606058087898
21891,0.9820997129628797,0.0020066732717869775,0.015893613765333287
21892,0.977050725048682,0.0007833484507944912,0.022165926500523726
21893,0.8093357077047133,0.004952383638886967,0.18571190865639972
21894,0.27803286976666597,0.015485246627857378,0.7064818836054766
21895,0.04294490298899707,0.0025251256012982647,0.9545299714097047
21896,0.968354014686168,0.004747405713989989,0.02689857959984201
21897,0.020298043708039486,0.0023880932503272056,0.9773138630416333
21898,0.9638883061525961,0.0011176647136743043,0.03499402913372959
21899,0.9498957856830026,0.00033658340634778436,0.04976763091064977
21900,0.9041749630420525,0.001661939450869907,0.09416309750707766
21901,0.03353680835828988,0.0038823389276871293,0.9625808527140229
21902,0.5640591064105935,0.015180012540080884,0.4207608810493256
21903,0.9566106495462668,0.0009763234330353863,0.042413027020697734
21904,0.2001636713304579,0.3214181272366991,0.4784182014328429
21905,0.4778746975550911,0.01338981528704422,0.5087354871578648
21906,0.009498988546937218,0.007420389311434548,0.9830806221416282
21907,0.01117386916744243,0.0005871031346840376,0.9882390276978735
21908,0.00608953914324191,0.0005537823649251244,0.993356678491833
21909,0.9713773103864456,0.019387520669626252,0.00923516894392799
21910,0.7030988513097707,0.0594771721732053,0.2374239765170241
21911,0.8539071626694498,0.002867230855844701,0.14322560647470559
21912,0.04768033029120063,0.018286008558586003,0.9340336611502135
21913,0.9506902209534982,0.0362996107107164,0.013010168335785421
21914,0.03329227445597653,0.0013060535028280207,0.9654016720411954
21915,0.9841463230809436,0.0020175796209783124,0.013836097298078154
21916,0.8250612445108186,0.01503840476320432,0.15990035072597705
21917,0.07287581429072466,0.0014153013502305422,0.9257088843590447
21918,0.9922206171555773,0.0010433657848355842,0.006736017059587125
21919,0.9915540385336391,0.000510889102415503,0.007935072363945413
21920,0.9686864709103234,0.005153791764069827,0.02615973732560662
21921,0.6406255519679338,0.029376489422048128,0.329997958610018
21922,0.9808543914880518,0.0011289279326976882,0.0180166805792506
21923,0.9298459708675773,0.04987735627964111,0.02027667285278174
21924,0.9765964679451881,0.01686947455285785,0.006534057501954179
21925,0.9373597490916713,0.02075705748705281,0.04188319342127593
21926,0.9583997925108435,0.011050592944786067,0.030549614544370357
21927,0.9422351134789486,0.024497324549271705,0.03326756197177975
21928,0.886524248538169,0.009847182631211693,0.10362856883061941
21929,0.07702127025259387,0.02789526395102689,0.8950834657963792
21930,0.9520371323904168,0.00934179219267535,0.03862107541690802
21931,0.9634109050895712,0.007580110865849156,0.02900898404457973
21932,0.9576062258903237,0.006352963788434116,0.03604081032124212
21933,0.008416235881868631,0.0008940490008700053,0.9906897151172613
21934,0.6614951933410241,0.00922980569932939,0.3292750009596464
21935,0.9501346823398186,0.006324852862943964,0.04354046479723739
21936,0.9385350490451186,0.0029835074599341344,0.05848144349494735
21937,0.07369679306326184,0.0067041548051744995,0.9195990521315636
21938,0.9722895256725828,0.0011354949522834675,0.026574979375133874
21939,0.9189233249733068,0.03947256376558584,0.041604111261107336
21940,0.07606470140590221,0.019174209669831164,0.9047610889242665
21941,0.9166477505414946,0.010938049718786091,0.07241419973971926
21942,0.9410685906718681,0.015583163499423722,0.0433482458287081
21943,0.91001388459071,0.012747282200054237,0.07723883320923575
21944,0.9392458085030143,0.016195085625619866,0.04455910587136574
21945,0.9631893317778155,0.02251070594451954,0.014299962277665047
21946,0.45333918439212245,0.05207133024842553,0.49458948535945196
21947,0.523154014618143,0.01736145488547247,0.45948453049638444
21948,0.03859252723660926,0.008307594421000309,0.9530998783423904
21949,0.8969167152133136,0.0045674357846785816,0.09851584900200788
21950,0.7481766691834725,0.015670684565314553,0.23615264625121302
21951,0.9439841748015108,0.0038092821235269593,0.05220654307496224
21952,0.44990371369441823,0.0092946758311611,0.5408016104744207
21953,0.9435468612518524,0.00283066400891285,0.05362247473923474
21954,0.9753215864006504,0.0054469873829664645,0.019231426216383126
21955,0.3143078867544941,0.014914115612846524,0.6707779976326594
21956,0.8486587064308465,0.0115993251975054,0.13974196837164807
21957,0.9098270927950426,0.00569267564082886,0.08448023156412854
21958,0.06567782213234616,0.05054409612691217,0.8837780817407417
21959,0.7103807590021904,0.08816507659281934,0.2014541644049902
21960,0.48857341264375925,0.3174604267974989,0.1939661605587418
21961,0.0038765537788196533,0.0015444750561923973,0.994578971164988
21962,0.9752225516167006,0.0012176436519261847,0.02355980473137315
21963,0.6601664894050073,0.0006984064869287011,0.339135104108064
21964,0.8428663762355606,0.00230913069787382,0.15482449306656557
21965,0.9977258922412429,0.0007742564118754556,0.0014998513468816863
21966,0.8857542418215709,0.023752574991934353,0.09049318318649462
21967,0.9713499722726927,0.0005936921629314728,0.02805633556437582
21968,0.836509574690613,0.002975575605571324,0.1605148497038156
21969,0.9833505726604262,0.002310321638939364,0.014339105700634467
21970,0.9813621408113276,0.0066979266221499426,0.011939932566522492
21971,0.9744682622337972,0.004829085485179424,0.020702652281023397
21972,0.017968027620904235,0.0011209871735577061,0.980910985205538
21973,0.8529866369373604,0.0883267779702767,0.0586865850923628
21974,0.024769992361933564,0.006017272989067578,0.9692127346489988
21975,0.9510788106567939,0.010378022999656662,0.03854316634354936
21976,0.6319646074699239,0.006745823234819603,0.3612895692952565
21977,0.3786398170163909,0.009699275634576832,0.6116609073490323
21978,0.9435113878723257,0.0009344529504542726,0.05555415917721991
21979,0.007124060968848221,0.006617896733050757,0.986258042298101
21980,0.9648467523209012,0.0017984053617426364,0.033354842317356255
21981,0.9800073929960024,0.01454730468717861,0.005445302316818945
21982,0.04758467412965215,0.014025961806938774,0.9383893640634091
21983,0.9614472928927048,0.00820016712723007,0.030352539980065183
21984,0.036009106556310566,0.0038776455215654214,0.9601132479221239
21985,0.9443654070135028,0.007568559132446963,0.04806603385405036
21986,0.1265252312917116,0.007662713004654294,0.8658120557036341
21987,0.6025786536710078,0.019954539297506693,0.37746680703148555
21988,0.884786626346351,0.031905771994299295,0.08330760165934982
21989,0.9388726125340661,0.006776617002957289,0.05435077046297652
21990,0.9873980142606619,0.0010767380923766797,0.011525247646961388
21991,0.12955134604966984,0.001167035869604634,0.8692816180807256
21992,0.9567985526214171,0.0011937037343921954,0.042007743644190736
21993,0.9812443684028133,0.003660278886724195,0.015095352710462402
21994,0.10835692139292803,0.028102767761068057,0.863540310846004
21995,0.9801052086203066,0.00048080349401139464,0.019413987885682084
21996,0.941864352854426,0.041471877084489635,0.016663770061084382
21997,0.047567130343200634,0.004297947140398422,0.9481349225164009
21998,0.9156657024271108,0.0007921374228074671,0.08354216015008172
21999,0.6488445234013311,0.011906224404549885,0.33924925219411906
22000,0.9665037025771377,0.001983226348659095,0.031513071074203196
22001,0.24293603651459475,0.16611446056670787,0.5909495029186973
22002,0.7623323969971015,0.008453842508036935,0.22921376049486153
22003,0.6333929557027308,0.006296549962647694,0.3603104943346216
22004,0.8427626635922406,0.008527091323668126,0.1487102450840913
22005,0.16349687724265596,0.6183219946490219,0.21818112810832208
22006,0.7058755356600981,0.009072439915980713,0.28505202442392125
22007,0.8963387741757206,0.0032276916779256076,0.1004335341463538
22008,0.9914539979902811,0.001007063929959393,0.007538938079759515
22009,0.20984963556203526,0.007562049223715758,0.782588315214249
22010,0.11028054453798623,0.006061931371060013,0.8836575240909538
22011,0.7428130592263029,0.02915354324909044,0.22803339752460666
22012,0.17614005878884503,0.017173315911253918,0.8066866252999011
22013,0.978330748182705,0.0007314946907999578,0.02093775712649507
22014,0.9694244552971122,0.0050387756250835185,0.02553676907780419
22015,0.9742833444153703,0.004456415350276991,0.021260240234352714
22016,0.026851961331063705,0.002805569127363204,0.9703424695415731
22017,0.015612897702374402,0.005694010307826572,0.9786930919897989
22018,0.9383019746670187,0.0002795988323285795,0.06141842650065272
22019,0.8499837629613892,0.004154718722987703,0.14586151831562297
22020,0.9766993101748778,0.005342767694752463,0.01795792213036971
22021,0.9299817134034253,0.010711401268917013,0.05930688532765767
22022,0.9375253962684575,0.01383414052518649,0.04864046320635605
22023,0.9735269663998205,0.0046639117999048504,0.021809121800274566
22024,0.8655680127350871,0.004523277441725689,0.12990870982318725
22025,0.4042974414651091,0.023723202163797603,0.5719793563710933
22026,0.9653948325223995,0.003656271527920764,0.030948895949679697
22027,0.9696862876475553,0.0004288920480250568,0.029884820304419725
22028,0.815721577019561,0.07161606959447968,0.1126623533859594
22029,0.9214315754565782,0.00841063821780805,0.07015778632561367
22030,0.9631183097928758,0.0003120518872803615,0.03656963831984373
22031,0.793674171035129,0.007571871881532839,0.19875395708333818
22032,0.03712458211503301,0.03147261538361003,0.931402802501357
22033,0.9678587350721612,0.001880565338589043,0.030260699589249766
22034,0.1809583579806595,0.3193668544671189,0.4996747875522216
22035,0.9670274243073148,0.0013667899272843793,0.03160578576540076
22036,0.9189339016358781,0.00622310277560042,0.07484299558852148
22037,0.9257633615949135,0.007276875100662963,0.0669597633044235
22038,0.9773549337657165,0.000985560129411589,0.021659506104871926
22039,0.8662591328682944,0.007502034673203073,0.1262388324585026
22040,0.9346076120230312,0.0020512097598214788,0.06334117821714731
22041,0.9124828699015434,0.007597587825957804,0.07991954227249888
22042,0.28292917409929064,0.39052894898854057,0.3265418769121688
22043,0.6359133929587513,0.29662695058711297,0.06745965645413572
22044,0.9682571687807767,0.0021072821620206385,0.029635549057202584
22045,0.024676428720974364,0.001765766457527714,0.9735578048214979
22046,0.9016740357067657,0.004297411250694656,0.09402855304253964
22047,0.94721421335797,0.015454375774129774,0.037331410867900254
22048,0.9236599969189945,0.0009872224961602785,0.07535278058484524
22049,0.9568758187221383,0.0009878232526451737,0.042136358025216376
22050,0.5002725433228926,0.0012506936101648288,0.49847676306694244
22051,0.9497804295484749,0.001737692938628166,0.048481877512896905
22052,0.03194277745832705,0.009069647641674481,0.9589875748999985
22053,0.9564354546961593,0.004413231262884219,0.039151314040956446
22054,0.9009155858863827,0.0351509952384423,0.06393341887517512
22055,0.8847163145147621,0.006312232377224584,0.10897145310801334
22056,0.34048508539878986,0.0082004954571017,0.6513144191441085
22057,0.9601037610766562,0.003448442027963508,0.03644779689538021
22058,0.01015330572789378,0.0025799019631774184,0.9872667923089289
22059,0.8310496103232077,0.0012935244582795657,0.16765686521851275
22060,0.8260742549058465,0.0005837624820986039,0.17334198261205502
22061,0.8280989854613345,0.02602846832828909,0.1458725462103764
22062,0.7979841672133509,0.01007731454849351,0.1919385182381557
22063,0.8756476822481486,0.003494986787928523,0.12085733096392286
22064,0.020847226102024555,0.021178087072230064,0.9579746868257455
22065,0.8127312445634911,0.05338976575991926,0.13387898967658962
22066,0.9744267096208366,0.010554277499583924,0.015019012879579637
22067,0.9847213072663594,0.004436298266189947,0.010842394467450622
22068,0.0058220652778484105,0.001517272622389156,0.9926606620997624
22069,0.7864001916785258,0.0020733397463354687,0.2115264685751386
22070,0.0010342284279138865,0.00018074497114189345,0.9987850266009443
22071,0.8788156020510096,0.0038180942803461766,0.11736630366864416
22072,0.01393674805281051,0.0013386098041191497,0.9847246421430703
22073,0.9190728444640376,0.027394008166756075,0.05353314736920636
22074,0.011533820084953973,0.0010896208588342603,0.9873765590562117
22075,0.5398012147038462,0.04594085806684212,0.4142579272293116
22076,0.965739427364464,0.0033970993261654594,0.030863473309370545
22077,0.046518684376504915,0.08919737153476456,0.8642839440887305
22078,0.8086784390783942,0.012624227798152799,0.17869733312345287
22079,0.6632912139751287,0.006636994041447213,0.33007179198342396
22080,0.45407719458827556,0.00941996971240417,0.5365028356993204
22081,0.9632294966557878,0.016384632041288483,0.02038587130292368
22082,0.7398625629330808,0.03244963776975607,0.22768779929716307
22083,0.07766917407439636,0.0030499983821824462,0.9192808275434212
22084,0.8759117544519315,0.004215551722492707,0.11987269382557585
22085,0.8537541322086128,0.0025197708803989813,0.14372609691098812
22086,0.21272755156448617,0.0018145408559131265,0.7854579075796007
22087,0.9845617426382888,0.0052775558668600705,0.01016070149485124
22088,0.4553423487699388,0.0029730608549694434,0.5416845903750919
22089,0.9815028576399377,0.0011209534402534722,0.017376188919808824
22090,0.980389543936458,0.004005435065357835,0.015605020998184177
22091,0.5446591922893246,0.021951779953217055,0.4333890277574582
22092,0.9780525770325282,0.0019228722804486634,0.020024550687023072
22093,0.4431845173720548,0.049393719770134965,0.5074217628578103
22094,0.9388816537491184,0.0007181968477319966,0.06040014940314962
22095,0.10792468085071016,0.023674473647719924,0.8684008455015698
22096,0.9786355306115795,0.000890153725626721,0.020474315662793955
22097,0.7177181595237498,0.10870118081414759,0.17358065966210262
22098,0.004571368588318822,0.0004871974170614062,0.9949414339946198
22099,0.5507147079614231,0.008828587007870967,0.4404567050307059
22100,0.18812614832580687,0.005022691739607729,0.8068511599345854
22101,0.016485900290600437,0.004141598628735823,0.9793725010806636
22102,0.9840890377620545,0.005284987229717528,0.01062597500822795
22103,0.9616474360706823,0.0032749668782824726,0.03507759705103522
22104,0.9469977302514921,0.010458300617581438,0.04254396913092644
22105,0.9906200390845655,0.00026306402842462976,0.009116896887009852
22106,0.8671705463759813,0.012370305080720994,0.12045914854329766
22107,0.9768519321369444,0.0006961895826322648,0.022451878280423315
22108,0.934111711603995,0.0016221433718765835,0.06426614502412856
22109,0.9654154955761028,0.01868536946268946,0.015899134961207664
22110,0.14927997022814793,0.004914847782973134,0.845805181988879
22111,0.8806012020317696,0.0632858323021922,0.05611296566603821
22112,0.06117050888808659,0.8840607755055496,0.05476871560636373
22113,0.4177312807586641,0.049927030330855666,0.5323416889104802
22114,0.821797685234049,0.019838037160360276,0.15836427760559083
22115,0.0035030056835148866,0.00026065964899912457,0.9962363346674858
22116,0.9083066884624516,0.005070245264215394,0.08662306627333304
22117,0.9937961462965152,0.0009576328725637102,0.005246220830921066
22118,0.9156590667125128,0.004589764142668796,0.07975116914481839
22119,0.9062674973241457,0.004390780405494395,0.08934172227035984
22120,0.0188742551108855,0.0032271872714432354,0.9778985576176712
22121,0.8065729757267074,0.0058712515681009535,0.1875557727051917
22122,0.9733739995553655,0.0072733148052189405,0.019352685639415525
22123,0.7063755547372869,0.010208439995490733,0.2834160052672225
22124,0.9048469537189435,0.037479119658317205,0.05767392662273935
22125,0.250735052756978,0.5577757781360794,0.19148916910694253
22126,0.9528675857257496,0.003449820276241158,0.04368259399800916
22127,0.3090450717318348,0.0007245309547379219,0.6902303973134272
22128,0.021361369861013016,0.0003844858935642157,0.9782541442454228
22129,0.3637682649125108,0.02674683982733229,0.6094848952601569
22130,0.8299360151080827,0.016353430584201373,0.15371055430771594
22131,0.9489345805640619,0.0003724315957325098,0.050692987840205615
22132,0.4321362990337429,0.0032044173178712616,0.5646592836483858
22133,0.0858648770055667,0.007713871129935427,0.9064212518644978
22134,0.48409940101508275,0.011669576370293602,0.5042310226146237
22135,0.9683393374517741,0.0015854085414830558,0.030075254006742803
22136,0.9540476499934492,0.0029299325604161823,0.04302241744613464
22137,0.006813963887845423,0.0013950326332653894,0.9917910034788892
22138,0.9767465441772765,0.001054821754611235,0.022198634068112146
22139,0.07388224003472699,0.002846396365961852,0.9232713635993111
22140,0.0021256571053285965,0.0006016727079608111,0.9972726701867105
22141,0.367882057004809,0.06295777435160946,0.5691601686435814
22142,0.01327987711027188,0.0018188636295482273,0.9849012592601799
22143,0.03609217311376819,0.0022167505619954224,0.9616910763242364
22144,0.9615028447889853,0.0019773571463699664,0.036519798064644754
22145,0.9550816977397912,0.008498835863599435,0.03641946639660939
22146,0.8278534664286836,0.0031456247318883755,0.16900090883942803
22147,0.4557776528217024,0.013088491907110348,0.5311338552711872
22148,0.9359989951447162,0.01376174429507011,0.05023926056021376
22149,0.9653982503894464,0.003227757499055886,0.03137399211149777
22150,0.15341335792125863,0.0037395968679249845,0.8428470452108163
22151,0.2040737444768198,0.28594294342640497,0.5099833120967753
22152,0.07106276042262552,0.0025819517750186433,0.9263552878023558
22153,0.9360972169858636,0.0049810314752337555,0.05892175153890262
22154,0.02723267601586039,0.0007487176844717656,0.9720186062996679
22155,0.9113836551751524,0.0010309196760084072,0.08758542514883912
22156,0.8586435690086178,0.0008713179450828459,0.14048511304629946
22157,0.9491894037385432,0.03358992458450534,0.017220671676951568
22158,0.012783586220949727,0.001420168228418594,0.9857962455506317
22159,0.8677436406111229,0.0003256599585195912,0.13193069943035762
22160,0.45917970515973733,0.1270403651033948,0.41377992973686784
22161,0.9755345371621973,0.002229516539461446,0.022235946298341285
22162,0.15494696579573755,0.0007805374417853469,0.8442724967624771
22163,0.5788038463599656,0.017777775347145985,0.40341837829288846
22164,0.8469884821308684,0.018772031778812016,0.13423948609031958
22165,0.7805688683098122,0.00888494675457597,0.2105461849356118
22166,0.02481111363083405,0.0014395019149588278,0.9737493844542071
22167,0.8643015339545184,0.0117439290880139,0.12395453695746773
22168,0.2401109444498269,0.002209960376602908,0.7576790951735702
22169,0.5062068761860591,0.004690563861550695,0.48910255995239016
22170,0.8177073048873629,0.010326893471582575,0.17196580164105463
22171,0.939634170645867,0.010588947544360702,0.04977688180977234
22172,0.3042692534601421,0.009092356057205231,0.6866383904826526
22173,0.9100103891043525,0.03276546858368854,0.05722414231195904
22174,0.9270109753709379,0.010607735139688103,0.062381289489373895
22175,0.9613887554636548,0.004030568384123919,0.03458067615222136
22176,0.9486737122838326,0.0019039500191725019,0.04942233769699497
22177,0.39030863883212064,0.14690694475922042,0.46278441640865897
22178,0.9303971881825105,0.004626345978544116,0.06497646583894548
22179,0.018108014071792092,0.001426096138496808,0.980465889789711
22180,0.8698336107647867,0.0030600591590583125,0.12710633007615496
22181,0.758544144827073,0.0007472155288444333,0.24070863964408257
22182,0.3278458603289918,0.0020164367515690786,0.670137702919439
22183,0.9794759921220937,0.0021863371491987168,0.01833767072870755
22184,0.6134964052438471,0.0019810087427482637,0.3845225860134046
22185,0.7949792505999387,0.011290654766617962,0.1937300946334434
22186,0.030184907158342517,0.0004547264887666208,0.9693603663528909
22187,0.9344301723476721,0.0013964382109160262,0.06417338944141188
22188,0.762802755545567,0.000802226201754154,0.2363950182526788
22189,0.8634697920296608,0.007289132328607074,0.12924107564173223
22190,0.0006419444555208593,0.00013538591743538585,0.9992226696270438
22191,0.8180594420933486,0.008047077601685226,0.1738934803049662
22192,0.8240260799963174,0.0009695727894516494,0.17500434721423105
22193,0.9846788750227662,0.0008548638848423038,0.014466261092391396
22194,0.7340504230758245,0.028994524510625362,0.2369550524135501
22195,0.7522547195825158,0.03586653455674694,0.21187874586073732
22196,0.12015609752831703,0.004446977828900309,0.8753969246427827
22197,0.9598309038494495,0.005796837148485748,0.0343722590020648
22198,0.030325383045957513,0.0018147306314020473,0.9678598863226404
22199,0.8753927348404286,0.0016040731667816372,0.12300319199278972
22200,0.9856218361142326,0.0006185621753374447,0.013759601710429933
22201,0.1416580165375239,0.004449270658401467,0.8538927128040746
22202,0.9681403571285593,0.005168653222289306,0.026690989649151304
22203,0.9574387778510033,0.027509689482152246,0.015051532666844345
22204,0.9792324116149104,0.003344930749706641,0.017422657635382973
22205,0.9027478844101803,0.0013678324724280097,0.0958842831173917
22206,0.7927914615301983,0.013088544974385894,0.19411999349541587
22207,0.4611827029544061,0.015356438817123173,0.5234608582284707
22208,0.48293929018724485,0.011343717241989746,0.5057169925707653
22209,0.7083779146999908,0.0012243945420279782,0.2903976907579811
22210,0.9525625746015984,0.007264312704750363,0.04017311269365116
22211,0.938032772936404,0.0002816898285205243,0.06168553723507551
22212,0.4559851981675328,0.018712599695820977,0.5253022021366461
22213,0.9847643020428289,0.000592686834012886,0.014643011123158124
22214,0.7856117429057721,0.047618037334340974,0.16677021975988698
22215,0.11546344456963216,0.05208845843575508,0.8324480969946128
22216,0.930170064060849,0.00039973636813654445,0.0694301995710145
22217,0.9572273249439394,0.0236877620828209,0.019084912973239766
22218,0.7838009261958387,0.0006550259832739717,0.2155440478208873
22219,0.6180741760352613,0.12629263023813556,0.25563319372660315
22220,0.007816211859929936,0.004103730825468993,0.9880800573146011
22221,0.6332198901541601,0.025054105377633022,0.3417260044682068
22222,0.971786130278197,0.015624199927979936,0.012589669793823024
22223,0.963320430132708,0.0013430332251793175,0.03533653664211271
22224,0.9428276283910562,0.005170479913079826,0.05200189169586402
22225,0.6104325479919589,0.008805896342977364,0.38076155566506376
22226,0.6340196871882107,0.007792186521873161,0.3581881262899162
22227,0.905532879501591,0.005513196743225285,0.0889539237551838
22228,0.0789317156091574,0.02306883550789041,0.8979994488829522
22229,0.7337870950239588,0.01303723620048877,0.2531756687755526
22230,0.8353544009467835,0.012056747164428748,0.15258885188878785
22231,0.7191971518480227,0.0008508210511100758,0.2799520271008673
22232,0.9208809370939524,0.010047669481998981,0.06907139342404854
22233,0.9709640275088398,0.0015695896731762317,0.027466382817983862
22234,0.9831969405253315,0.002391435391425436,0.014411624083243015
22235,0.004116554101864597,0.0031590791522878984,0.9927243667458475
22236,0.1279412327612461,0.015329330612713967,0.85672943662604
22237,0.40774619102682197,0.410957875411396,0.18129593356178217
22238,0.9967882920690255,0.00016411331744842938,0.0030475946135260835
22239,0.5539602413782075,0.02710441756699134,0.41893534105480107
22240,0.9893746424725158,0.000737489337968998,0.009887868189515146
22241,0.8966927626876813,0.0033539094082390302,0.0999533279040795
22242,0.9649856186613942,0.012207367738333587,0.022807013600272274
22243,0.2193861901382008,0.21913347836887997,0.5614803314929193
22244,0.1666442657615621,0.10681867798690839,0.7265370562515294
22245,0.8556118424069281,0.00877223443419086,0.135615923158881
22246,0.8557186474106065,0.00680640896623437,0.1374749436231591
22247,0.9647334202919801,0.002506332945366952,0.03276024676265285
22248,0.43019051691275817,0.0004427128981589131,0.5693667701890829
22249,0.909591065885129,0.00510253566693969,0.08530639844793139
22250,0.00974016516185077,0.0014193016222931736,0.9888405332158561
22251,0.8281340562473589,0.05129606339173724,0.12056988036090395
22252,0.9262373425101873,0.01565165099447888,0.05811100649533371
22253,0.9707414379834186,0.010171667541064999,0.019086894475516394
22254,0.04100284599863158,0.04962383223149364,0.9093733217698748
22255,0.8114442790953026,0.0006618078455025664,0.18789391305919492
22256,0.3870052069431514,0.02350619453620722,0.5894885985206415
22257,0.8468343832678853,0.011269039299795293,0.14189657743231945
22258,0.5021811295953733,0.012200233134048461,0.4856186372705783
22259,0.7924471989827686,0.05171167372213229,0.155841127295099
22260,0.9942728687697617,0.0007588904353862039,0.004968240794852162
22261,0.9862831968490934,0.00039590715580766145,0.013320895995098942
22262,0.8940017321546211,0.002025665747868192,0.10397260209751077
22263,0.03994287069567672,0.00038287915617619305,0.9596742501481471
22264,0.9616874282554225,0.0044226097977478444,0.033889961946829604
22265,0.5483688213534468,0.010008404571178606,0.4416227740753745
22266,0.0019036596306393119,0.0009986031020985744,0.997097737267262
22267,0.917573986318778,0.03240227722248926,0.05002373645873284
22268,0.9874586301416813,0.005717011333374983,0.006824358524943687
22269,0.9432176836565643,0.003998400873056671,0.052783915470379
22270,0.9657080891079888,0.017302600282962537,0.016989310609048517
22271,0.934114914946849,0.0010736606644807334,0.06481142438867037
22272,0.0022138872192900374,0.00039208096577299315,0.9973940318149369
22273,0.23285412197574665,0.05027092007683198,0.7168749579474214
22274,0.9430931858697249,0.00633443682973368,0.050572377300541475
22275,0.5725571889334575,0.01022394632141006,0.4172188647451325
22276,0.7415620654311664,0.016820224511045912,0.2416177100577877
22277,0.9714959021399486,0.0014341066722819828,0.027069991187769406
22278,0.9233685156279935,0.00871978783602153,0.06791169653598486
22279,0.3021435840074147,0.02788962343381667,0.6699667925587688
22280,0.04823645078366027,0.004308141089785547,0.9474554081265543
22281,0.9369084104364712,0.008736452439136011,0.054355137124392695
22282,0.13583224934785537,0.004069451929358265,0.8600982987227863
22283,0.4532067469866572,0.02883808886729571,0.5179551641460471
22284,0.9671857773595838,0.008678333343997993,0.024135889296418238
22285,0.5876881341073588,0.007692237785088137,0.4046196281075531
22286,0.9635976260144232,0.00766590099032646,0.02873647299525045
22287,0.46338327742724045,0.01869318099668351,0.5179235415760761
22288,0.30238693687253204,0.2913739075449547,0.4062391555825133
22289,0.9166603241051658,0.0011546119947585403,0.08218506390007559
22290,0.9836960333605386,0.0040449825102707405,0.01225898412919071
22291,0.010919621392858894,0.0012904356863685513,0.9877899429207726
22292,0.4275793029788238,0.024321131045858282,0.5480995659753178
22293,0.15692004592340825,0.02430424786379088,0.8187757062128008
22294,0.9693239423715373,0.0009513222768159763,0.029724735351646814
22295,0.8726200930668564,0.001995062755774582,0.12538484417736886
22296,0.9073466530662964,0.00399206320317025,0.08866128373053334
22297,0.12032740910102259,0.004691904378333182,0.8749806865206442
22298,0.7833271732640824,0.007880382087112944,0.2087924446488047
22299,0.9936135009464262,0.0011883698821605264,0.005198129171413304
22300,0.9840351598004075,0.002151050091642211,0.013813790107950431
22301,0.9829683142279607,0.0005740887490524419,0.016457597022986926
22302,0.09518034853612527,0.03088253282843978,0.873937118635435
22303,0.04999771128989326,0.0007834945725955149,0.9492187941375112
22304,0.960003938484729,0.0015583452210069587,0.0384377162942641
22305,0.8207589055996909,0.0014093260236955028,0.17783176837661357
22306,0.9478408055827183,0.0027279650121789815,0.04943122940510264
22307,0.7608832359062053,0.021601270728918657,0.21751549336487613
22308,0.0249829483199648,0.001384171905040493,0.9736328797749948
22309,0.20062722525088317,0.016258374132108407,0.7831144006170084
22310,0.9021160156229467,0.0033715188125720474,0.09451246556448117
22311,0.312233167459417,0.027698094339950727,0.6600687382006323
22312,0.32844593503090463,0.19778608448866425,0.4737679804804311
22313,0.98516986091737,0.00411833197045892,0.010711807112170924
22314,0.9154166976502569,0.0030300342518401907,0.08155326809790303
22315,0.8801497471182138,0.00493085430343564,0.11491939857835048
22316,0.9726359466044195,0.0017160655816257733,0.025647987813954675
22317,0.3161697957194485,0.1617180050454803,0.5221121992350712
22318,0.7735164152422063,0.0018682766728901636,0.22461530808490365
22319,0.4431289251545774,0.012981402197015919,0.5438896726484066
22320,0.8965580439044173,0.03815414464598033,0.06528781144960236
22321,0.9607443337551775,0.019351537914794655,0.019904128330027714
22322,0.10556695111071267,0.0014186173366527988,0.8930144315526345
22323,0.8281650264270165,0.02414897113900745,0.147686002433976
22324,0.0037688060255770327,0.00018592860645875108,0.9960452653679641
22325,0.9712799527883549,0.005485721906195451,0.023234325305449666
22326,0.15969156126213202,0.007943742350504242,0.8323646963873637
22327,0.5355637945855299,0.012348427696748841,0.45208777771772124
22328,0.5544254989769868,0.026080690944883942,0.4194938100781293
22329,0.13869085507472495,0.0029596228951574723,0.8583495220301176
22330,0.9835049592078926,0.0008973585097037291,0.015597682282403628
22331,0.9483640470851936,0.013426850446923306,0.038209102467882984
22332,0.9867222387116176,0.00316858109817244,0.010109180190209961
22333,0.9265651420632786,0.004595472743798008,0.06883938519292344
22334,0.04574400256774288,0.0071374505792108755,0.9471185468530463
22335,0.1392673904714399,0.005104103480207704,0.8556285060483525
22336,0.616956421749324,0.004739508393989345,0.3783040698566866
22337,0.40485457612516806,0.1943077237901039,0.4008377000847281
22338,0.9143714319477282,0.010939832263297705,0.07468873578897411
22339,0.013396355191040018,0.0012539270583224096,0.9853497177506375
22340,0.9687270022978287,0.0006879898089477819,0.030585007893223548
22341,0.9686893260824914,0.003771102737771751,0.027539571179736842
22342,0.9545248276824487,0.0024031352753139047,0.04307203704223742
22343,0.012650553683217537,0.0017703988466318203,0.9855790474701506
22344,0.4977601860006053,0.004049164615304758,0.49819064938409
22345,0.9549278267781377,0.01420077512427489,0.030871398097587457
22346,0.0009398262704915427,0.0005571654659655083,0.998503008263543
22347,0.15844639667681,0.005063789609608835,0.8364898137135812
22348,0.812153554401652,0.028689285173378466,0.15915716042496938
22349,0.8260922588898358,0.005040600153123506,0.1688671409570407
22350,0.594714606509959,0.05362213333878947,0.35166326015125143
22351,0.9479958476479227,0.0007334677647066233,0.05127068458737075
22352,0.1108463929311329,0.0026258277080893786,0.8865277793607778
22353,0.9019265736967654,0.0077338449071778234,0.0903395813960567
22354,0.15058722436125122,0.004620158009731819,0.844792617629017
22355,0.9447706288121491,0.005118201273298475,0.05011116991455237
22356,0.1307608995490995,0.036826057750511704,0.8324130427003888
22357,0.9945829439746956,0.000827143307547434,0.004589912717756981
22358,0.8932684107815831,0.0013715836518248792,0.10536000556659186
22359,0.9612141022640944,0.0011668672173993882,0.0376190305185062
22360,0.9844903369644005,0.0020835214696397824,0.01342614156595974
22361,0.7104098701637919,0.010493687679291803,0.2790964421569162
22362,0.018396456030591108,0.0006649049674905805,0.9809386390019184
22363,0.35570292153541744,0.00415133363193593,0.6401457448326467
22364,0.8131685999405126,0.03696670855369573,0.14986469150579168
22365,0.8622875700233572,0.01799976873014151,0.11971266124650143
22366,0.9764717042449579,0.0010620529905463177,0.02246624276449584
22367,0.017550011060074967,0.00048217146646322844,0.9819678174734618
22368,0.9919173951023816,0.002331631754223492,0.005750973143394914
22369,0.7345656201066998,0.0023186160737420918,0.2631157638195582
22370,0.957941755203128,0.004539358628461517,0.0375188861684106
22371,0.951731212349427,0.00406950245718829,0.04419928519338471
22372,0.5163442647950418,0.015608929442639646,0.46804680576231855
22373,0.9440282544716356,0.0032417802651379495,0.052729965263226555
22374,0.15286480053437004,0.0068078109146989625,0.840327388550931
22375,0.861273933938581,0.030782359025032117,0.10794370703638699
22376,0.9452439910205408,0.0007973803176046455,0.05395862866185467
22377,0.9581318082552838,0.009133595279830714,0.03273459646488552
22378,0.05059284112526448,0.0019867823301861205,0.9474203765445494
22379,0.8489332064750873,0.030528336048555354,0.12053845747635741
22380,0.49656707129153205,0.34041650187839795,0.16301642683007012
22381,0.7376822163386396,0.22037436720442982,0.04194341645693055
22382,0.9413321540746377,0.0002296047849213627,0.05843824114044092
22383,0.9784824986680204,0.003606347974864271,0.017911153357115416
22384,0.7026701953825762,0.0006916500652820558,0.2966381545521417
22385,0.05308744664328361,0.0073893604837375225,0.9395231928729788
22386,0.8025352227239385,0.04035407372333638,0.1571107035527251
22387,0.9710057598019332,0.0013903553772847503,0.027603884820782038
22388,0.29213814305067815,0.025467779994648127,0.6823940769546738
22389,0.9957540937666284,0.000988113228562753,0.003257793004808762
22390,0.9767113350273704,0.009216784317771759,0.014071880654857866
22391,0.5073571103128126,0.002340657866979915,0.4903022318202075
22392,0.5674736542340458,0.017940476616523204,0.4145858691494311
22393,0.01621188715482791,0.000964780367785376,0.9828233324773867
22394,0.7308388445415306,0.01436194044938489,0.25479921500908453
22395,0.694267439624007,0.02822930247378403,0.27750325790220887
22396,0.8844029671403931,0.006421562274822568,0.10917547058478438
22397,0.8854591813582265,0.0010155782047102868,0.1135252404370632
22398,0.9875814227316283,0.0012461020791615935,0.011172475189210128
22399,0.01530601289440398,0.00213027927320586,0.9825637078323902
22400,0.9272067154604114,0.0033896189088813604,0.06940366563070732
22401,0.9791159582200448,0.0023786865266782154,0.018505355253277
22402,0.9389348346479031,0.0047606200430574995,0.05630454530903943
22403,0.9869989770047051,0.0003774976435675855,0.012623525351727427
22404,0.986814716486006,0.0004180031545851118,0.012767280359408915
22405,0.9282330838603764,0.0028804902989549358,0.06888642584066862
22406,0.29100089371547544,0.005486087818637739,0.7035130184658868
22407,0.05461565038125859,0.0040616127514767255,0.9413227368672646
22408,0.0016719772002376917,0.00042930508689753734,0.9978987177128648
22409,0.9493912749486108,0.006679045151773364,0.04392967989961589
22410,0.27906032986279794,0.009097808687967793,0.7118418614492343
22411,0.9110040581072146,0.009726040545817872,0.07926990134696744
22412,0.20619060665180164,0.02396259323366969,0.7698468001145287
22413,0.8477131764012179,0.010595442741064684,0.14169138085771732
22414,0.9615900352921737,0.0035673233083660053,0.03484264139946045
22415,0.9826649630402519,0.007972361456298723,0.009362675503449382
22416,0.9289667559001179,0.02048833224740227,0.050544911852479814
22417,0.9820763353815499,0.0004202976006067613,0.017503367017843326
22418,0.7954684690789001,0.004303313602198473,0.2002282173189014
22419,0.9296631658459306,0.0032232558137364983,0.0671135783403329
22420,0.7229967061020351,0.02410865366709186,0.25289464023087294
22421,0.9614158954739795,0.0014859437756726238,0.03709816075034788
22422,0.05177278517209063,0.011270353493700641,0.9369568613342087
22423,0.954284469270498,0.0018480626671512612,0.04386746806235072
22424,0.954706267921533,0.007382560131833821,0.03791117194663316
22425,0.5641405697996382,0.018928830121309997,0.41693060007905175
22426,0.5648391586639896,0.019970204405750733,0.4151906369302596
22427,0.684523826503524,0.013376809847101148,0.302099363649375
22428,0.6771970015622133,0.012153419649974559,0.3106495787878122
22429,0.7448946150737334,0.032823635020514504,0.22228174990575217
22430,0.7578295037630425,0.17880568421385523,0.06336481202310217
22431,0.9766588030785031,0.004252127744440205,0.01908906917705677
22432,0.3687426582178419,0.5635095762804295,0.06774776550172862
22433,0.9054611106815763,0.0006311881269628932,0.09390770119146084
22434,0.981451862658678,0.0007434350661387942,0.017804702275183104
22435,0.05172018424301724,0.003934319716693152,0.9443454960402897
22436,0.1680250055419662,0.013073625023202428,0.8189013694348314
22437,0.45756549347007547,0.5086379543473772,0.033796552182547276
22438,0.9909200745748902,0.0009677362045245728,0.008112189220585299
22439,0.9887697077943498,0.0007229436809725867,0.010507348524677548
22440,0.9417352870722904,0.016865856681957482,0.04139885624575218
22441,0.891698838126243,0.004897877198017475,0.10340328467573962
22442,0.21999699687719854,0.5036128551640108,0.2763901479587908
22443,0.9524264466868131,0.004158377629550281,0.0434151756836366
22444,0.011167518380369671,0.0009757917106146657,0.9878566899090157
22445,0.7927726879085625,0.0061798516358771045,0.20104746045556043
22446,0.07936994194047008,0.011908538938369396,0.9087215191211605
22447,0.8898617586123251,0.0250956837335052,0.08504255765416978
22448,0.9555786980159479,0.003799562873584382,0.040621739110467785
22449,0.20793688845791433,0.0032318104382248296,0.7888313011038608
22450,0.9749937395531619,0.003651764965168226,0.02135449548166984
22451,0.6858242562590333,0.1322858057068419,0.18188993803412487
22452,0.017441942932270717,0.004243208909223134,0.9783148481585062
22453,0.77251999586345,0.0048941105432835485,0.2225858935932665
22454,0.005682338472781318,0.0018250826093377855,0.992492578917881
22455,0.014963930024583995,0.002565087268780436,0.9824709827066356
22456,0.9219063330371906,0.029422665182886026,0.04867100177992328
22457,0.48448802239163935,0.003972664878024856,0.5115393127303358
22458,0.9863915481720605,0.008481825217788643,0.00512662661015091
22459,0.9263585114582839,0.0005409089540183507,0.07310057958769774
22460,0.6842294816867709,0.2818771352851764,0.033893383028052844
22461,0.9805355039462145,0.0002239809916268045,0.01924051506215862
22462,0.9607587579172662,0.010198393339255318,0.0290428487434785
22463,0.9870162814331875,0.000358419039273205,0.012625299527539286
22464,0.14329886406402031,0.03559220759124066,0.8211089283447389
22465,0.9258954243149222,0.01299891778874529,0.06110565789633243
22466,0.9237120011682002,0.009591051234324226,0.06669694759747558
22467,0.2606778355154644,0.014656983032172869,0.7246651814523627
22468,0.8560059803601885,0.0034011095178876787,0.14059291012192388
22469,0.9874614328674584,0.00030100891626884846,0.01223755821627273
22470,0.9547162407471287,0.00109721567690052,0.044186543575970856
22471,0.8002484096930443,0.0015518964193393292,0.19819969388761624
22472,0.9672672878632714,0.00042794560221755224,0.03230476653451098
22473,0.9888939550429634,0.0016517777330726543,0.009454267223963914
22474,0.7899113448054047,0.0049207088579524974,0.20516794633664284
22475,0.9714523562555841,0.002926626245474978,0.025621017498940742
22476,0.946369052645947,0.001125094007648572,0.05250585334640452
22477,0.9590122536543899,0.0048421575762733,0.03614558876933692
22478,0.91979045211227,0.002596816092945501,0.07761273179478442
22479,0.26758342751457925,0.03847677535452683,0.6939397971308938
22480,0.9570173940463366,0.0038136562396207225,0.03916894971404282
22481,0.9055653890155664,0.0014118265315373117,0.09302278445289638
22482,0.2814343428833403,0.08289455799318392,0.6356710991234759
22483,0.4973933059684992,0.002637382114857164,0.4999693119166436
22484,0.12256512872950841,0.0333264198106116,0.84410845145988
22485,0.9449778858888523,0.0018060149374787787,0.05321609917366894
22486,0.17155671728468527,0.0014100168831588098,0.827033265832156
22487,0.04157352784965638,0.02377276552874943,0.9346537066215942
22488,0.564392630681028,0.0745690214294058,0.3610383478895662
22489,0.9698198037537021,0.0033943788356376892,0.026785817410660162
22490,0.9794949071089138,0.0010502240676166317,0.019454868823469498
22491,0.3803707557458361,0.3866926930191947,0.23293655123496912
22492,0.946620936597102,0.0012701429091219727,0.05210892049377598
22493,0.9166699807461963,0.00018382157907139598,0.0831461976747323
22494,0.9910694755384022,9.999662070006828e-05,0.008830527840897632
22495,0.9140578931740657,0.010038602804856814,0.0759035040210775
22496,0.5159987267268251,0.0020340448737679504,0.481967228399407
22497,0.9587581984854376,0.0009005522995570082,0.04034124921500524
22498,0.8160078640760371,0.05445651390438807,0.12953562201957483
22499,0.919323289515367,0.030240297396049356,0.05043641308858359
22500,0.9684672107742193,0.018571257866687833,0.012961531359092853
22501,0.22324591609872518,0.01145244194529351,0.7653016419559813
22502,0.8631128414592526,0.004752220200898196,0.13213493833984907
22503,0.008768316730888391,0.0031457743055405976,0.988085908963571
22504,0.9808098244929359,0.0016168277019548418,0.017573347805109333
22505,0.11944958770866468,0.0014969169841770843,0.8790534953071583
22506,0.057464095168857504,0.0032687933787333345,0.939267111452409
22507,0.9459070499519764,0.004409825402119044,0.049683124645904554
22508,0.9647977768066419,0.005108776427281688,0.030093446766076417
22509,0.12247423136805943,0.0057178272677985064,0.871807941364142
22510,0.9742581007802109,0.003581554558097108,0.02216034466169196
22511,0.41572336455810344,0.004329288532105613,0.5799473469097909
22512,0.2169233714025133,0.04424997058933584,0.738826658008151
22513,0.933005236872639,0.019881953471595954,0.0471128096557649
22514,0.973160599970632,0.001040452894816419,0.025798947134551515
22515,0.9650439495589512,0.0006550972445043809,0.034300953196544484
22516,0.9502524627710233,0.028565015817541832,0.021182521411434972
22517,0.9774206372606543,0.00786242341963621,0.014716939319709483
22518,0.9857229987779276,0.0007799717058495934,0.013497029516222763
22519,0.7850015355531705,0.007612290743628171,0.2073861737032014
22520,0.529128469771609,0.007104865369474694,0.46376666485891627
22521,0.9110124668313982,0.01374116183086312,0.07524637133773845
22522,0.007173214514118553,0.002557114416637543,0.9902696710692439
22523,0.9458411473994552,0.023033065174545245,0.031125787425999484
22524,0.4699891509947979,0.032849689610718706,0.49716115939448347
22525,0.04871130737834474,0.0012691225225559238,0.9500195700990994
22526,0.5491613445934673,0.012488673572038332,0.43834998183449436
22527,0.9793758419031755,0.007395313073021845,0.013228845023802619
22528,0.8328604865183303,0.0024940823555839207,0.1646454311260857
22529,0.9519618048025978,0.0031723471785872867,0.04486584801881483
22530,0.7792158934050064,0.00956523264761778,0.2112188739473759
22531,0.9635924572072683,0.002750780024299825,0.0336567627684318
22532,0.5194446878563057,0.006899683333021821,0.47365562881067247
22533,0.32591440163621654,0.010186208100442355,0.663899390263341
22534,0.844468513753987,0.0012244448787695544,0.1543070413672434
22535,0.9544113278412406,0.0006899548598450502,0.04489871729891427
22536,0.8245266307655442,0.06401554846069274,0.11145782077376293
22537,0.9687660371140079,0.002764212491413629,0.028469750394578514
22538,0.9576291375660807,0.032255052960419466,0.010115809473499786
22539,0.9853013292450321,0.0033011592056409983,0.011397511549326913
22540,0.9557493349225291,0.014151647395231125,0.03009901768223969
22541,0.02170000849314439,0.005208156700157454,0.9730918348066981
22542,0.7880427051726225,0.021770063579935908,0.19018723124744158
22543,0.04464520265511686,0.004986546574689446,0.9503682507701937
22544,0.9536722545158663,0.0029728621495126325,0.043354883334621064
22545,0.4930127083183621,0.008186935570566082,0.4988003561110718
22546,0.9530559650178789,0.030980499155724744,0.01596353582639628
22547,0.04469073637355568,0.02590727206471547,0.9294019915617289
22548,0.8832364580791254,0.018493259373956555,0.09827028254691812
22549,0.9294793517978658,0.0041531416712754475,0.0663675065308587
22550,0.950782461340507,0.024924349033072363,0.02429318962642061
22551,0.8391333730274325,0.0799458318938584,0.08092079507870903
22552,0.5184769674047975,0.008629039227625106,0.47289399336757754
22553,0.08756500436954508,0.016217556185637503,0.8962174394448174
22554,0.6144819013010188,0.0010411588201942408,0.3844769398787871
22555,0.11369752196308568,0.012901806629132326,0.8734006714077821
22556,0.56592124598243,0.013665251010863357,0.4204135030067067
22557,0.9803814762585173,0.00015919275145966248,0.019459330990023
22558,0.9138657232222783,0.02570655166757671,0.06042772511014494
22559,0.9870787565841618,0.0023647877667809093,0.010556455649057354
22560,0.7829778631774651,0.023575223237076892,0.19344691358545804
22561,0.36741831466376357,0.3735420263312952,0.2590396590049412
22562,0.0034552702443618535,0.00044232286937602135,0.9961024068862621
22563,0.03564431315436154,0.002596023983450463,0.961759662862188
22564,0.013166478621330826,0.0039704279461640025,0.9828630934325051
22565,0.887626264816963,0.039844332575711267,0.07252940260732575
22566,0.1689721235849357,0.010474161349495786,0.8205537150655686
22567,0.9534887039608401,0.0034129705114018805,0.04309832552775805
22568,0.9599023146693477,0.016053226144662487,0.024044459185989846
22569,0.9726965028583879,0.0020664164687932375,0.025237080672818754
22570,0.9594326838601096,0.0022408689564172505,0.038326447183473215
22571,0.9665050503267978,0.01814650077030539,0.0153484489028968
22572,0.943431402083243,0.004695836667866358,0.05187276124889056
22573,0.9188904609968203,0.05938697919579932,0.021722559807380297
22574,0.323596232324535,0.0013051607057661056,0.6750986069696988
22575,0.43967458578172064,0.04391688005750246,0.5164085341607769
22576,0.061358448423151475,0.014733802198279782,0.9239077493785688
22577,0.963880977889369,0.0006050774354771352,0.03551394467515372
22578,0.010863134951568742,0.004226032508161024,0.9849108325402703
22579,0.6953611215320982,0.03505105027090211,0.26958782819699967
22580,0.9757299387901708,0.001226984763071591,0.023043076446757536
22581,0.9618322043397151,0.0005317235225715986,0.03763607213771344
22582,0.8955697118134521,0.042574582471102455,0.06185570571544545
22583,0.94559230470538,0.009113163073024731,0.04529453222159517
22584,0.99066504565451,0.0004894182597678611,0.00884553608572204
22585,0.5768529580564392,0.013541937207553228,0.40960510473600753
22586,0.9977783699768896,9.999783856627616e-05,0.0021216321845440585
22587,0.09216299619370236,0.04117765354818886,0.8666593502581088
22588,0.7288980857802448,0.001676636440202799,0.26942527777955233
22589,0.9820435630106946,0.0022043023543946317,0.01575213463491063
22590,0.9796899479600764,0.004235180419877934,0.016074871620045658
22591,0.8464378123480675,0.003387416965506157,0.1501747706864265
22592,0.8836794093953377,0.0050580800567308305,0.1112625105479315
22593,0.9537628639582965,0.011484560422941431,0.034752575618762174
22594,0.4915704437934853,0.010265205297529657,0.49816435090898503
22595,0.29738758783018854,0.0022038214670333945,0.7004085907027781
22596,0.9460904374761647,0.005715061643789966,0.048194500880045364
22597,0.4433026440353378,0.009267882743364896,0.5474294732212973
22598,0.6634465627053324,0.003067250419415666,0.33348618687525194
22599,0.8436715854381405,0.005479039406198543,0.15084937515566105
22600,0.7228944054102978,0.006309737318841111,0.27079585727086114
22601,0.9789416695440752,0.0020545605271684603,0.019003769928756225
22602,0.0964656892876277,0.009874326560543474,0.8936599841518288
22603,0.9450598894255635,0.002629135092128994,0.05231097548230739
22604,0.022858566794980818,0.0034384857392285484,0.9737029474657907
22605,0.9689951323064577,0.0004211978471949177,0.03058366984634732
22606,0.527516990679711,0.009486027258224396,0.4629969820620645
22607,0.12439196283313184,0.005283110668518765,0.8703249264983495
22608,0.9854886907984045,0.003599630894418302,0.010911678307177285
22609,0.004508033216177519,0.003052456970341143,0.9924395098134814
22610,0.6434626130938969,0.0024176294872670363,0.35411975741883617
22611,0.9281741670819903,0.007557787902385327,0.0642680450156244
22612,0.9883207842666472,0.0009357496878320498,0.01074346604552084
22613,0.000687709827535874,0.0005617535654647727,0.9987505366069994
22614,0.9875592251765546,0.00581907385425336,0.00662170096919203
22615,0.976133258078078,0.013612415229245322,0.010254326692676622
22616,0.9251388732801018,0.008137997821597376,0.06672312889830086
22617,0.9696897184252994,0.0031770528467297407,0.02713322872797083
22618,0.17925080053559,0.039587982355797025,0.7811612171086131
22619,0.6858329425479018,0.00962038901482462,0.30454666843727346
22620,0.34311188050144464,0.001305950008376849,0.6555821694901787
22621,0.09550267948605967,0.034808725390057034,0.8696885951238833
22622,0.18198457395589526,0.060030669536082805,0.7579847565080219
22623,0.5992387006386424,0.019270567086469684,0.381490732274888
22624,0.927471514574615,0.007436737554897765,0.06509174787048713
22625,0.9638016795235145,0.009102542581289114,0.02709577789519634
22626,0.9217602747354823,0.0012126541416354686,0.07702707112288236
22627,0.36300074287728856,0.5747919607061586,0.06220729641655297
22628,0.8581638338003418,0.004086197419838338,0.13774996877981988
22629,0.005034918915173231,0.0024613508962843984,0.9925037301885424
22630,0.9217883307708303,0.012218758505283778,0.06599291072388591
22631,0.5452777110319031,0.023567202202498364,0.4311550867655985
22632,0.9885201652288452,0.0004182911343187189,0.01106154363683605
22633,0.9800879150966901,0.006920542592109181,0.012991542311200654
22634,0.9597514921195969,0.002950851749876832,0.037297656130526366
22635,0.08978344493406384,0.0010010451004105237,0.9092155099655256
22636,0.6110372070840382,0.007712535191060886,0.3812502577249008
22637,0.9735639025607741,0.003507065637820694,0.02292903180140521
22638,0.9125813819812262,0.0027831712022120744,0.08463544681656163
22639,0.9741735734841858,0.0028959406206265706,0.0229304858951876
22640,0.9282434476875511,0.0017513448173015387,0.07000520749514746
22641,0.9343147313007356,0.006481126216221781,0.059204142483042635
22642,0.010050639329713647,0.006687079544340915,0.9832622811259455
22643,0.8804830023373339,0.0013163223425308338,0.11820067532013524
22644,0.9860042982014231,0.003673757732528109,0.010321944066048753
22645,0.4892627127224697,0.31109510154591263,0.1996421857316176
22646,0.949894287574045,0.001205284887808853,0.04890042753814605
22647,0.028298882327606717,0.001195020968465839,0.9705060967039275
22648,0.530658228261646,0.08321769027968598,0.38612408145866806
22649,0.9881950971636492,0.001945240263462731,0.009859662572887999
22650,0.1352224649142633,0.03253439906957143,0.8322431360161653
22651,0.9154855285428628,0.002190693445434849,0.08232377801170239
22652,0.11744274269447687,0.03124561845532589,0.8513116388501972
22653,0.6678483689403439,0.05769534642644276,0.2744562846332132
22654,0.8816600341033279,0.008112183311739699,0.11022778258493228
22655,0.021665358521553248,0.00032621705885380915,0.9780084244195929
22656,0.047467051261267615,0.029182105544724866,0.9233508431940075
22657,0.9844548820917057,0.004002202542982744,0.011542915365311459
22658,0.9529073638862267,0.0035680649427865794,0.04352457117098682
22659,0.9744979096764157,0.00962810353238081,0.01587398679120345
22660,0.9235823925237835,0.06568306193130714,0.010734545544909341
22661,0.028569095904425443,0.0033675916311644537,0.9680633124644101
22662,0.9929613531709587,0.0015022087723802757,0.005536438056660916
22663,0.5560813138596704,0.005136209779036817,0.43878247636129286
22664,0.02851361431399315,0.030503838746795946,0.9409825469392109
22665,0.1794744869797769,0.10697921966941783,0.7135462933508053
22666,0.022461897833865492,0.000901347134590427,0.9766367550315441
22667,0.9858033926156061,0.003358078242999086,0.010838529141394835
22668,0.9668491650265191,0.003556287053068079,0.029594547920412887
22669,0.9905258851294212,0.0025386053358708,0.0069355095347078295
22670,0.9871955564457666,0.0016982861785987795,0.01110615737563452
22671,0.9405588721815871,0.002058346727999377,0.05738278109041347
22672,0.9942925569295806,0.00015700917651390698,0.005550433893905456
22673,0.8542109889686887,0.005179688790654358,0.1406093222406569
22674,0.9714763834254527,0.006115802642103929,0.022407813932443326
22675,0.7452017796576472,0.021116619150940277,0.2336816011914124
22676,0.7559031347121735,0.004245452894853054,0.23985141239297347
22677,0.8948865959468568,0.048174114134212416,0.056939289918930845
22678,0.8998053715531087,0.01498361605657053,0.08521101239032068
22679,0.8095438440611619,0.000565700223129426,0.18989045571570867
22680,0.7931129191142527,0.02039922939833003,0.18648785148741706
22681,0.06230709137609392,0.004661114894412349,0.9330317937294937
22682,0.03275588492469111,0.0037109695772584925,0.9635331454980505
22683,0.643705298160857,0.019853339823215542,0.3364413620159274
22684,0.9073338764710585,0.014308981020575559,0.07835714250836612
22685,0.8003360895291965,0.013339420321608224,0.18632449014919528
22686,0.6073969742415884,0.02035376849446412,0.3722492572639475
22687,0.5240036714321491,0.016699843496539035,0.45929648507131177
22688,0.9957766803508515,0.0014864621937822969,0.0027368574553661164
22689,0.4604110715054779,0.0008340551730641734,0.5387548733214579
22690,0.5772643345080753,0.005461386133574343,0.4172742793583504
22691,0.7874842665155714,0.03923133881933084,0.17328439466509782
22692,0.42766532775009247,0.06657919543517966,0.505755476814728
22693,0.7974189832436496,0.02271423057571574,0.17986678618063462
22694,0.0036070824723756978,0.0007326169609980829,0.9956603005666262
22695,0.011465693438901142,0.0002718730977926646,0.9882624334633061
22696,0.010923436355522806,0.0004933017473549433,0.9885832618971222
22697,0.691721416661364,0.014510666262511154,0.2937679170761249
22698,0.0082923707393742,0.0009244567838547623,0.9907831724767712
22699,0.9751433192170759,0.004152282935822863,0.0207043978471012
22700,0.0022634007739399968,0.0004075748311374255,0.9973290243949225
22701,0.9041777265538946,0.001063901527202419,0.09475837191890293
22702,0.705500017587944,0.007556036073006368,0.2869439463390496
22703,0.9459643285451704,0.005946565792336038,0.04808910566249361
22704,0.019166904527370122,0.002298933565037023,0.9785341619075928
22705,0.3649983291647527,0.037738603191239596,0.5972630676440076
22706,0.18804150764612454,0.08614811074144511,0.7258103816124304
22707,0.9445148731285385,0.0023333535781544395,0.05315177329330692
22708,0.9634765497770332,0.0027172416384965564,0.03380620858447018
22709,0.6390892280364054,0.04236148359661106,0.31854928836698343
22710,0.1526476017306423,0.04427461704353126,0.8030777812258263
22711,0.028156074581420585,0.01959205971052788,0.9522518657080515
22712,0.9804589378223837,0.0013615515994067902,0.018179510578209414
22713,0.975253631903908,0.000717740539106998,0.024028627556985042
22714,0.8590580441978267,0.00672258923485691,0.13421936656731637
22715,0.9582856603392751,0.03619093375343553,0.005523405907289488
22716,0.8868020325217493,0.0008070991458142027,0.1123908683324365
22717,0.09143430765584862,0.0028027962849509125,0.9057628960592005
22718,0.9922961109477757,0.0020673892373708363,0.0056364998148534864
22719,0.8559272662044757,0.03495994913207317,0.1091127846634512
22720,0.9594868408515458,0.01811597412282969,0.02239718502562457
22721,0.9329474579559413,0.030367639353661602,0.036684902690397266
22722,0.26898128409924116,0.02677180266042206,0.7042469132403368
22723,0.9672096626657779,0.01088871150667817,0.02190162582754389
22724,0.9898468134789669,0.0008135820647519653,0.009339604456281164
22725,0.9541218427647553,0.0010417870795754387,0.04483637015566929
22726,0.14841719622654956,0.0054207223617438235,0.8461620814117066
22727,0.13409510019885942,0.01238360986195873,0.8535212899391819
22728,0.9595752567281859,0.008004573818822329,0.032420169452991754
22729,0.7120338421937834,0.03740369573833895,0.2505624620678777
22730,0.8905722765011878,0.0036351969107498374,0.10579252658806242
22731,0.05340817069221886,0.005305516186520531,0.9412863131212607
22732,0.9206962116125597,0.009174502485696826,0.07012928590174364
22733,0.9947114712017476,0.001192973970258952,0.0040955548279933834
22734,0.016096013683603652,0.001067640642137227,0.982836345674259
22735,0.9074027137937217,0.02783350319549903,0.06476378301077926
22736,0.7769963264359631,0.120475045793962,0.10252862777007495
22737,0.6233354816956013,0.13337212680225813,0.2432923915021406
22738,0.8074162951868276,0.03936115004482316,0.15322255476834917
22739,0.5200911432976495,0.0008449194917752936,0.4790639372105751
22740,0.9000469123456073,0.003652436790550087,0.09630065086384261
22741,0.9903711050375469,0.00024720369095420985,0.009381691271498833
22742,0.9180188834132079,0.004394320436922266,0.07758679614986974
22743,0.035271328552826685,0.03109591507087007,0.9336327563763034
22744,0.024482460424745285,0.024560969859834542,0.9509565697154202
22745,0.9557216375930865,0.001392520288465204,0.04288584211844821
22746,0.9780007061284759,0.0006967826263341882,0.021302511245190007
22747,0.6074353653786592,0.20291132691519959,0.1896533077061414
22748,0.9470496595186932,0.01688714959565686,0.036063190885649896
22749,0.9529047087351528,0.004721447304860149,0.04237384395998697
22750,0.9069557925129751,0.0581211803800521,0.0349230271069728
22751,0.9181595621700103,0.00292723496644975,0.07891320286353998
22752,0.9378145090474895,0.00022164668583050048,0.06196384426667996
22753,0.07897067814770645,0.014482403146321376,0.9065469187059721
22754,0.9635107255892641,0.016459939980838546,0.020029334429897308
22755,0.0035272921044239218,9.999513999607445e-05,0.99637271275558
22756,0.8759103133492501,0.04050811061589413,0.08358157603485582
22757,0.8291298458257635,0.014055267709439745,0.15681488646479683
22758,0.6019636525757646,0.021805570472288142,0.3762307769519474
22759,0.9299733664872694,0.006659094005004808,0.06336753950772578
22760,0.148336313325116,0.04619534147171139,0.8054683452031727
22761,0.9715621000357426,0.008083129423355729,0.02035477054090156
22762,0.8780352511940146,0.002911805837338744,0.1190529429686466
22763,0.9889220741870107,0.0036680190839842113,0.007409906729005044
22764,0.9938296033133602,0.0006925700529368389,0.005477826633702981
22765,0.001594179841956747,0.002516267445225943,0.9958895527128173
22766,0.400604513003397,0.013229736696026164,0.5861657503005768
22767,0.8441481501053526,0.004586837642848234,0.1512650122517992
22768,0.009500700655107162,0.00452727557695224,0.9859720237679406
22769,0.9377362177679125,0.0070177580209436164,0.055246024211143906
22770,0.0012281948916669297,0.00029471498758968273,0.9984770901207434
22771,0.9956476441826227,9.999727460042675e-05,0.004252358542776967
22772,0.17605763978035882,0.00985683333360127,0.8140855268860399
22773,0.2575399564162997,0.0018290098576909226,0.7406310337260094
22774,0.3504003642721587,0.10441789277138333,0.5451817429564579
22775,0.9889463655781001,0.0008047957169510775,0.010248838704948825
22776,0.9964845760555225,0.001896872713009416,0.0016185512314680598
22777,0.9749630953616529,0.008361775699716415,0.016675128938630764
22778,0.9346466955766456,0.05693450469746766,0.008418799725886892
22779,0.14862031472808093,0.011703581171313298,0.8396761041006058
22780,0.47644028784022097,0.002872316850268431,0.5206873953095106
22781,0.9501350320075944,0.006481559040497622,0.04338340895190799
22782,0.0591243676188136,0.0023789358044433826,0.9384966965767431
22783,0.20028768695716645,0.005560614284181466,0.7941516987586521
22784,0.9056521345221147,0.004354703654875445,0.08999316182300984
22785,0.7037975098876351,0.01088674654150284,0.28531574357086203
22786,0.5580195778011613,0.005851653768504129,0.43612876843033466
22787,0.5304781714667893,0.002068638153094194,0.4674531903801165
22788,0.9834450126354937,0.0014513130240017963,0.015103674340504613
22789,0.923403430440583,0.0005816221904989791,0.07601494736891784
22790,0.9682738830113049,0.006561125843915884,0.02516499114477922
22791,0.6981591336227275,0.0064701627507274895,0.29537070362654494
22792,0.7793751475689519,0.05532476309070373,0.1653000893403444
22793,0.9529595121431572,0.0015989968013162734,0.045441491055526514
22794,0.9605803938079729,0.01212441258720287,0.027295193604824127
22795,0.9410562910174757,0.01773327513315761,0.04121043384936668
22796,0.4693259412369643,0.014346954743513794,0.5163271040195219
22797,0.9107546441185979,0.0028664136612699294,0.08637894222013205
22798,0.08051993751524371,0.036299599984253625,0.8831804625005025
22799,0.9637322002833726,0.012034399630242644,0.02423340008638469
22800,0.7911021317751998,0.03634009754365784,0.17255777068114228
22801,0.9837269844916416,0.005668551484128467,0.010604464024229923
22802,0.8976582369798181,0.009322440730515557,0.09301932228966638
22803,0.9188955590176936,0.03972657676714077,0.04137786421516563
22804,0.9820389034793257,0.003973275737302538,0.013987820783371772
22805,0.9692430594326686,0.002765839468623126,0.02799110109870835
22806,0.9440088138698791,0.00998940606210069,0.04600178006802008
22807,0.9738663616731216,0.002817570563507968,0.0233160677633705
22808,0.6675974182624094,0.020363052517550415,0.31203952922004013
22809,0.9716492866490694,0.0005285938443002256,0.027822119506630282
22810,0.9439135410570773,0.004110222948011011,0.0519762359949117
22811,0.8933393230040261,0.05794676349829098,0.04871391349768292
22812,0.7475043011291654,0.013060355181739655,0.23943534368909497
22813,0.9901441927175222,0.00016358074218675268,0.00969222654029112
22814,0.049341243004668967,0.0008394185514882784,0.9498193384438428
22815,0.016761111675711215,0.0028627906344612045,0.9803760976898276
22816,0.2705841711639709,0.05113344592931258,0.6782823829067164
22817,0.11581548480312866,0.0037322061985496278,0.8804523089983217
22818,0.9175509296007656,0.014941753045255012,0.06750731735397945
22819,0.1143189887290739,0.00149847195274742,0.8841825393181788
22820,0.8099260011420343,0.01941936498305404,0.17065463387491167
22821,0.40694994553952224,0.019360656705555514,0.5736893977549222
22822,0.6897579570197213,0.030914612434799676,0.2793274305454791
22823,0.47435584546026655,0.024041115763092768,0.5016030387766406
22824,0.020263562179540635,0.02239783768427546,0.9573386001361838
22825,0.7747310514394675,0.04329420385972935,0.1819747447008031
22826,0.9453134764040438,0.0034376318099591766,0.05124889178599709
22827,0.9124846633436032,0.0024569963279894467,0.0850583403284074
22828,0.8431195610856754,0.005376195015792486,0.15150424389853212
22829,0.7592837168334301,0.0496833250195066,0.19103295814706328
22830,0.038994124957973234,0.02022718139244079,0.940778693649586
22831,0.9795705419115359,0.0036093657632396367,0.016820092325224394
22832,0.9032033137067808,0.004512248659294656,0.09228443763392459
22833,0.002189671959443253,0.0006372325317118638,0.9971730955088448
22834,0.3227164563544646,0.005834775130728408,0.671448768514807
22835,0.8400185265795862,0.03034058131296506,0.12964089210744884
22836,0.028835308665727984,0.003234596658355581,0.9679300946759165
22837,0.9436465644672335,0.005297395230396396,0.05105604030237018
22838,0.9963069833760545,0.0014708564552548015,0.00222216016869071
22839,0.23898600251405466,0.009695009175855926,0.7513189883100894
22840,0.9011018367588126,0.004827340815924116,0.09407082242526328
22841,0.11357792039533689,0.020283777154638003,0.8661383024500251
22842,0.9425588784373012,0.0018778813140265295,0.05556324024867217
22843,0.7379439623070659,0.03218745643894128,0.22986858125399287
22844,0.05891574705721695,0.004926401919485896,0.9361578510232972
22845,0.15009385509210038,0.007145692754299496,0.8427604521536001
22846,0.8634986990066512,0.004756777730555285,0.13174452326279348
22847,0.9259302568549458,0.014972844018941294,0.05909689912611277
22848,0.7002535323264129,0.003635870086716055,0.29611059758687114
22849,0.22838248016106358,0.1678431278663764,0.60377439197256
22850,0.9549688853055502,0.01089087812982812,0.03414023656462168
22851,0.976354031448461,0.011956047127245423,0.011689921424293571
22852,0.7205644241504088,0.001275050329245285,0.278160525520346
22853,0.7896823371716504,0.00973067274197017,0.20058699008637945
22854,0.9936910046842633,0.0002076771276260327,0.006101318188110749
22855,0.271827597250475,0.06372663569240145,0.6644457670571235
22856,0.9119819119801081,0.0033478236838475612,0.0846702643360443
22857,0.9862219129746373,0.0029706427892430085,0.010807444236119654
22858,0.9597907667590978,0.0018432063656809165,0.03836602687522114
22859,0.07804338006923722,0.018217846058808263,0.9037387738719544
22860,0.9360574428963151,0.0013395848846389604,0.06260297221904607
22861,0.27831716460178235,0.0531509160812583,0.6685319193169594
22862,0.9510490784694431,0.027326070928678326,0.021624850601878638
22863,0.598087260667217,0.020471014853780917,0.3814417244790022
22864,0.21268378400873109,0.05935180516856236,0.7279644108227066
22865,0.9346468721857768,0.024756010763387792,0.04059711705083534
22866,0.8615507211689079,0.007150918932130297,0.131298359898962
22867,0.11353295980234826,0.003754163779781624,0.8827128764178702
22868,0.9692328262412021,0.00027340433870075135,0.03049376942009716
22869,0.345659457636031,0.01495852621662859,0.6393820161473404
22870,0.9673394246376922,0.0032827293100615635,0.029377846052246255
22871,0.6884550914534757,0.008656043773993824,0.30288886477253046
22872,0.9573655217493584,0.01129691491863993,0.03133756333200172
22873,0.9445762476981137,0.008019070132734516,0.047404682169151745
22874,0.8672236082922452,0.0005897683188538619,0.13218662338890094
22875,0.9392546436297214,0.016768540261384815,0.04397681610889383
22876,0.44444806530570946,0.01177349542444582,0.5437784392698448
22877,0.08674057091169382,0.0015388441132914788,0.9117205849750147
22878,0.9797491505067517,0.005303828723630348,0.014947020769617937
22879,0.8727594244586668,0.0035305966953974813,0.12370997884593561
22880,0.08732051890927058,0.001858562248294567,0.9108209188424348
22881,0.45121542007670845,0.3197157140145761,0.2290688659087155
22882,0.01790566184458898,0.001057866906210628,0.9810364712492005
22883,0.01379877508531744,0.0008997741983038015,0.9853014507163786
22884,0.8885282110125488,0.0034098009385462335,0.10806198804890506
22885,0.9728096217126883,0.0008921828465690457,0.026298195440742658
22886,0.9223026127004745,0.016914909019966323,0.06078247827955918
22887,0.9795313426305333,0.00037357322851844357,0.020095084140948388
22888,0.2517665874240456,0.014377665014515472,0.7338557475614389
22889,0.9862589347948298,0.0021015423911975124,0.011639522813972618
22890,0.9279162061156608,0.0026930086474466937,0.06939078523689257
22891,0.9559576269354482,0.0013228682056481695,0.04271950485890358
22892,0.9795656496894551,0.002661133406270353,0.01777321690427453
22893,0.1478152849135643,0.020692520838689693,0.831492194247746
22894,0.915893464990845,0.004525482142262995,0.0795810528668921
22895,0.8958237244610412,0.01454299952648723,0.08963327601247155
22896,0.2735694497286843,0.03925464720428942,0.6871759030670263
22897,0.9195265437381237,0.007909522143601121,0.07256393411827508
22898,0.3822265197071474,0.008537670943742408,0.6092358093491104
22899,0.8960994080706057,0.015771423056308107,0.08812916887308607
22900,0.9540611664615618,0.00983336173130392,0.03610547180713437
22901,0.6563601621965672,0.05702557190166187,0.28661426590177097
22902,0.7576198134018205,0.024585797489802327,0.2177943891083772
22903,0.923057841693392,0.003315366336145359,0.0736267919704626
22904,0.9052349207050402,0.0059580669183867075,0.08880701237657318
22905,0.979495078702625,0.0031575843805260987,0.017347336916848952
22906,0.9393255825887068,0.009983035653616626,0.05069138175767652
22907,0.38449107395283677,0.0032908326286757274,0.6122180934184875
22908,0.9398195340837315,0.0008010268451564978,0.05937943907111197
22909,0.5709901104832771,0.22490891979748043,0.20410096971924252
22910,0.9616923450486964,0.02421763449670176,0.01409002045460182
22911,0.9883036320363662,0.00039325291567723274,0.011303115047956497
22912,0.827023897291958,0.0034520731678636036,0.16952402954017828
22913,0.9739387462927814,0.002203974099557045,0.023857279607661642
22914,0.955134846207624,0.0006227180109283075,0.04424243578144765
22915,0.9991017082601722,0.0001282625437518221,0.0007700291960760329
22916,0.9016176814352316,0.049248871586034464,0.04913344697873393
22917,0.5744690688778132,0.12481279890914956,0.30071813221303717
22918,0.9151243193579268,0.006040202896663756,0.07883547774540947
22919,0.9693597436166135,0.005549894117457299,0.025090362265929325
22920,0.9638470578399885,0.00550065758078369,0.030652284579227786
22921,0.5191575968611003,0.38179664932190244,0.09904575381699744
22922,0.4383924478645255,0.01146269637982669,0.5501448557556478
22923,0.8993190911946678,0.006743376739919669,0.09393753206541264
22924,0.899754667884745,0.007985753983392855,0.09225957813186207
22925,0.08053655144545586,0.0020272994510756757,0.9174361491034685
22926,0.9866875754550334,0.0018757928497183524,0.011436631695248103
22927,0.9318660787687871,0.0001952849691044115,0.06793863626210839
22928,0.6631042974417375,0.024215823574374504,0.3126798789838879
22929,0.08935376775089382,0.0037354316113509694,0.9069108006377552
22930,0.8866368160945974,0.013454950678579894,0.09990823322682264
22931,0.9584139612521687,0.018902368526139357,0.02268367022169196
22932,0.9634887061992505,0.01864962128006305,0.017861672520686402
22933,0.94728647007339,0.012523817090181615,0.040189712836428436
22934,0.7156455856697007,0.0014514785207172573,0.282902935809582
22935,0.8954749075327216,0.007374141901957212,0.09715095056532114
22936,0.6298625334648998,0.044513777799538586,0.3256236887355615
22937,0.9554692691728848,0.005772600793611614,0.03875813003350358
22938,0.8133734664391812,0.10406808846671632,0.08255844509410251
22939,0.8966038193890457,0.01733707788802039,0.08605910272293402
22940,0.0010376531228448215,0.0007036749255717356,0.9982586719515835
22941,0.23714123827581068,0.0024844650095422367,0.7603742967146471
22942,0.03605487721200397,0.003374847249774831,0.9605702755382212
22943,0.005576655886206646,0.00033370398819401097,0.9940896401255993
22944,0.8957946288413879,0.005923103322208672,0.09828226783640343
22945,0.9894649274860672,0.006121726028871741,0.004413346485061002
22946,0.3563628483366851,0.015790530464332684,0.6278466211989822
22947,0.9801357500904462,0.0025254293973033686,0.017338820512250348
22948,0.131058231032138,0.02494383097786695,0.843997937989995
22949,0.9679303639708198,0.001998349549704399,0.030071286479475837
22950,0.010469186537879167,0.023500339466294425,0.9660304739958264
22951,0.2557421906806224,0.01499743574031854,0.729260373579059
22952,0.9261961258160707,0.005344997477032573,0.06845887670689667
22953,0.9892319215859947,0.0015343297211856991,0.009233748692819612
22954,0.9145717903723103,0.006585837159339838,0.07884237246834981
22955,0.8954743622557337,0.06136785261965384,0.043157785124612345
22956,0.7908148167618332,0.0047033332099211955,0.2044818500282458
22957,0.9529694766260384,0.001836423154735271,0.045194100219226326
22958,0.9123908256309313,0.0031681173047716804,0.08444105706429693
22959,0.1570410524458794,0.02932540536928296,0.8136335421848376
22960,0.7189651257682358,0.005931047483849792,0.2751038267479144
22961,0.995067453926567,0.0008789770359075745,0.004053569037525409
22962,0.659711293961796,0.041671297164558724,0.29861740887364524
22963,0.9405637048946942,0.0006429353444243217,0.05879335976088164
22964,0.991267430129643,0.000985931176719139,0.007746638693637811
22965,0.9777270773349322,0.0011779822605374212,0.021094940404530436
22966,0.9676125140569949,0.005964556180020604,0.02642292976298458
22967,0.02015349031565682,0.01658577968205533,0.9632607300022878
22968,0.8952690838119448,0.022093018982491067,0.08263789720556419
22969,0.010556966080970245,0.001104087467785415,0.9883389464512443
22970,0.19451177408016554,0.014251681264312763,0.7912365446555217
22971,0.9946645235621668,0.00023635558814335156,0.005099120849689809
22972,0.9974635882319767,0.00017565861546503989,0.0023607531525583103
22973,0.2662489045119568,0.044159919708782316,0.6895911757792609
22974,0.8735896611053177,0.006292904911838238,0.12011743398284408
22975,0.905504572373754,0.01147610071210114,0.0830193269141449
22976,0.6931427292894881,0.01069421635838389,0.29616305435212825
22977,0.9471545888855706,0.0004757131148242199,0.05236969799960526
22978,0.8145218141310859,0.008996624089831855,0.17648156177908217
22979,0.7567931941535359,0.013477554956033928,0.22972925089043025
22980,0.8956702690657701,0.001257344773127205,0.10307238616110284
22981,0.8784404510435873,0.017652820020920126,0.10390672893549265
22982,0.9645947912330292,0.0028292067447444305,0.032576002022226394
22983,0.39842334508640886,0.0345931079941856,0.5669835469194056
22984,0.9126922531036118,0.002855042982767883,0.08445270391362039
22985,0.9808956462334976,0.004451331261427546,0.014653022505075036
22986,0.9847654501402936,0.0032132444411221025,0.012021305418584224
22987,0.96772309418019,0.0008397270780616622,0.03143717874174839
22988,0.001391789287545078,0.0006120502396972997,0.9979961604727575
22989,0.958655349750051,0.018723704819670124,0.02262094543027899
22990,0.0019027237738654566,0.001501324402692215,0.9965959518234423
22991,0.7696436556351637,0.002426299481798837,0.22793004488303753
22992,0.9668217081305298,0.0033468063452032314,0.029831485524266975
22993,0.9007164489188588,0.004394896660584538,0.09488865442055666
22994,0.14919911669840494,0.004461318437470961,0.8463395648641241
22995,0.5256514493697945,0.023493440088434462,0.45085511054177096
22996,0.3217529125845018,0.1928647496759807,0.4853823377395176
22997,0.008529904985918609,0.006546276067634408,0.984923818946447
22998,0.8794972825696841,0.014809376687229793,0.10569334074308602
22999,0.9902919622098948,0.0015416117754852984,0.008166426014619827
23000,0.9085075387281601,0.006401006715428114,0.08509145455641168
23001,0.9664100032231299,0.0013607143794630097,0.03222928239740714
23002,0.750291185309961,0.001471478672701336,0.2482373360173378
23003,0.5325825403345958,0.032037314408280296,0.4353801452571239
23004,0.9194036632990269,0.0012720925579880863,0.0793242441429851
23005,0.16204301875022842,0.006017194961815472,0.8319397862879561
23006,0.9386113524104599,0.013513580599937246,0.04787506698960276
23007,0.9774310446801246,0.00016831098970275824,0.022400644330172474
23008,0.8765575272776877,0.003123394542840147,0.1203190781794723
23009,0.39031804918553237,0.0010932711535295138,0.6085886796609381
23010,0.6990966869243526,0.005948207606504996,0.29495510546914244
23011,0.991645394468677,0.0005448735956434264,0.00780973193567951
23012,0.968681679782871,0.0009791624392488888,0.030339157777880117
23013,0.9503497893590586,0.004935455344736277,0.044714755296205166
23014,0.4237403736014329,0.02173561738393033,0.5545240090146367
23015,0.9710150669238716,0.0004920911054691437,0.028492841970659235
23016,0.7819339676844681,0.0014169291122370336,0.21664910320329478
23017,0.9126266460601933,0.024803415683002126,0.06256993825680462
23018,0.15014657376695162,0.003160295811810704,0.8466931304212376
23019,0.9838154226638086,0.003798336999848105,0.012386240336343272
23020,0.9744548392827119,0.001979437707445789,0.02356572300984225
23021,0.9193624662098916,0.05197347371371729,0.02866406007639119
23022,0.1036621632079474,0.001897838997780273,0.8944399977942723
23023,0.17189471420928518,0.006512713679536199,0.8215925721111785
23024,0.9974930691036419,0.00020783889936189584,0.0022990919969962964
23025,0.027377286705231867,0.003699559369154086,0.968923153925614
23026,0.19576552953628262,0.6906205162613439,0.11361395420237351
23027,0.916010853988257,0.0022995391826397477,0.08168960682910335
23028,0.9199131740922099,0.01875607362216889,0.06133075228562134
23029,0.13631856757636332,0.0315786670896151,0.8321027653340216
23030,0.8181660886238903,0.10174695006599617,0.0800869613101135
23031,0.9814242484635254,0.002584729770778091,0.015991021765696643
23032,0.988028972693569,0.00048291589337315333,0.011488111413057648
23033,0.3161803280696655,0.034714683680422964,0.6491049882499115
23034,0.8862100944614485,0.0012155558087073035,0.11257434972984418
23035,0.8746029945543801,0.02247960696799995,0.10291739847762012
23036,0.6408672002853076,0.011820304960049256,0.34731249475464304
23037,0.986390135529284,0.004425992169109975,0.009183872301606093
23038,0.9516468014799755,0.0004634610097035663,0.04788973751032104
23039,0.9892788816716972,0.002104778257362935,0.008616340070939811
23040,0.9855527907526588,0.000431862379815253,0.014015346867526092
23041,0.9833109702233973,0.00022470312703962535,0.01646432664956306
23042,0.9292216705654057,0.008070190685786221,0.06270813874880804
23043,0.8983318183405384,0.00250745771233338,0.09916072394712822
23044,0.12363812171038548,0.05700305561435667,0.819358822675258
23045,0.8159411345899872,0.006594930595344027,0.17746393481466874
23046,0.37187640117192916,0.0396683486260772,0.5884552502019936
23047,0.31500332234659034,0.018256243905294622,0.6667404337481152
23048,0.6431076417685135,0.002115916067782352,0.35477644216370413
23049,0.1845560060001229,0.003535778211243534,0.8119082157886336
23050,0.9760215812240133,0.007729902081920244,0.016248516694066427
23051,0.2991201251719648,0.13706860030817278,0.5638112745198625
23052,0.951743933583104,0.005528418072751252,0.042727648344144734
23053,0.6718383906842365,0.12407160220613443,0.20409000710962907
23054,0.9674894021723399,0.013044636330450566,0.01946596149720959
23055,0.8198695129150927,0.0039128518850834945,0.1762176351998238
23056,0.9587270026991536,0.006707928777965616,0.03456506852288085
23057,0.007488733084193543,0.009722190186987743,0.9827890767288187
23058,0.9436640370558533,0.004819658190839755,0.05151630475330684
23059,0.9699549782430961,0.0006264182203937855,0.0294186035365101
23060,0.6848352886671052,0.020867450161917083,0.29429726117097776
23061,0.9851639279521885,0.006291492333548272,0.0085445797142632
23062,0.8260721428551501,0.0030910269563425427,0.17083683018850748
23063,0.051876317636843826,0.0014125817423464866,0.9467111006208098
23064,0.7672265623476626,0.005675502973011292,0.2270979346793261
23065,0.5216034596668326,0.0020445428188254526,0.47635199751434204
23066,0.38416804186280035,0.02417496894175147,0.5916569891954482
23067,0.9828895950852348,0.005937142958266139,0.01117326195649918
23068,0.06521042520383186,0.01080149271876989,0.9239880820773984
23069,0.08366525595649421,0.005745832845126534,0.9105889111983793
23070,0.8964495455876053,0.03307612747077098,0.07047432694162364
23071,0.8686751721286448,0.016469950843152184,0.11485487702820307
23072,0.7723727352161481,0.003125615154093998,0.22450164962975785
23073,0.8045011978110839,0.11671936672978378,0.07877943545913224
23074,0.5666743782486664,0.12947124638882543,0.30385437536250837
23075,0.020976503754635858,0.1002969866314621,0.8787265096139021
23076,0.9859323840377952,0.0016436539748167995,0.012423961987387934
23077,0.5256422184069518,0.1206744200045525,0.3536833615884958
23078,0.08183974881301487,0.0021407395709487575,0.9160195116160365
23079,0.03140358577539169,0.014698968673486806,0.9538974455511214
23080,0.8313206602821761,0.016271932138259455,0.15240740757956434
23081,0.9667060306542414,0.0008822198430707091,0.0324117495026878
23082,0.7804576019538679,0.07792206223256957,0.14162033581356254
23083,0.9759885602170852,0.001897043985153429,0.02211439579776131
23084,0.19236456610411512,0.12402606073433137,0.6836093731615536
23085,0.3943484122415086,0.07371178565771778,0.5319398021007736
23086,0.9837656558712716,0.0010523153200779466,0.015182028808650471
23087,0.0028798829383576557,0.00036156738064120614,0.9967585496810011
23088,0.0211882730497157,0.00859405491529518,0.9702176720349891
23089,0.8752796680481717,0.06567930231615546,0.05904102963567288
23090,0.7536197009686018,0.024131676838713922,0.2222486221926843
23091,0.6010263686700347,0.018356072820013013,0.3806175585099523
23092,0.8512697422264159,0.0011646886305858844,0.14756556914299815
23093,0.7213785757983909,0.1578336175921382,0.12078780660947086
23094,0.7535597463107057,0.025712324190653512,0.22072792949864073
23095,0.686756086389525,0.021908924621784575,0.2913349889886903
23096,0.03279678116120034,0.007538682650714245,0.9596645361880853
23097,0.8376953157872895,0.0022227360488798905,0.16008194816383065
23098,0.9213331644630133,0.00025447006702800643,0.07841236546995867
23099,0.6362843301522267,0.2784907998763516,0.08522486997142174
23100,0.2036087645724136,0.5953431721218891,0.20104806330569722
23101,0.985394893016533,0.0007152119741068235,0.013889895009360054
23102,0.8368983675366889,0.013301766361520377,0.14979986610179058
23103,0.9805593808081906,0.001631997963109724,0.017808621228699573
23104,0.7914765960797726,0.04819857226616812,0.16032483165405917
23105,0.8995461147508362,0.011998385255778767,0.08845549999338492
23106,0.7826557135001991,0.02350065318333668,0.19384363331646406
23107,0.20252861864618737,0.007829673096789861,0.7896417082570227
23108,0.914037988029147,0.0030214811166773617,0.08294053085417556
23109,0.5356762200078442,0.007523038679962988,0.4568007413121929
23110,0.0015143871547439339,0.0005428416538215538,0.9979427711914345
23111,0.9073156021855752,0.009361070579238254,0.08332332723518666
23112,0.9760193759435464,0.0036490055127029867,0.02033161854375058
23113,0.938420955824933,0.004762311379294349,0.056816732795772575
23114,0.9777184626193122,0.0028210346182868016,0.019460502762400987
23115,0.9394651168321917,0.03248361775869311,0.028051265409115168
23116,0.4153633330522478,0.002012608284446633,0.5826240586633056
23117,0.05191824774569161,0.004759994996794538,0.943321757257514
23118,0.31554880953604697,0.2412877557848347,0.4431634346791185
23119,0.25591979662538256,0.03717431638357855,0.706905886991039
23120,0.44557273908584133,0.11792048499045013,0.43650677592370857
23121,0.9541074218834014,0.000971121833640125,0.0449214562829585
23122,0.28142337431713926,0.045976433508984324,0.6726001921738765
23123,0.25133345697308934,0.00647738467448438,0.7421891583524263
23124,0.5837024121656968,0.0014456942893009803,0.4148518935450022
23125,0.021511018878336226,0.018245925243214584,0.9602430558784493
23126,0.44592869756607095,0.09176157510922625,0.4623097273247029
23127,0.03779761966519338,0.003062383815661144,0.9591399965191454
23128,0.5077127241282073,0.01759008122028736,0.4746971946515052
23129,0.9175536070912377,0.06360148994564846,0.018844902963113926
23130,0.9902381215737027,0.004044194528029711,0.005717683898267711
23131,0.8190148441801525,0.007368708411821259,0.17361644740802618
23132,0.9298894883072084,0.0007639537071457316,0.0693465579856458
23133,0.9946457184454278,0.00041389374811802405,0.004940387806454117
23134,0.9615782285284957,0.01764811647388461,0.020773654997619625
23135,0.024746827788384263,0.0007839761107745718,0.9744691961008413
23136,0.41460940765981064,0.005951107823243582,0.5794394845169458
23137,0.9708623863472178,0.0002143325979634852,0.0289232810548187
23138,0.9592642471111258,0.0049574693825994815,0.03577828350627463
23139,0.8804128795150854,0.0033814312530999757,0.11620568923181467
23140,0.1896577076799406,0.05871610498643678,0.7516261873336226
23141,0.9677309603677438,0.0013416825724143486,0.0309273570598419
23142,0.8938025457738472,0.03904919515068252,0.06714825907547034
23143,0.024864613872236974,0.0025560423095876595,0.9725793438181753
23144,0.9501559087358883,0.004550533799195054,0.045293557464916624
23145,0.48734993793212955,0.0013095774820494487,0.5113404845858209
23146,0.004808603100534572,0.0006573122894511657,0.9945340846100142
23147,0.9674891250306966,0.0014338141408941742,0.031077060828409383
23148,0.5900838139817923,0.036774613822776255,0.3731415721954315
23149,0.5015648589641893,0.2151981850824586,0.283236955953352
23150,0.8473102366078428,0.008449821222972284,0.1442399421691851
23151,0.19675643372601512,0.21960215991598714,0.5836414063579978
23152,0.022384519173993388,0.043463803400530715,0.9341516774254758
23153,0.812606124198981,0.015883543091779154,0.1715103327092398
23154,0.13378581125209177,0.005320230852189994,0.8608939578957183
23155,0.12310434147050364,0.08907345058624316,0.7878222079432532
23156,0.8158531077909348,0.019111298413232485,0.1650355937958327
23157,0.06257472990150702,0.006969318992676703,0.9304559511058164
23158,0.9406616185407027,0.010457513927859518,0.04888086753143769
23159,0.9357475642216917,0.01571980061457079,0.04853263516373743
23160,0.9289755719981063,0.0006621193702311508,0.07036230863166262
23161,0.02558192316479936,0.0016858647235223389,0.9727322121116783
23162,0.22648581924400654,0.006291103423713234,0.7672230773322802
23163,0.8629712554460446,0.02441482370230514,0.11261392085165031
23164,0.1444892754312607,0.010336156673357957,0.8451745678953813
23165,0.7788954628254691,0.006210302898425283,0.21489423427610552
23166,0.9629412026903986,0.00668650582084226,0.03037229148875912
23167,0.000649721976131199,0.0010402009373567508,0.9983100770865121
23168,0.9743891297330823,0.006508610245366202,0.01910226002155159
23169,0.9091947528018754,0.00032755077934035307,0.09047769641878406
23170,0.17288852967742588,0.0013418304618524487,0.8257696398607217
23171,0.9388886746106795,0.018699163004990724,0.04241216238432983
23172,0.9899305291302493,0.00022183773411403812,0.009847633135636658
23173,0.8390950863332113,0.00248729423084516,0.1584176194359435
23174,0.9308338719413758,0.002727943964931924,0.06643818409369229
23175,0.4387656899791806,0.20263200705946513,0.35860230296135437
23176,0.9741347651383634,0.0019464636696367445,0.023918771191999914
23177,0.9636399124821302,0.003931269111280422,0.03242881840658937
23178,0.9597079691089869,0.004220585795511889,0.03607144509550131
23179,0.9428276216928435,0.016504757467533524,0.04066762083962301
23180,0.9589890865727883,0.003476969906782574,0.03753394352042916
23181,0.03637600575626619,0.000838876477960052,0.9627851177657738
23182,0.002070477949705157,0.00048205314500486437,0.99744746890529
23183,0.907755966916177,0.033630283096636425,0.05861374998718663
23184,0.8381177428853591,0.07201146927989938,0.08987078783474146
23185,0.9957275643222682,0.0011936852365108349,0.003078750441221108
23186,0.26343323623297366,0.023887427616100423,0.7126793361509259
23187,0.8136001604988138,0.015328198227929822,0.17107164127325636
23188,0.18621999618796098,0.058394491520837304,0.7553855122912018
23189,0.022822718733832265,0.0024855512633490846,0.9746917300028187
23190,0.7830094696392547,0.010211061273240948,0.20677946908750441
23191,0.9003462675556875,0.019793705598920207,0.07986002684539226
23192,0.5828234627788655,0.014702317608092697,0.4024742196130418
23193,0.7155751033291465,0.0011147158807879665,0.2833101807900655
23194,0.004800758099076447,0.00044909334701938617,0.9947501485539042
23195,0.9454777803427883,0.001969452088489814,0.05255276756872194
23196,0.8412596580094192,0.09376447886303838,0.0649758631275425
23197,0.9586508200205346,0.0028316666756089143,0.03851751330385653
23198,0.7469507557062949,0.027606449210041347,0.22544279508366383
23199,0.9446805330387824,0.003509582157645577,0.0518098848035719
23200,0.9738297891430175,0.00898152929444521,0.017188681562537184
23201,0.6968273497466317,0.03402038387874736,0.2691522663746209
23202,0.017607154801656512,0.0002911623266954394,0.9821016828716481
23203,0.564340301234382,0.014269498433051798,0.4213902003325662
23204,0.7973399930473052,0.03768432102813301,0.16497568592456185
23205,0.9950723429420024,0.0006164633592417772,0.004311193698755817
23206,0.5099739707171215,0.13085704141292503,0.35916898786995344
23207,0.0025479337723691396,0.003040289501938554,0.9944117767256924
23208,0.8452392912701368,0.014794864040431179,0.1399658446894321
23209,0.6924890487238554,0.1011221961300876,0.2063887551460571
23210,0.9070152469646375,0.0006081551454599894,0.09237659788990253
23211,0.8974034727369429,0.06468338069242871,0.037913146570628366
23212,0.5480066216469124,0.029558179011254685,0.4224351993418328
23213,0.07922641339967777,0.02564140875674045,0.8951321778435818
23214,0.8690939977946088,0.09515045800846955,0.03575554419692154
23215,0.9640688643934947,0.0035433296730115003,0.032387805933493885
23216,0.9793264045659408,0.0010526777398128736,0.019620917694246304
23217,0.9635442162462299,0.0007180361234783293,0.035737747630291805
23218,0.6756226494552362,0.027942633056440742,0.29643471748832306
23219,0.8578081588448869,0.048895494437808704,0.0932963467173042
23220,0.24456332209754728,0.020487532061504762,0.7349491458409478
23221,0.06492188319962752,0.0051714263841625835,0.9299066904162099
23222,0.9809092972839062,0.0006942463969821595,0.01839645631911157
23223,0.022451587756042776,0.0022497363433471684,0.97529867590061
23224,0.9797690802161718,0.0005712801470126458,0.01965963963681552
23225,0.2517290054151965,0.011024342722983445,0.73724665186182
23226,0.15568478280994955,0.013221827570522607,0.8310933896195278
23227,0.9838773776842302,0.004063498551566062,0.012059123764203716
23228,0.8683646784634849,0.0008153016135042915,0.13082001992301076
23229,0.2965518330044026,0.06164694980506007,0.6418012171905372
23230,0.9484619531478506,0.004717332966754644,0.04682071388539476
23231,0.7466541452603099,0.03324159229760247,0.22010426244208767
23232,0.12244198251474178,0.015763607623621934,0.8617944098616362
23233,0.04829558743810981,0.09469522663188283,0.8570091859300073
23234,0.5290386604257616,0.15709844381347096,0.31386289576076737
23235,0.03813886461873508,0.003784164934796353,0.9580769704464686
23236,0.8633731280436844,0.053377823477756235,0.08324904847855942
23237,0.396716625721734,0.0903397925923457,0.5129435816859204
23238,0.9859553290724904,0.007417080848859983,0.006627590078649722
23239,0.07502625904823677,0.002208644215378648,0.9227650967363845
23240,0.9718277536751816,0.008199522562272158,0.019972723762546243
23241,0.9499896483926472,0.006172715680726595,0.04383763592662636
23242,0.009343011960033263,0.0018673556493564805,0.9887896323906102
23243,0.07414752221135346,0.21258698438743712,0.7132654934012095
23244,0.9209696619167731,0.004274909073306937,0.07475542900992005
23245,0.9469868240268723,0.008904676949120484,0.0441084990240071
23246,0.696871333140116,0.06354757005671388,0.23958109680317016
23247,0.940526620034474,0.003383933436997676,0.05608944652852841
23248,0.9361186004149219,0.016061509211677167,0.04781989037340093
23249,0.8060232415449827,0.018963923580296277,0.1750128348747209
23250,0.9566405039171918,0.0032881329226500567,0.04007136316015803
23251,0.8586769978015442,0.0027571837027158376,0.13856581849573993
23252,0.9585953234591126,0.002510352483273087,0.03889432405761432
23253,0.7071091364022527,0.009388278421527126,0.2835025851762201
23254,0.9858421488500311,0.004247428753189785,0.009910422396779103
23255,0.9858925454766146,0.003581882295024066,0.010525572228361325
23256,0.9870581593038884,0.005764729596556473,0.007177111099554979
23257,0.7518685637666258,0.002996931612377441,0.2451345046209968
23258,0.9835993952133972,0.004601013747132071,0.011799591039470652
23259,0.9511627440923354,0.0035248528942930595,0.045312403013371555
23260,0.9742936965318851,0.00328818020145623,0.022418123266658662
23261,0.830486929649674,0.016489368487833986,0.15302370186249195
23262,0.9890551969041637,0.0006718005707101825,0.010273002525126109
23263,0.5606241308063464,0.13091255537101634,0.30846331382263725
23264,0.9245107763648989,0.0031649176078943414,0.07232430602720663
23265,0.7144570604593495,0.0015471047227626233,0.28399583481788776
23266,0.273934413029598,0.004316153161656423,0.7217494338087455
23267,0.03809438068492483,0.001509847098093979,0.9603957722169812
23268,0.9286540858669912,0.003914865571615425,0.06743104856139344
23269,0.9940344111733941,0.00044088578129635234,0.00552470304530957
23270,0.9955110176057286,0.0008848250618373038,0.003604157332434141
23271,0.924295707952214,0.026110667304556797,0.04959362474322905
23272,0.9655005658949415,0.0005761077590654394,0.033923326345992995
23273,0.04291784927621831,0.0004525129946936761,0.9566296377290879
23274,0.5404827760842071,0.10326934552674558,0.35624787838904737
23275,0.5101518303237419,0.046458387541078644,0.4433897821351794
23276,0.9907173212250706,0.0007451689299294393,0.00853750984499985
23277,0.0377959779315546,0.005874538977151475,0.956329483091294
23278,0.9844471256131953,0.0009760121464348641,0.014576862240369906
23279,0.2113621638749264,0.0034735289984137007,0.7851643071266599
23280,0.9100714024759372,0.014452634037448382,0.07547596348661435
23281,0.1422683467335612,0.004150013930926593,0.8535816393355122
23282,0.7573604497872592,0.008248104354873794,0.23439144585786695
23283,0.5307905496586537,0.07762634138796745,0.3915831089533787
23284,0.6164672675884636,0.01371533694635567,0.3698173954651808
23285,0.5536420442913979,0.0033574335719109686,0.44300052213669117
23286,0.4406669645649613,0.03445925068943244,0.5248737847456063
23287,0.9381214514930732,0.001898699005217418,0.05997984950170931
23288,0.9142669271426224,0.021137440603046027,0.06459563225433151
23289,0.6112649717303452,0.0022741548622301944,0.3864608734074245
23290,0.7060185418735091,0.001468184015713688,0.29251327411077727
23291,0.4135646622363699,0.0018170544961126352,0.5846182832675174
23292,0.9849362238873023,0.0013908528713119223,0.01367292324138579
23293,0.8403818606916613,0.006767729603075176,0.1528504097052635
23294,0.9606519553132455,0.0027911920104204367,0.03655685267633395
23295,0.9692375242939038,0.0013828251996363533,0.02937965050645988
23296,0.943707816547374,0.015354287092170736,0.040937896360455306
23297,0.9961571812254268,0.00032192708158071105,0.0035208916929922954
23298,0.8398553293912808,0.08421381290924418,0.07593085769947494
23299,0.901763373505791,0.046688884853177424,0.051547741641031534
23300,0.07264044254850659,0.011162922620731075,0.9161966348307623
23301,0.08879934035205304,0.0071594251736522,0.9040412344742947
23302,0.748729495260947,0.0067775591406233305,0.24449294559842968
23303,0.006483849124066473,0.0008228617529253029,0.9926932891230081
23304,0.32859147192184496,0.02341584243233587,0.6479926856458191
23305,0.9838822742934069,0.00031121280890251095,0.01580651289769061
23306,0.9492933768735179,0.0009867747546569113,0.04971984837182528
23307,0.6024513000691124,0.007721063906659706,0.3898276360242279
23308,0.9841390146167929,0.0027855572318918782,0.01307542815131528
23309,0.9449497782590869,0.02370345875382138,0.03134676298709176
23310,0.3051661711308937,0.02225296994176665,0.6725808589273398
23311,0.9618079389725687,0.004370401988317245,0.03382165903911409
23312,0.92951313094234,0.001403187855245587,0.06908368120241429
23313,0.08417263297151481,0.0023271178854416554,0.9135002491430436
23314,0.9803727584141003,0.004734096982113422,0.014893144603786258
23315,0.47794159591685526,0.0484210428009695,0.4736373612821754
23316,0.9518076226486246,0.0009411312260736527,0.047251246125301814
23317,0.05442803214778913,0.005665331491659198,0.9399066363605516
23318,0.3105369014963962,0.02658295955475236,0.6628801389488513
23319,0.8686448205610205,0.022819652544237165,0.10853552689474223
23320,0.9438576308437455,0.0014065733978376488,0.05473579575841692
23321,0.016218367290661454,0.003953738074667588,0.9798278946346709
23322,0.6505687609058163,0.010550608826037143,0.33888063026814663
23323,0.9743252383710724,0.003729586309121932,0.021945175319805523
23324,0.9803481137988997,0.0010031248778719726,0.018648761323228284
23325,0.7279630335165557,0.08044320624778019,0.19159376023566416
23326,0.9953658871877147,0.0006840698735294798,0.003950042938755848
23327,0.2648803405121432,0.003543593042551714,0.7315760664453052
23328,0.932565015050277,0.002885898523806641,0.06454908642591645
23329,0.9430869409402048,0.0012599945082637646,0.055653064551531364
23330,0.74602623321538,0.001011626015209577,0.2529621407694105
23331,0.9394145965888026,0.01572688393988246,0.044858519471314966
23332,0.8671243427599299,0.011746039207587242,0.12112961803248276
23333,0.9141744697676479,0.06472173187907458,0.021103798353277494
23334,0.9109079521443642,0.015578576845149827,0.07351347101048611
23335,0.9062328656232196,0.005085509011255502,0.08868162536552499
23336,0.8380165817866118,0.008263547997012559,0.15371987021637565
23337,0.5923339549795621,0.03747747763805225,0.37018856738238565
23338,0.9772364213902596,0.009474698708635668,0.013288879901104817
23339,0.9749130604929155,0.001544364623368865,0.023542574883715618
23340,0.949572339481526,0.0032144640537562206,0.047213196464717784
23341,0.9327073773730006,0.027151339175357673,0.040141283451641724
23342,0.9914128393574575,0.0029206987246044704,0.005666461917938095
23343,0.9726437820217718,0.0051474710016281705,0.022208746976600035
23344,0.9735657021228505,0.0018558150152550967,0.02457848286189424
23345,0.323360586650219,0.00612856006904358,0.6705108532807375
23346,0.7869086636391205,0.020834359443040393,0.19225697691783913
23347,0.029114883819185203,0.0034761236103211723,0.9674089925704936
23348,0.0036817566673247163,0.0006246816818665749,0.9956935616508088
23349,0.1667653298219844,0.004775898474453959,0.8284587717035616
23350,0.0034774183742716123,0.00046998702869436367,0.9960525945970341
23351,0.9754083092495599,0.0030602512109761918,0.021531439539463945
23352,0.38831018890267827,0.0006783765978638325,0.6110114344994578
23353,0.954748164288826,0.006298979013973061,0.0389528566972009
23354,0.007725052260632132,0.0005378601693751356,0.9917370875699928
23355,0.16621800569168443,0.0015371550221300377,0.8322448392861855
23356,0.9434190802673617,0.026021419215497797,0.030559500517140487
23357,0.994223673606812,0.001978895509459915,0.003797430883728207
23358,0.822111299915294,0.0038156515061595645,0.17407304857854644
23359,0.9538758015519397,0.0031463682702788116,0.042977830177781506
23360,0.14436559723395742,0.021544386098280414,0.8340900166677621
23361,0.6530017788249421,0.04835790645994896,0.2986403147151089
23362,0.156665675646023,0.022505562950931885,0.8208287614030451
23363,0.04517637312870451,0.009890985421299259,0.9449326414499963
23364,0.49426676397544494,0.043012823046478896,0.46272041297807615
23365,0.97811372497174,0.001564990408390117,0.02032128461986975
23366,0.4596612968027208,0.004917818633307615,0.5354208845639715
23367,0.7843688488376857,0.015215286422004247,0.20041586474031003
23368,0.9612791963286207,0.0009248138838004541,0.037795989787578844
23369,0.9211131336062015,0.004091019000018462,0.07479584739378005
23370,0.8021706198023111,0.005110783165181491,0.19271859703250738
23371,0.9248601972727948,0.0002426407369839902,0.07489716199022137
23372,0.26132584860129393,0.2686909976188572,0.4699831537798489
23373,0.6164713637756153,0.035358417557798845,0.34817021866658576
23374,0.0707975232113498,0.0161464214344131,0.9130560553542371
23375,0.9547501564341261,0.0045977247098993495,0.040652118855974584
23376,0.6258126722572537,0.006220105053696307,0.36796722268905
23377,0.47939740834977446,0.0493344688469377,0.47126812280328767
23378,0.33096392233081906,0.01267661354581764,0.6563594641233633
23379,0.02218046040654571,0.0009134982824619703,0.9769060413109923
23380,0.9545408766560406,0.001609188689072036,0.04384993465488746
23381,0.02632032881343958,0.006976415611140174,0.9667032555754201
23382,0.9655798018546339,0.00533921922063164,0.029080978924734466
23383,0.037685331441354435,0.004187324217523871,0.9581273443411218
23384,0.9640863554725045,0.0022344657318512295,0.03367917879564421
23385,0.5010619320764262,0.0419909786525096,0.4569470892710643
23386,0.9149027224676843,0.0018488357572741566,0.08324844177504132
23387,0.9867707531759214,0.001070601098349681,0.012158645725728816
23388,0.9380092991169693,0.0016982678835236415,0.06029243299950706
23389,0.93643390698482,0.004263536176104465,0.059302556839075524
23390,0.08472581202930543,0.002866139653010737,0.9124080483176839
23391,0.9254704911379402,0.00039050694005547453,0.07413900192200415
23392,0.39716529400235084,0.24069489871521982,0.3621398072824294
23393,0.9435917754318567,0.029146750759551112,0.02726147380859216
23394,0.7167904859999003,0.014403777647638734,0.26880573635246113
23395,0.3011162373908756,0.394697756800889,0.3041860058082353
23396,0.8069901530515246,0.0026437466625690163,0.1903661002859065
23397,0.8015197618982278,0.13295170203890713,0.06552853606286509
23398,0.9049398072997652,0.012375963387106271,0.08268422931312842
23399,0.9879642890044543,0.004021876131717803,0.008013834863827965
23400,0.9889215948460264,0.0012265665107673651,0.009851838643206219
23401,0.964292232447739,0.001985109385358495,0.033722658166902515
23402,0.9601551854508235,0.0014670192203247,0.03837779532885182
23403,0.9706880738973968,0.0019083191240299971,0.027403606978573164
23404,0.04850436597514868,0.0011652762469331294,0.9503303577779182
23405,0.923184781111863,0.013729347417047883,0.06308587147108913
23406,0.006277026082583794,0.0018756844657250834,0.9918472894516911
23407,0.7648928884249533,0.00478605744212491,0.2303210541329218
23408,0.9615208879649351,0.002418171067899374,0.03606094096716551
23409,0.912845966596781,0.014615314772384353,0.07253871863083473
23410,0.9641500498721289,0.0031503526280171356,0.03269959749985389
23411,0.8944969776478595,0.006449137624248186,0.09905388472789227
23412,0.29191277483132144,0.008921720921217747,0.6991655042474608
23413,0.9837918481138719,0.005066557931031678,0.011141593955096459
23414,0.9025012412361471,0.0021115365697230914,0.0953872221941299
23415,0.24495203909831031,0.08655124143526624,0.6684967194664234
23416,0.900248771250741,0.07034449988396177,0.029406728865297316
23417,0.06870147633836082,0.06121071156266647,0.8700878120989728
23418,0.04633378148459759,0.001626805932371001,0.9520394125830314
23419,0.9594175654644954,0.0030033175085786845,0.0375791170269259
23420,0.8505571811412829,0.047313370370166793,0.10212944848855036
23421,0.7412647757788426,0.008579476061534658,0.25015574815962266
23422,0.7012684388283308,0.012181617813243777,0.28654994335842554
23423,0.9507462503627855,0.0003050288905339228,0.048948720746680635
23424,0.9849460010796823,0.0009511555840526301,0.014102843336265151
23425,0.579124209811765,0.008257973579676673,0.4126178166085583
23426,0.38109284929991005,0.0349963056874592,0.5839108450126307
23427,0.9072258691078118,0.00020070995504069825,0.09257342093714761
23428,0.9640945432664778,0.007811303472578213,0.028094153260944065
23429,0.4517552313588527,0.03006747793600277,0.5181772907051446
23430,0.35590983052925257,0.015451829754265175,0.6286383397164823
23431,0.21458363695488117,0.02648289388658647,0.7589334691585324
23432,0.7176847496042146,0.01049099606451411,0.27182425433127133
23433,0.7506376945451709,0.11046063606285232,0.1389016693919766
23434,0.9733933031022104,0.0036309889456603607,0.022975707952129266
23435,0.8877407579928788,0.007184461409114078,0.10507478059800707
23436,0.5387359336126091,0.04603914040952127,0.41522492597786964
23437,0.9701081578515571,0.005820699646131712,0.024071142502311113
23438,0.9834450923962619,0.0008044401503010872,0.01575046745343713
23439,0.7959144615610118,0.010465875852306197,0.193619662586682
23440,0.9464701607658109,0.024017499180220628,0.02951234005396841
23441,0.9798452054410378,0.0024795997838699996,0.01767519477509217
23442,0.8017418299565084,0.004294291327664999,0.19396387871582652
23443,0.8219361519964753,0.0023616524896282074,0.17570219551389646
23444,0.6390746102803417,0.005726540009575104,0.3551988497100832
23445,0.9847311358517967,0.0008557463161151151,0.014413117832088098
23446,0.5202721909258217,0.08757480509954252,0.39215300397463565
23447,0.6535976023702474,0.009440082105879124,0.3369623155238734
23448,0.3472226057687474,0.0037325811472034925,0.6490448130840492
23449,0.981100528021864,0.0022706264609659668,0.01662884551717005
23450,0.9525363659178117,0.0009031704824411024,0.04656046359974722
23451,0.022394262570024342,0.000594161145520489,0.9770115762844552
23452,0.16921634451386144,0.4977696580827873,0.33301399740335136
23453,0.9556679044028151,0.02785098862536947,0.016481106971815478
23454,0.012421323093958922,0.007465935463043206,0.9801127414429979
23455,0.9847941621418368,0.007930127416457272,0.007275710441705969
23456,0.037440898856858924,0.002619143739577295,0.9599399574035637
23457,0.04423098191559697,0.00578388204317108,0.949985136041232
23458,0.9586781216569127,0.007329057407402559,0.0339928209356847
23459,0.5259458028943389,0.016317692761148875,0.45773650434451224
23460,0.04102292512111398,0.004655159519120517,0.9543219153597655
23461,0.6753770703600294,0.009773305395200356,0.3148496242447703
23462,0.9938009102396144,0.00012643715950425697,0.006072652600881427
23463,0.39356840923634245,0.01663855719389421,0.5897930335697633
23464,0.9676254374563108,0.001493541089391066,0.030881021454298167
23465,0.9461798465964375,0.012457982509090838,0.041362170894471605
23466,0.8763815930876176,0.07908635543278841,0.04453205147959386
23467,0.9771960620273917,0.0006116628712257888,0.022192275101382445
23468,0.06454038196879805,0.014476410937746268,0.9209832070934557
23469,0.4135988982710661,0.5160225513020134,0.07037855042692048
23470,0.0025388588351858204,0.00043470538647349575,0.9970264357783407
23471,0.0005419952996574338,0.00039368552982937195,0.9990643191705132
23472,0.9601126750775884,0.006794670543043727,0.03309265437936787
23473,0.9900437120878611,0.00014028322389534736,0.009816004688243453
23474,0.9753614354010463,0.0013429168898853045,0.023295647709068532
23475,0.04763691995421468,0.01692968912055733,0.935433390925228
23476,0.6974116028344522,0.002873495833674626,0.2997149013318732
23477,0.19065450265952485,0.042564267717239083,0.7667812296232361
23478,0.9722603885018077,0.007533970611853708,0.020205640886338493
23479,0.9819816644723594,0.00077855384054956,0.017239781687091088
23480,0.9864415174767392,0.0007972654710573646,0.012761217052203382
23481,0.9591711747624829,0.005014075181522874,0.03581475005599421
23482,0.899730538802768,0.010702838173776869,0.08956662302345515
23483,0.06209242988162317,0.002101324921932932,0.935806245196444
23484,0.48956055506173735,0.06299326115252311,0.4474461837857395
23485,0.0009296529906129531,0.00021753689165758148,0.9988528101177295
23486,0.9230021396328975,0.011485261819600365,0.0655125985475023
23487,0.9129960358739441,0.01690947941921595,0.07009448470684
23488,0.32096733575207653,0.029586637475816385,0.6494460267721072
23489,0.7305114410870706,0.0075832552336178765,0.26190530367931164
23490,0.4210345437845763,0.119002614808548,0.45996284140687566
23491,0.976817063265885,0.001318112954076986,0.021864823780037828
23492,0.9691034473882438,0.002647825828409229,0.028248726783346893
23493,0.9470310004174224,0.005749138373610213,0.04721986120896738
23494,0.3712914471658824,0.0014583163324008927,0.6272502365017165
23495,0.12965636821508122,0.03141032841274409,0.8389333033721748
23496,0.9424006683216328,0.0006369104120470049,0.05696242126632011
23497,0.9870094955246544,0.000874733789833757,0.0121157706855119
23498,0.9722058701401121,0.0021709421870415393,0.025623187672846385
23499,0.8004887922230597,0.06741495289957958,0.13209625487736085
23500,0.012834808495557608,0.0005227656242509066,0.9866424258801915
23501,0.9473795249597595,0.01665061349002266,0.035969861550217835
23502,0.6430014062587173,0.009131396086045856,0.347867197655237
23503,0.06980386373457188,0.0014229935059979085,0.9287731427594301
23504,0.9765002767829354,0.0016224450308035964,0.021877278186261055
23505,0.910721389239739,0.003820721279408842,0.08545788948085209
23506,0.9934161893589103,0.0006052512553028786,0.0059785593857868006
23507,0.12024733024856281,0.08927901319906241,0.7904736565523748
23508,0.9948522674678503,0.0013062786966447758,0.003841453835504971
23509,0.060280381108935265,0.009284683449112669,0.9304349354419521
23510,0.0067873057807525065,0.0007579379210607093,0.9924547562981867
23511,0.5087573171902652,0.012427356403564963,0.47881532640616975
23512,0.9864740028310202,0.002849395157106197,0.01067660201187352
23513,0.06805908128182282,0.01043582501490931,0.9215050937032678
23514,0.9820586845329344,0.005352294338002185,0.012589021129063361
23515,0.7081075739767765,0.015715659297269598,0.276176766725954
23516,0.32073685890163484,0.006452683701927947,0.6728104573964373
23517,0.9160868568368195,0.017481022155686365,0.0664321210074941
23518,0.9288013473371814,0.0002515986093807919,0.07094705405343772
23519,0.8628474464521495,0.0007641714214121098,0.13638838212643825
23520,0.9542616543600537,0.029710662649925345,0.016027682990020935
23521,0.9816260158794894,0.008898099587001449,0.009475884533509178
23522,0.8573467175689867,0.014351616253811726,0.1283016661772015
23523,0.40267441509192925,0.0184087700581992,0.5789168148498716
23524,0.6683777610651536,0.03705124899505339,0.2945709899397929
23525,0.9642734191205702,0.008715391588501868,0.02701118929092804
23526,0.8154166372919242,0.0019143858764035049,0.18266897683167233
23527,0.866410452622111,0.00019454905739613878,0.1333949983204928
23528,0.8852465107770429,0.0061381124041004365,0.1086153768188567
23529,0.7743072042542019,0.15124338211977545,0.07444941362602273
23530,0.47338636078636115,0.02413370122248595,0.5024799379911529
23531,0.9615308201805535,0.0001678948165002744,0.03830128500294632
23532,0.05174336026250767,0.005275728577396218,0.9429809111600962
23533,0.27408463688612567,0.08570122990547306,0.6402141332084014
23534,0.01918228836908809,0.09043083812958218,0.8903868735013297
23535,0.9423260254013863,0.000844591000282766,0.05682938359833088
23536,0.12046848580195639,0.0009408896656240775,0.8785906245324197
23537,0.11284409229847388,0.004569162436200472,0.8825867452653257
23538,0.18851283591425194,0.008026996270156933,0.8034601678155912
23539,0.2458530544434221,0.1704124270830032,0.5837345184735748
23540,0.9678905784181344,0.004092260687193566,0.028017160894671937
23541,0.9953218670335899,9.999938215668895e-05,0.004578133584253334
23542,0.9299323626094774,0.003048899743053356,0.06701873764746924
23543,0.07874092353048683,0.009155559473723575,0.9121035169957895
23544,0.7958117585768917,0.0032619956339262446,0.20092624578918206
23545,0.7606378657674516,0.20381128902789825,0.0355508452046501
23546,0.9692655665077238,0.0015468480637220033,0.029187585428554146
23547,0.9934915486545719,0.0017261729058461015,0.004782278439582029
23548,0.9668985641404514,0.0014765199873596577,0.03162491587218884
23549,0.7300322233997562,0.0030152919128870865,0.2669524846873568
23550,0.057535753271862534,0.0037628140690483705,0.938701432659089
23551,0.9689008503776404,0.009216276328713949,0.021882873293645615
23552,0.9064599751133464,0.003117856984606234,0.09042216790204739
23553,0.8389952092319125,0.011146438076040323,0.14985835269204711
23554,0.760128952107142,0.013000090847495245,0.2268709570453627
23555,0.9663287634810735,0.004244280701223455,0.02942695581770306
23556,0.9773427340085701,0.008001104165752589,0.014656161825677284
23557,0.009092793494985537,0.01710489417853584,0.9738023123264787
23558,0.9150487836140938,0.003416479919049299,0.08153473646685684
23559,0.9675147699584649,0.0030993795504651632,0.029385850491069874
23560,0.05193791027246641,0.002010395729189186,0.9460516939983444
23561,0.875324667862043,0.010531316085227222,0.11414401605272982
23562,0.7878426169949395,0.004939438637241321,0.2072179443678191
23563,0.9348251919096783,0.019044076100990275,0.04613073198933137
23564,0.9474562573295677,0.013688984406395105,0.03885475826403731
23565,0.06856193565517889,0.0011309699931911503,0.9303070943516301
23566,0.9703860756191577,0.0021459495950259073,0.027467974785816307
23567,0.9540618192922077,0.0036490616615388735,0.042289119046253335
23568,0.186928953847157,0.0012728892675643473,0.8117981568852786
23569,0.9728860935301252,0.0009135944492175114,0.02620031202065736
23570,0.620728145213282,0.07653538335516727,0.3027364714315508
23571,0.9259562751853427,0.00621767092477977,0.06782605388987747
23572,0.9711133732703854,0.013664937699632708,0.015221689029982003
23573,0.9884368397712188,0.004511743493117222,0.007051416735664039
23574,0.8461783143488661,0.05689777333359852,0.0969239123175354
23575,0.8656756835776379,0.04120192644181437,0.09312238998054764
23576,0.43616162220017685,0.1458271848079674,0.41801119299185585
23577,0.9878797638299722,0.0004205269040913192,0.011699709265936574
23578,0.864468954559913,0.03231994894069374,0.10321109649939314
23579,0.5216176720271741,0.007324228229355668,0.4710580997434702
23580,0.03482916042136068,0.019837765948754704,0.9453330736298846
23581,0.9920854028970992,0.0007947877190199459,0.007119809383880803
23582,0.32038870374250844,0.014833666200104293,0.6647776300573873
23583,0.08638480971531051,0.004161000279565346,0.9094541900051242
23584,0.42108312814363436,0.047406694484164597,0.531510177372201
23585,0.677478374388147,0.007074776283930226,0.31544684932792283
23586,0.9777646751773033,0.0002078646914412884,0.022027460131255408
23587,0.7416809319111733,0.014593731303048103,0.24372533678577854
23588,0.003328815774299087,0.00042590647019652417,0.9962452777555044
23589,0.17595349738176627,0.015999950301774712,0.808046552316459
23590,0.4975692881590188,0.42825863549423837,0.0741720763467428
23591,0.9794317306038425,0.002640750268150076,0.017927519128007496
23592,0.9304376533727632,0.05028485670195636,0.019277489925280507
23593,0.9711316876350988,0.004690574594161737,0.024177737770739477
23594,0.8798180027775881,0.05518271888673656,0.06499927833567523
23595,0.2513705390142833,0.0016144449218280718,0.7470150160638885
23596,0.814595958872116,0.029617519617128104,0.15578652151075592
23597,0.9865525033911929,0.0006384804185030675,0.012809016190304019
23598,0.9747448557612851,0.01135189017019453,0.013903254068520261
23599,0.9323616035465891,0.0006530101229807034,0.06698538633043008
23600,0.5377545090701834,0.004174834617244805,0.4580706563125718
23601,0.9545433089787859,0.0024239121557560143,0.0430327788654581
23602,0.9914818512513156,0.001221003598732956,0.0072971451499513965
23603,0.9346006499091543,0.014900158503164588,0.05049919158768121
23604,0.9784748216312883,0.006507867837174793,0.015017310531536881
23605,0.7037286036108749,0.0019845135807104192,0.2942868828084147
23606,0.8194961388225387,0.0028002879594488522,0.17770357321801233
23607,0.9343870503714711,0.04560724783479989,0.020005701793729024
23608,0.9597389966098335,0.009455720768231934,0.03080528262193449
23609,0.8516395688105567,0.019752234233540805,0.12860819695590242
23610,0.9176730109805304,0.006844951682188111,0.07548203733728139
23611,0.9532114922852712,0.005381393518053954,0.041407114196674914
23612,0.9346693558024702,0.00039684323877609056,0.06493380095875359
23613,0.2890324593306338,0.008327978339041349,0.7026395623303248
23614,0.9881783391166605,0.0005510812896460757,0.01127057959369347
23615,0.7105678773404475,0.02317344160264132,0.2662586810569112
23616,0.9497933219301691,0.004145964197773041,0.04606071387205785
23617,0.9617574378369814,0.005613320989403165,0.03262924117361544
23618,0.9919445068357083,0.00019163081182343913,0.007863862352468113
23619,0.743368872133675,0.0035504394964977304,0.2530806883698274
23620,0.9278127184429523,0.0006887956883928693,0.0714984858686549
23621,0.6587600195272365,0.021567866691342925,0.31967211378142063
23622,0.9775164365239447,0.001937191619742076,0.020546371856313236
23623,0.9788242026555055,0.0063833065956351185,0.014792490748859357
23624,0.9476364438123611,0.0013904073443100247,0.050973148843328916
23625,0.8603167225792089,0.007099249358181241,0.13258402806260983
23626,0.9148920880166339,0.004835353700321816,0.08027255828304428
23627,0.26936011662770715,0.09352862369238865,0.6371112596799041
23628,0.22513783198995257,0.019499341012219673,0.7553628269978278
23629,0.9564988771158774,0.004076304111558601,0.039424818772563895
23630,0.03840595892558765,0.113892549882151,0.8477014911922613
23631,0.06749725310241256,0.003732081589704085,0.9287706653078833
23632,0.9902161743858676,0.0006519144920475868,0.009131911122084689
23633,0.05875219483019434,0.0008638232328857373,0.94038398193692
23634,0.8333065564280558,0.015504508712705286,0.1511889348592389
23635,0.6799623406832906,0.07766017757927375,0.24237748173743556
23636,0.9174390003126534,0.011094436682585035,0.0714665630047616
23637,0.7522983910880465,0.012055354908626945,0.23564625400332642
23638,0.9509684724027027,0.002665484735550212,0.046366042861747156
23639,0.9665042248138888,0.0030570794391348113,0.03043869574697639
23640,0.7771271704066766,0.0012935735756941776,0.22157925601762926
23641,0.04837421385422262,0.002864017500567448,0.9487617686452098
23642,0.31403625773872723,0.008299233979423233,0.6776645082818494
23643,0.979279322411521,0.012934863482510382,0.007785814105968617
23644,0.9904906007590812,0.001503065935593511,0.008006333305325257
23645,0.20733646289101731,0.0019228523078045135,0.7907406848011781
23646,0.6758322557584184,0.0015856711744058538,0.3225820730671758
23647,0.9294761290590073,0.04372501440148323,0.02679885653950947
23648,0.9684694051564239,0.0077496006528464155,0.02378099419072972
23649,0.9774460567910848,0.0025339487792141063,0.020019994429701107
23650,0.9846497028495549,0.006829346523380102,0.008520950627065023
23651,0.8649892504225932,0.0008521869346056519,0.1341585626428011
23652,0.8649781128604588,0.03918482466698328,0.09583706247255791
23653,0.6360966875663734,0.016572953185220715,0.3473303592484059
23654,0.8709096791562297,0.002494694173326616,0.12659562667044372
23655,0.7951506175188339,0.009159776577687486,0.19568960590347872
23656,0.9804092873011147,0.003892718941868738,0.015697993757016606
23657,0.9935983402900141,0.0024005193990741173,0.004001140310911683
23658,0.9473488608773154,0.0008853541211378871,0.051765785001546674
23659,0.620632875357908,0.001663390983027407,0.3777037336590648
23660,0.9891367220338818,0.0012836969261343985,0.009579581039983817
23661,0.6456874326005888,0.01652879661653532,0.3377837707828758
23662,0.9523886626098178,0.027213493207404547,0.020397844182777725
23663,0.02966355681735642,0.0004905486800792564,0.9698458945025643
23664,0.9884657201736262,0.003733305188420942,0.007800974637952998
23665,0.1604940247677011,0.06689060174261727,0.7726153734896816
23666,0.9480855434661427,0.002871808859406973,0.04904264767445044
23667,0.9098165139639236,0.0010989407801424913,0.0890845452559339
23668,0.9277973574357515,0.0018623731982165864,0.07034026936603202
23669,0.9668318892427404,0.00032412620966781696,0.03284398454759162
23670,0.2901221623425038,0.4475687821791613,0.262309055478335
23671,0.7084410875432616,0.23884300672560801,0.05271590573113024
23672,0.9730835351667168,0.010146159951339254,0.01677030488194399
23673,0.9161800622946592,0.03384362855408489,0.049976309151256004
23674,0.9561156254479797,0.028658644567419525,0.01522572998460073
23675,0.959272808225814,0.003702244173059767,0.03702494760112631
23676,0.9556764837975686,0.0018212878598327551,0.04250222834259869
23677,0.27521279320660597,0.017966827082282033,0.7068203797111119
23678,0.09826023503435409,0.042731721552058406,0.8590080434135876
23679,0.9789744062478831,0.0008672647550749889,0.020158328997041893
23680,0.03964669066349046,0.0032748276066422812,0.9570784817298673
23681,0.8608916682015696,0.002596156819379346,0.13651217497905097
23682,0.6847699946352698,0.039114215455485365,0.27611578990924496
23683,0.892279389124822,0.009334118735270402,0.09838649213990765
23684,0.757234235809847,0.0014245144570870798,0.24134124973306598
23685,0.10449063417759062,0.10350016049261851,0.7920092053297909
23686,0.14846947991609485,0.04935801424350981,0.8021725058403953
23687,0.9943433068484221,0.0005038074012364059,0.005152885750341571
23688,0.016448789713777934,0.0013630313961305945,0.9821881788900915
23689,0.05361393676743612,0.2820821496917116,0.6643039135408523
23690,0.5719872949163809,0.02426175130552294,0.40375095377809617
23691,0.07335523453792309,0.003559765880648515,0.9230849995814284
23692,0.2106941195054396,0.007631727173953355,0.7816741533206071
23693,0.02507804002629046,0.001113264585526163,0.9738086953881834
23694,0.8100301568830236,0.035677246146817714,0.15429259697015857
23695,0.7596269875173219,0.001728634515802143,0.2386443779668759
23696,0.9347511497378054,0.014795300714767754,0.050453549547426896
23697,0.7426010066657187,0.2412702509368124,0.016128742397468875
23698,0.9685726486593936,0.0009254383564095562,0.030501912984196734
23699,0.9901395244065246,0.00074352239140857,0.009116953202066711
23700,0.019071224580904666,0.005091006449311171,0.9758377689697841
23701,0.9563209823765966,0.011582528389637655,0.032096489233765804
23702,0.3100768213728819,0.0028151418445422783,0.6871080367825758
23703,0.8134283207060792,0.13063064711414088,0.05594103217977997
23704,0.9496882774899945,0.002114969623403721,0.04819675288660177
23705,0.9698605242480548,0.005714625278394428,0.024424850473550738
23706,0.9658218124289448,0.003538573466207638,0.030639614104847564
23707,0.9316754717781864,0.005478975544326281,0.06284555267748726
23708,0.9776982063689108,0.012574346211200646,0.009727447419888718
23709,0.8858535152516361,0.016533970415744344,0.0976125143326195
23710,0.008402196866990301,0.0010154092279150934,0.9905823939050946
23711,0.9236335413820029,0.0008490515386793271,0.07551740707931764
23712,0.9036838712538077,0.007850807108522193,0.08846532163767012
23713,0.9467994159766994,0.0016462752746132354,0.05155430874868741
23714,0.9286030879243543,0.0037256751927873134,0.06767123688285835
23715,0.2239419028695784,0.01178803085174412,0.7642700662786776
23716,0.4127323588023918,0.0024045815966844642,0.5848630596009238
23717,0.8125447521172195,0.007799490580308421,0.17965575730247188
23718,0.9760929666735481,0.0004325291664806482,0.0234745041599713
23719,0.9827064726302339,0.0010622434029597333,0.016231283966806294
23720,0.30883962556589123,0.051420401017432775,0.639739973416676
23721,0.9803821402032703,0.0030859830591402947,0.016531876737589362
23722,0.9013786314965315,0.011301051193305867,0.08732031731016258
23723,0.9941486323662493,9.999736727409212e-05,0.005751370266476516
23724,0.7732104638929727,0.004961842377326218,0.22182769372970118
23725,0.9405889973958914,0.036610550776522824,0.0228004518275859
23726,0.9839921099855444,0.006020395695039003,0.0099874943194166
23727,0.9217129273594024,0.0018162404380993584,0.07647083220249831
23728,0.9683793843056153,0.001480154765671134,0.03014046092871367
23729,0.945253282826161,0.03740030111328001,0.01734641606055917
23730,0.768763830723539,0.001437006947513355,0.2297991623289476
23731,0.2148824701128311,0.06004142563863387,0.7250761042485351
23732,0.925983072701741,0.007185639142048395,0.06683128815621062
23733,0.9820577576916236,0.003469894644410337,0.014472347663966106
23734,0.09250095408836698,0.04009503909796901,0.867404006813664
23735,0.9937483776680607,0.001051382969872064,0.005200239362067175
23736,0.9750602160761066,0.0010462554774209266,0.02389352844647247
23737,0.9887276009453321,0.0006423208262885858,0.010630078228379254
23738,0.98604442730851,0.004329612649292169,0.009625960042197691
23739,0.6204596679538729,0.0030788524042078404,0.3764614796419194
23740,0.12943339790651429,0.01473142238391038,0.8558351797095753
23741,0.42815348439134404,0.026817035884977098,0.5450294797236789
23742,0.8723541161923004,0.00263897537331131,0.12500690843438816
23743,0.7645729418753674,0.005264883483702259,0.23016217464093036
23744,0.5058765552356543,0.01146148290261715,0.4826619618617286
23745,0.9971013553578495,0.00019770622661056657,0.002700938415539852
23746,0.0576675385317382,0.05174047934204576,0.8905919821262159
23747,0.7338354333807721,0.013529978910796206,0.25263458770843183
23748,0.9123894293992347,0.032787560241104664,0.05482301035966071
23749,0.014011617761518233,0.006282479238291917,0.9797059030001898
23750,0.8938402546114086,0.00813249018323126,0.0980272552053601
23751,0.9645472406976511,0.002381298166713983,0.03307146113563487
23752,0.2139299538594226,0.02316865924538229,0.7629013868951952
23753,0.9581219837091688,0.0008499840105402676,0.041028032280290956
23754,0.7282609613513337,0.008444793015662075,0.26329424563300435
23755,0.9463185842163337,0.007024853559068558,0.046656562224597624
23756,0.8692282839394088,0.06976564349984292,0.061006072560748255
23757,0.08756986116040907,0.008638143531018492,0.9037919953085725
23758,0.03361494531548623,0.009874326129896627,0.9565107285546172
23759,0.6202822440432127,0.0027525200484524786,0.37696523590833464
23760,0.8297929183851226,0.010807347690448867,0.15939973392442863
23761,0.01616032858114593,0.0019580501045499722,0.981881621314304
23762,0.9454352246603623,0.00031713702385931475,0.054247638315778404
23763,0.9673294970051183,0.0107697767134584,0.021900726281423356
23764,0.943146521730223,0.016872053165455436,0.03998142510432158
23765,0.6150670831582786,0.01332459814789813,0.37160831869382327
23766,0.8365411625913722,0.1300744622490248,0.033384375159603095
23767,0.16573532878857034,0.013055417277535725,0.821209253933894
23768,0.9421214611250849,0.0020732543602374636,0.05580528451467765
23769,0.9826482822937546,0.0002818073677185308,0.01706991033852692
23770,0.7146197902002537,0.03232394382549133,0.25305626597425496
23771,0.8462019836389401,0.06317434537190987,0.09062367098915013
23772,0.9490452873915102,0.02150849036491715,0.02944622224357264
23773,0.3429519757756978,0.4431424348249919,0.2139055893993102
23774,0.08523059531135989,0.11878320481619631,0.7959861998724438
23775,0.6087547479956228,0.01821763802348988,0.37302761398088735
23776,0.0487415536611998,0.0024544828186334445,0.9488039635201668
23777,0.7166488185088645,0.008919253352349825,0.27443192813878564
23778,0.9000185844649771,0.0006447563288586914,0.0993366592061642
23779,0.9258217013304121,0.013783611701715869,0.06039468696787192
23780,0.7824531646264751,0.007039115786794519,0.2105077195867304
23781,0.08966887846988658,0.006704130072929099,0.9036269914571844
23782,0.5066610060297991,0.001626196226620718,0.4917127977435802
23783,0.6306828354752889,0.006253971125670448,0.36306319339904053
23784,0.9802058841062341,0.00014646980717085745,0.019647646086594934
23785,0.9202725421105887,0.008620973788446321,0.07110648410096494
23786,0.24099487871937353,0.010372914085951543,0.7486322071946749
23787,0.29945928962968016,0.2693094845611022,0.43123122580921763
23788,0.9666468124079105,0.002695179276393132,0.030658008315696324
23789,0.7338728581547778,0.004468514242836722,0.2616586276023855
23790,0.9316973573362953,0.0025039598565586,0.06579868280714604
23791,0.9828438955972625,0.00045834988101382026,0.01669775452172357
23792,0.4656314231503907,0.002776194559066779,0.5315923822905426
23793,0.9772121099288775,0.00827517808858538,0.014512711982537245
23794,0.16604230104631426,0.016147026793900784,0.817810672159785
23795,0.9699796976807215,0.0015338239614747311,0.028486478357803848
23796,0.9644764942354579,0.003945283482468481,0.031578222282073576
23797,0.9507743233885673,0.012735025349990286,0.03649065126144236
23798,0.6872690771181063,0.027244356165396336,0.2854865667164974
23799,0.9131089042007922,0.0020954394563292155,0.08479565634287854
23800,0.09603224992402216,0.0017744342282867928,0.902193315847691
23801,0.7186275877045446,0.028449939091054265,0.25292247320440114
23802,0.9163238551631118,0.028372659678686844,0.05530348515820141
23803,0.9543693894587235,0.0011948701688741135,0.04443574037240249
23804,0.3218271029874683,0.015377136921576008,0.6627957600909556
23805,0.9825083099437659,0.004707184533221898,0.012784505523012227
23806,0.982868173144471,0.0002740275437703001,0.016857799311758934
23807,0.3023757946786876,0.012017966548688091,0.6856062387726243
23808,0.8990753072304185,0.01944126489459831,0.08148342787498324
23809,0.004081470531381208,0.0003971775931236775,0.9955213518754951
23810,0.5700038010486667,0.06726278592572602,0.36273341302560735
23811,0.8597561165742721,0.08024327925973153,0.06000060416599626
23812,0.9472164725064666,0.0024134378234542757,0.05037008967007912
23813,0.9354325055420356,0.013653092096754192,0.0509144023612103
23814,0.9270941881895827,0.015135342993589032,0.05777046881682825
23815,0.904497604748441,0.037387566490706445,0.05811482876085265
23816,0.6957964127341367,0.012430820274504026,0.2917727669913591
23817,0.9391341905001497,0.004436784277933459,0.05642902522191679
23818,0.5227813558888259,0.20563497196865518,0.27158367214251883
23819,0.8897709706804515,0.09521771601690832,0.015011313302640052
23820,0.9840473071969652,0.0005536556660855839,0.01539903713694924
23821,0.012507449937878529,0.008005827337898189,0.9794867227242233
23822,0.18310901927008771,0.009351947453898213,0.807539033276014
23823,0.5232896288989113,0.006201928200116455,0.4705084429009722
23824,0.12832156235516567,0.022136418350481083,0.8495420192943532
23825,0.9929481608827793,0.0030545378577961154,0.003997301259424828
23826,0.8510104049789382,0.08023224104977918,0.06875735397128269
23827,0.9572181018060439,0.00411044848916854,0.03867144970478755
23828,0.7094401728539327,0.004599823667487616,0.2859600034785798
23829,0.5777382175693078,0.008493527390654149,0.41376825504003806
23830,0.8497896179193878,0.008100685699241167,0.14210969638137103
23831,0.9589306600585096,0.03602513645325117,0.005044203488239147
23832,0.876330239427352,0.006103609293391243,0.11756615127925682
23833,0.9584302848330332,0.00033954060720833173,0.04123017455975839
23834,0.9554402850609743,0.022144966906766286,0.02241474803225926
23835,0.1817493775085928,0.006532589563848571,0.8117180329275586
23836,0.0018296948879801154,0.00036278576065151857,0.9978075193513684
23837,0.9664374219595565,0.0033846825248272463,0.03017789551561636
23838,0.8093338100272761,0.0038452203472697276,0.1868209696254542
23839,0.012022433380638096,0.013083361888890753,0.9748942047304712
23840,0.880347186633898,0.009157430618702866,0.11049538274739915
23841,0.9591430931173878,0.0006555118486797722,0.040201395033932434
23842,0.0016798771814404531,9.999501476135065e-05,0.9982201278037983
23843,0.9086814431095559,0.0006511959090334683,0.09066736098141073
23844,0.8952578122288086,0.013866173087850368,0.09087601468334101
23845,0.9814792630290149,0.006525758682488706,0.011994978288496442
23846,0.01150302352706353,0.0030630090206423422,0.9854339674522941
23847,0.1219167281233649,0.04546323981164859,0.8326200320649866
23848,0.010266419761762744,0.0037775143401113077,0.9859560658981259
23849,0.45337158668336214,0.1990215218088999,0.3476068915077378
23850,0.9506316759771828,0.026450637027552116,0.022917686995265106
23851,0.41412822720224207,0.04249264840983395,0.543379124387924
23852,0.9030731428780144,0.010846931399051834,0.08607992572293373
23853,0.7034708437476008,0.004924254025996791,0.29160490222640234
23854,0.24132422733935308,0.0011137858267756787,0.7575619868338712
23855,0.6721670083315783,0.031903938762467485,0.2959290529059542
23856,0.8929643322756661,0.02531134418507487,0.08172432353925897
23857,0.9121274645687191,0.07785973437438985,0.010012801056891172
23858,0.8760104210800711,0.004050367372572007,0.11993921154735682
23859,0.90792062698583,0.0023287251273994823,0.08975064788677059
23860,0.9246827141103233,0.003851175774271997,0.07146611011540477
23861,0.9218828259088464,0.0030951899973613493,0.07502198409379215
23862,0.9920785241249497,0.0015776562621616895,0.0063438196128885686
23863,0.6830109614745651,0.05514211450381153,0.2618469240216233
23864,0.9631574124007536,0.0010424371691888153,0.03580015043005761
23865,0.9508260481191078,0.003588524962423379,0.0455854269184687
23866,0.9723853646638272,0.0017737429615817613,0.02584089237459107
23867,0.6616835321036763,0.009170804899109033,0.32914566299721476
23868,0.9163804032313168,0.008833898059129715,0.07478569870955362
23869,0.10780599466268989,0.06847522206801165,0.8237187832692985
23870,0.9838104430144938,0.0013507322915239052,0.014838824693982311
23871,0.048751786285146474,0.0045275732392478125,0.9467206404756058
23872,0.9378660749679149,0.002427214749673741,0.05970671028241133
23873,0.05877765532861692,0.0018021528802676292,0.9394201917911154
23874,0.9826012112647157,0.0006153060360243977,0.016783482699259892
23875,0.936997602675408,0.00824871887180091,0.0547536784527911
23876,0.017575306584169528,0.004865841346089028,0.9775588520697415
23877,0.8491266298209706,0.004147335437980699,0.1467260347410487
23878,0.13469146575690738,0.026241159832840498,0.8390673744102521
23879,0.6398562685565685,0.01712102451517064,0.3430227069282607
23880,0.5406786986466607,0.0244778344378633,0.4348434669154761
23881,0.02223251661415089,0.004404418208442271,0.9733630651774069
23882,0.008158364680350383,0.0022249299941369035,0.9896167053255127
23883,0.9293246501782161,0.0020850852382216043,0.06859026458356246
23884,0.052372923586866287,0.010807516177819354,0.9368195602353143
23885,0.9385444673018515,0.02046740219336546,0.04098813050478301
23886,0.9217529518835896,0.013938689325016561,0.06430835879139385
23887,0.4168068277254152,0.245897849403686,0.3372953228708988
23888,0.9628383591484867,0.0016055761358114951,0.035556064715701906
23889,0.9659516839264434,0.021189520114817492,0.012858795958739167
23890,0.7971818574853922,0.008357602758650318,0.19446053975595762
23891,0.8384258353610127,0.05845521940778171,0.1031189452312056
23892,0.8304842519536717,0.00640866024588063,0.1631070878004476
23893,0.9771512921630098,0.011794075856505002,0.011054631980485275
23894,0.9754389277725571,0.00041320040408363175,0.02414787182335919
23895,0.28856391021405015,0.026965526612178405,0.6844705631737715
23896,0.9407144269109132,0.017780617800934543,0.041504955288152186
23897,0.22399744135491273,0.010285046425885219,0.7657175122192021
23898,0.9857372570854944,0.004838894511779305,0.009423848402726207
23899,0.1822603700403142,0.0021180938189853376,0.8156215361407005
23900,0.7357416283078652,0.013950834752420403,0.2503075369397143
23901,0.884769613954365,0.008620558570489475,0.1066098274751456
23902,0.8803710047208009,0.00817963477146097,0.1114493605077381
23903,0.5431276482757631,0.006433427937929904,0.4504389237863069
23904,0.7066415596156864,0.006429276416537936,0.28692916396777574
23905,0.6399607225354191,0.10962034407282613,0.25041893339175486
23906,0.9802139478320459,0.006580262871049801,0.01320578929690438
23907,0.9260177155804379,0.009594963634117814,0.06438732078544437
23908,0.0025941706548887446,9.99981563726068e-05,0.9973058311887386
23909,0.9774488828372038,0.00047455563944911555,0.022076561523347183
23910,0.9745804635219877,0.002683007044031083,0.02273652943398124
23911,0.9852185685598247,0.007760105541154157,0.007021325899021063
23912,0.11040312655562516,0.027274860928755775,0.862322012515619
23913,0.0055126108283535665,0.0004852630489900011,0.9940021261226565
23914,0.9681541401017271,0.004731824010560708,0.027114035887712235
23915,0.9394157817334637,0.006946782281973154,0.05363743598456313
23916,0.9716783915434005,0.00011715473502512224,0.028204453721574405
23917,0.772739109531883,0.015374725403645812,0.21188616506447122
23918,0.9749168599086007,0.001974158442277975,0.023108981649121278
23919,0.0215715982015978,0.0028323910128938003,0.9755960107855084
23920,0.17936098551205185,0.06996639615804268,0.7506726183299054
23921,0.9874251187171492,0.0012292661748309313,0.011345615108019874
23922,0.035762779660051015,0.010253459921070527,0.9539837604188784
23923,0.9776741870606546,0.0047220582539773725,0.01760375468536817
23924,0.9778454973250138,0.0032802240067804577,0.01887427866820572
23925,0.18144805842629708,0.011746104369593639,0.8068058372041094
23926,0.011877514323340577,0.0021962874371009625,0.9859261982395585
23927,0.9792330834435137,0.003729382400813953,0.017037534155672347
23928,0.9863692106976496,0.00028503134301170594,0.013345757959338568
23929,0.3888187583879229,0.009815488072471634,0.6013657535396054
23930,0.6571139426775977,0.012200965639644986,0.3306850916827574
23931,0.9337080918808595,0.015366938563980264,0.05092496955516027
23932,0.08375092335084275,0.005033468759522876,0.9112156078896343
23933,0.04651028228395288,0.0012724512008392475,0.952217266515208
23934,0.8302499914134323,0.008482953818030322,0.1612670547685375
23935,0.9644817633058786,0.00151609205250509,0.034002144641616217
23936,0.7794061805668021,0.00785062307427508,0.21274319635892286
23937,0.9627489157028051,0.012344671123960154,0.024906413173234866
23938,0.9224531672609239,0.013933800341350276,0.06361303239772582
23939,0.6485882687272188,0.03663492634878647,0.3147768049239947
23940,0.5774288747038111,0.20187787043664046,0.22069325485954833
23941,0.13800983134565462,0.006112230564179275,0.855877938090166
23942,0.9895514882085137,0.0005057910557066895,0.009942720735779577
23943,0.9661285891195525,0.00915615659322086,0.024715254287226856
23944,0.7557794965041055,0.006897452843880723,0.23732305065201376
23945,0.0314813465589352,0.0011740565708606037,0.9673445968702042
23946,0.5580065626533007,0.2605532950124724,0.18144014233422692
23947,0.02878318832515798,0.003654732614164286,0.9675620790606777
23948,0.9897505432777306,0.002249005623972841,0.008000451098296559
23949,0.947420398287617,0.00034497825576662876,0.05223462345661639
23950,0.4476185363700432,0.014471903710546049,0.5379095599194108
23951,0.002770708619025266,0.00027799121171673486,0.996951300169258
23952,0.962179701712045,0.017852519559417097,0.01996777872853797
23953,0.9330621522279129,0.015437498190038344,0.05150034958204875
23954,0.7769990589437211,0.0062953612694188355,0.2167055797868601
23955,0.990484640272425,0.0008166679959910643,0.008698691731583885
23956,0.9619589862491463,0.023572239508665938,0.014468774242187642
23957,0.9871911028390125,0.0049983713411899285,0.007810525819797603
23958,0.8765631578242027,0.0004005425513453819,0.12303629962445195
23959,0.7979290120529426,0.006855230038977974,0.19521575790807935
23960,0.991713181977131,0.0007831084146427144,0.007503709608226336
23961,0.82441770505956,0.023610536249945337,0.15197175869049473
23962,0.8842058731929865,0.06117993226737409,0.054614194539639366
23963,0.9613117957893886,0.002496108567799462,0.036192095642811895
23964,0.9715772306775781,0.0012365657627243375,0.027186203559697506
23965,0.9603505433599802,0.0027918444254312756,0.036857612214588595
23966,0.9140862751773354,0.05948411347917352,0.026429611343490974
23967,0.10487572725270035,0.3759780438214579,0.5191462289258418
23968,0.8533885664515478,0.006344518509107889,0.1402669150393444
23969,0.8720426854330458,0.0031511583793579784,0.12480615618759633
23970,0.9876477169669984,0.0044468824604247045,0.00790540057257698
23971,0.9931142271710935,0.0004316588530758985,0.00645411397583045
23972,0.048590519699296106,0.0050727235788632285,0.9463367567218406
23973,0.5338272554373101,0.008551672812085997,0.45762107175060385
23974,0.9922884362906649,0.00014687946060932554,0.007564684248725906
23975,0.004781047265519929,0.0020368241609121478,0.9931821285735678
23976,0.9796699663950825,0.0032054787777989527,0.017124554827118506
23977,0.017261893767990203,0.006526949163362779,0.9762111570686469
23978,0.8897809421536335,0.008347445429762252,0.10187161241660439
23979,0.9761317379662264,0.011163899633982033,0.012704362399791398
23980,0.8263530870000593,0.002809778563994821,0.1708371344359459
23981,0.9498751586554661,0.021246194483178864,0.028878646861354922
23982,0.9858889089593977,0.005084043219251125,0.009027047821351306
23983,0.7140816533543696,0.027890011179479982,0.2580283354661504
23984,0.021657750832912128,0.01522444298502255,0.9631178061820653
23985,0.8902783937356186,0.00497561072757386,0.10474599553680765
23986,0.02057660462952729,0.009811541876154291,0.9696118534943184
23987,0.8198047189610003,0.0014214448326990222,0.17877383620630052
23988,0.9840714134903253,0.00012638404117976416,0.015802202468494918
23989,0.008002879618342139,0.0014466310480582133,0.9905504893335996
23990,0.9720707646111005,0.0014860690827305683,0.02644316630616892
23991,0.9437966596485915,0.024191526441161435,0.03201181391024726
23992,0.7903214945713154,0.19247539630428417,0.017203109124400415
23993,0.9406251730155871,0.0019386515004087706,0.05743617548400401
23994,0.7630423785492465,0.0046848521489354705,0.23227276930181792
23995,0.955318215921316,0.0010696384976897327,0.043612145580994195
23996,0.08002183280399386,0.4924884091956599,0.4274897580003462
23997,0.9905104160503334,0.0037949431094605277,0.005694640840206026
23998,0.979252404491883,0.0008229758653480763,0.019924619642768936
23999,0.8518227363956197,0.010798657968661269,0.13737860563571913
24000,0.8849441392729004,0.004994329186705469,0.11006153154039408
24001,0.9749683032307556,0.001189715637091819,0.023841981132152527
24002,0.05783290700783891,0.01577127913207925,0.9263958138600817
24003,0.9711472668396275,0.009046745033325202,0.019805988127047355
24004,0.5368642365661167,0.01304515195711431,0.450090611476769
24005,0.9530560929749818,0.005598219787131013,0.04134568723788728
24006,0.16305008121551173,0.027600963026789938,0.8093489557576983
24007,0.9792347259368818,0.014236304982047974,0.006528969081070148
24008,0.9701730705115081,0.0011752966338629775,0.028651632854628836
24009,0.9650391339642056,0.011515108594503451,0.023445757441290974
24010,0.9843770888335026,0.002807203108687032,0.01281570805781038
24011,0.9527316205049475,0.011649287988754843,0.03561909150629766
24012,0.955946745232736,0.002706044369287741,0.04134721039797611
24013,0.8373673488784302,0.014852622996151832,0.147780028125418
24014,0.5015936976584647,0.011602768037588683,0.48680353430394646
24015,0.9771790373346138,0.006287826976907977,0.016533135688478282
24016,0.8940623771094472,0.00581035119259288,0.10012727169795983
24017,0.9964234883172991,0.0008431322310633137,0.0027333794516374763
24018,0.9613061848587074,0.0004838788420757793,0.038209936299216735
24019,0.6707801099846209,0.028750869788995808,0.30046902022638333
24020,0.0010666753121546808,0.0018284185838344368,0.9971049061040109
24021,0.7062134882669067,0.0015708299371741418,0.29221568179591934
24022,0.9942633556164239,0.000183288713817151,0.005553355669758954
24023,0.9962773000940573,0.0003871658866557002,0.003335534019286912
24024,0.9365050893206489,0.0029980003688684573,0.06049691031048252
24025,0.8111175537879313,0.008680187011114518,0.18020225920095426
24026,0.8858966954233725,0.06531117338903636,0.0487921311875911
24027,0.038912757933324084,0.004212680423638511,0.9568745616430374
24028,0.9960770427975854,0.0009425551070907123,0.002980402095323902
24029,0.9864792226379118,0.0049791777029923765,0.008541599659095829
24030,0.15525338050838147,0.03991050171858668,0.804836117773032
24031,0.9852630622103411,0.0031206664019963943,0.011616271387662478
24032,0.9548767458150987,0.0023385542961208475,0.042784699888780336
24033,0.4030938993988065,0.21270487555550774,0.3842012250456858
24034,0.9881295944203091,0.002897447338427374,0.008972958241263552
24035,0.8287438879262554,0.004663817848008331,0.1665922942257363
24036,0.7162668695822764,0.0013150507016690396,0.2824180797160546
24037,0.18561846528142228,0.031825805979492916,0.7825557287390849
24038,0.9527192536528525,0.01030974638298602,0.03697099996416142
24039,0.13533654691974495,0.032592562795953496,0.8320708902843016
24040,0.9328207688425945,0.020716341964443493,0.04646288919296193
24041,0.539712550558311,0.008578542987509033,0.45170890645417994
24042,0.5815932142676927,0.020675578940175236,0.3977312067921321
24043,0.990698416324175,0.0008555061585657399,0.008446077517259315
24044,0.005355039157203108,0.0013340372511355559,0.9933109235916613
24045,0.7397672924987131,0.015614097674083477,0.24461860982720332
24046,0.0017604488251579476,0.0028089958508300717,0.9954305553240119
24047,0.9299326685779101,0.010487418057374635,0.05957991336471518
24048,0.9063315534042101,0.00032318456176890945,0.09334526203402084
24049,0.8098715285411205,0.04289961543290787,0.14722885602597172
24050,0.9823838933910853,0.00042028699318810914,0.017195819615726516
24051,0.5788883756176905,0.013717271862605393,0.40739435251970413
24052,0.8828712841730796,0.05538242931545156,0.06174628651146885
24053,0.9586735513485706,0.005793478297176521,0.035532970354252826
24054,0.042876865336464745,0.0023270143757610426,0.9547961202877742
24055,0.09452857295565117,0.0035809732986515903,0.9018904537456971
24056,0.02153819508251358,0.0006536801707021836,0.9778081247467842
24057,0.9478523581875563,0.0044216263659621015,0.04772601544648163
24058,0.3706815869697502,0.005187313149273565,0.6241310998809764
24059,0.9865060249235869,0.0005375526512513006,0.01295642242516185
24060,0.5708479133626789,0.004704069508816791,0.4244480171285043
24061,0.6969618481738298,0.002547784000600484,0.30049036782556976
24062,0.960890690195379,0.008676872816263158,0.03043243698835783
24063,0.6134518772061994,0.007461674927035314,0.37908644786676526
24064,0.7524618498811148,0.00791913882561248,0.23961901129327276
24065,0.9856676284536338,0.0007846601307723133,0.013547711415593805
24066,0.9920964108064201,0.0024486645028736938,0.005454924690706327
24067,0.09346237592416794,0.001463955479277335,0.9050736685965547
24068,0.8899960175693067,0.0011276672473980833,0.10887631518329528
24069,0.9678526900454097,0.003200606112057282,0.028946703842532975
24070,0.37864823809514614,0.39261792780631893,0.2287338340985349
24071,0.9499823116910034,0.0006588810851197527,0.04935880722387666
24072,0.7770066292255862,0.014799649083691104,0.20819372169072276
24073,0.990638166358164,0.0003076780487546296,0.009054155593081436
24074,0.402774892767304,0.011411028697102123,0.5858140785355939
24075,0.5299914770550753,0.009163029882222054,0.4608454930627026
24076,0.0208193270171013,0.0026735059885198407,0.9765071669943788
24077,0.9857923442402402,0.0019331936374209673,0.012274462122338918
24078,0.9541866505262361,0.00277395752201297,0.04303939195175102
24079,0.48126272368204404,0.09501414762512687,0.423723128692829
24080,0.8701985532507648,0.001041466152330284,0.12875998059690497
24081,0.6980873009279579,0.0195947078532916,0.28231799121875045
24082,0.5239747542974861,0.014138177443704943,0.46188706825880904
24083,0.6877490466086613,0.0067431829685901945,0.30550777042274846
24084,0.029689015727641332,0.0033916782714418395,0.9669193060009168
24085,0.9962602395496136,0.0009522925860946872,0.002787467864291497
24086,0.9836450579109083,0.005410196731165151,0.010944745357926547
24087,0.970363197585504,0.007534632308975911,0.022102170105520087
24088,0.09807290681363078,0.021481665597435893,0.8804454275889334
24089,0.9078070599203446,0.0010365153125590108,0.09115642476709646
24090,0.6071101060651933,0.007052739710288273,0.3858371542245185
24091,0.9255236839508376,0.030241690155982,0.044234625893180335
24092,0.0015752529710900227,0.0007765559461933226,0.9976481910827166
24093,0.3660191925215121,0.005361939600367648,0.6286188678781202
24094,0.4616855832339984,0.11482577542012945,0.42348864134587205
24095,0.9435659653552161,0.006342258196546985,0.050091776448236945
24096,0.9435632541019542,0.0016645051119690616,0.05477224078607678
24097,0.00046952492640935426,9.99945500066969e-05,0.9994304805235839
24098,0.0197802503436565,0.002161880897593187,0.9780578687587503
24099,0.8723367275010167,0.006476599253613053,0.1211866732453703
24100,0.6325061937024938,0.0076994097460495094,0.3597943965514568
24101,0.7608417260262953,0.010371260195917798,0.2287870137777869
24102,0.984082249449912,0.00038362467343377353,0.015534125876654349
24103,0.7691595671078223,0.0069746100354695865,0.22386582285670814
24104,0.9610362869036075,0.005184389057627099,0.03377932403876534
24105,0.8772041172954426,0.10356763095076175,0.01922825175379577
24106,0.6942678758506569,0.002737627803304369,0.302994496346039
24107,0.4897645564689329,0.034635302673828104,0.475600140857239
24108,0.9609548783181951,0.001218842117778728,0.037826279564026066
24109,0.9067042782490032,0.01615920195453958,0.07713651979645718
24110,0.9042251012960831,0.019776453306792473,0.07599844539712447
24111,0.7816710952224022,0.052257723280282886,0.16607118149731487
24112,0.9647817510024139,0.0006684571109052541,0.03454979188668083
24113,0.01699983751990127,0.0011289086730534327,0.9818712538070453
24114,0.9944223214013311,0.0008358034560582759,0.004741875142610616
24115,0.9632395361393734,0.0035847171429010437,0.033175746717725545
24116,0.9612840160615985,0.003206146128784108,0.03550983780961743
24117,0.9534071139874466,0.012347275257691148,0.03424561075486236
24118,0.7166288987391756,0.000609098951258609,0.2827620023095657
24119,0.9259814389873464,0.05316650559970254,0.02085205541295092
24120,0.9608772696474073,0.0009235398753764725,0.038199190477216226
24121,0.9253846037627976,0.0032526291547937875,0.07136276708240853
24122,0.17353570989373684,0.01446069181535926,0.812003598290904
24123,0.002260003311754586,9.999756756558872e-05,0.9976399991206798
24124,0.8503720992366502,0.031751029181766754,0.11787687158158305
24125,0.12979164968234966,0.0026501040655143616,0.867558246252136
24126,0.1484608564345461,0.00787576676547545,0.8436633767999785
24127,0.9160668985446543,0.003994279377858604,0.07993882207748708
24128,0.9673396936654625,0.01683211020212073,0.01582819613241683
24129,0.2672603680768842,0.01451966882031052,0.7182199631028052
24130,0.8395594870145655,0.02675085636596151,0.13368965661947305
24131,0.47932672253287045,0.003684677140741644,0.5169886003263878
24132,0.9847451950543328,0.00042746820868336315,0.014827336736983917
24133,0.8328898337274205,0.061111876220539554,0.10599829005204006
24134,0.6525914273398125,0.1326876383718134,0.21472093428837422
24135,0.13373063451228145,0.00757163762793938,0.8586977278597793
24136,0.823152272875123,0.0012227584223850811,0.1756249687024918
24137,0.8723241866575456,0.10638344005060292,0.021292373291851394
24138,0.956631755604668,0.008898737466935043,0.03446950692839696
24139,0.24961682024694162,0.09687315271091147,0.653510027042147
24140,0.06205740497771176,0.003140864764457698,0.9348017302578306
24141,0.12556558712989555,0.03465760500392994,0.8397768078661745
24142,0.904130972233573,0.006225867706072426,0.08964316006035462
24143,0.9121503458573599,0.000797041802806427,0.08705261233983368
24144,0.980595427434471,0.0004913420964109121,0.01891323046911803
24145,0.029660213218127757,0.01810081928566743,0.9522389674962048
24146,0.6017257730777746,0.00477783444862797,0.3934963924735974
24147,0.1654388669904657,0.0038001162295732823,0.8307610167799611
24148,0.04101838432190727,0.0038627003262616303,0.955118915351831
24149,0.9936851426419192,0.0006493038581881776,0.005665553499892567
24150,0.0022220458092779005,0.004938249004390679,0.9928397051863314
24151,0.39264167729435384,0.004762407249071312,0.6025959154565749
24152,0.9026217481636719,0.0020001105422553177,0.09537814129407271
24153,0.6459645777275248,0.001245433946620099,0.3527899883258551
24154,0.9599215573824861,0.011728280258705273,0.028350162358808658
24155,0.9748243284181002,0.000950046964317793,0.024225624617582035
24156,0.38510906129132405,0.538868774520079,0.07602216418859682
24157,0.2616181915795674,0.007110435641309844,0.7312713727791228
24158,0.9671905981857692,0.0036749498736320468,0.02913445194059868
24159,0.718159223517825,0.026280661735013346,0.25556011474716167
24160,0.993506101469654,0.00041433322866516554,0.006079565301680988
24161,0.9164477525569547,0.03427255091169878,0.04927969653134651
24162,0.9752976629318907,0.005204529590813526,0.019497807477295886
24163,0.9680151453109119,0.005129221367456886,0.026855633321631184
24164,0.8883053668633771,0.024199709487634235,0.08749492364898849
24165,0.4218933495817156,0.10063381191706977,0.4774728385012147
24166,0.8839170136483205,0.0018161160656437196,0.11426687028603569
24167,0.09293335459096348,0.04462939978883559,0.862437245620201
24168,0.5476030403463021,0.008377358159983974,0.44401960149371394
24169,0.6784464120471635,0.02966617435308418,0.2918874135997522
24170,0.9799852134652187,0.003929361074460183,0.016085425460321188
24171,0.38020146750927125,0.04882229433058556,0.5709762381601431
24172,0.9628308490524268,0.0002841990488945999,0.03688495189867858
24173,0.005931682624194391,0.0022783326800886235,0.9917899846957171
24174,0.9111723572766114,0.002513302870959623,0.08631433985242894
24175,0.9278854507352324,0.0038526975007796642,0.06826185176398791
24176,0.9631625463664482,0.019281160709077847,0.017556292924473967
24177,0.9004669112056563,0.0024151362543419746,0.09711795254000162
24178,0.006512559216557033,0.01700476024043056,0.9764826805430125
24179,0.08884629368570005,0.00805646447504402,0.903097241839256
24180,0.9003469704081086,0.04091835967650467,0.05873466991538661
24181,0.6074080218805934,0.02867561575957864,0.363916362359828
24182,0.985155388101454,0.0004679191591295941,0.014376692739416419
24183,0.9301335238285046,0.009059153803732005,0.060807322367763504
24184,0.9925823948854152,0.00035108584944786096,0.007066519265136933
24185,0.9555271807606749,0.002500284127534351,0.04197253511179078
24186,0.5473541883633593,0.012492382302325696,0.4401534293343151
24187,0.9935814919758685,0.0007848744645475673,0.005633633559583906
24188,0.8415823149060713,0.00667106147469779,0.1517466236192309
24189,0.9748763912922159,0.003068104351528546,0.022055504356255497
24190,0.8759452708521066,0.001911395233083639,0.12214333391480968
24191,0.29464509103582176,0.0032955483560654125,0.7020593606081128
24192,0.9393139940447907,0.006547287322057365,0.054138718633151874
24193,0.030308411363156432,0.007660621629287237,0.9620309670075563
24194,0.5774013378893653,0.0025103585062458394,0.4200883036043888
24195,0.8160094670797442,0.002502096798447859,0.18148843612180793
24196,0.31434307202222095,0.003526732602203173,0.6821301953755758
24197,0.986241785169976,0.004427280787576058,0.009330934042448015
24198,0.9613308234716501,0.0038297222542163366,0.034839454274133576
24199,0.9468375773322011,0.01518471931460822,0.03797770335319068
24200,0.9818580213463172,0.0061099405262488365,0.012032038127434
24201,0.18353724115437423,0.02478771642837729,0.7916750424172485
24202,0.9763660703183638,0.0003904283337558502,0.02324350134788049
24203,0.9739026262947326,0.006106006826622513,0.019991366878645004
24204,0.9637010339098304,0.017701092493045054,0.01859787359712447
24205,0.05248737415404139,0.01749755471112428,0.9300150711348344
24206,0.9640674805382841,0.0011064616904164278,0.03482605777129949
24207,0.8540846514042963,0.09893608542033958,0.04697926317536412
24208,0.973500789394898,0.0019526443903454998,0.024546566214756455
24209,0.8409804686153871,0.006581834897427651,0.15243769648718533
24210,0.355194976256573,0.005897766504104195,0.6389072572393228
24211,0.3182638666072602,0.0050118302702362935,0.6767243031225036
24212,0.2617728880072507,0.009521384722786262,0.7287057272699631
24213,0.9740379290266029,0.0045600563211285975,0.021402014652268465
24214,0.3771665955620658,0.15968574526237894,0.4631476591755551
24215,0.9672609636213851,0.0007292221518754856,0.032009814226739326
24216,0.1651681326998272,0.0060088704056835696,0.8288229968944893
24217,0.9636609454070796,0.002333417308701497,0.03400563728421898
24218,0.950917899654836,0.0022737034221006003,0.046808396923063385
24219,0.9767180019243841,0.0014245191626558542,0.02185747891296018
24220,0.9108031020778123,0.006373944202152977,0.08282295372003472
24221,0.9677075650928134,0.018605855927286842,0.013686578979899767
24222,0.005779453583129278,0.00027308680965660215,0.9939474596072141
24223,0.9720289621395778,0.010917069896846826,0.017053967963575497
24224,0.7481089057391069,0.0008962009484607705,0.25099489331243224
24225,0.9340010662718268,0.04685897158474316,0.019139962143430136
24226,0.9569051217994982,0.00897649073367825,0.034118387466823524
24227,0.09451378055795262,0.019866720321416023,0.8856194991206314
24228,0.37234645135746475,0.24315635852252124,0.384497190120014
24229,0.7582368299436526,0.04899060714795993,0.19277256290838746
24230,0.891645240095108,0.00034746649030591576,0.10800729341458606
24231,0.8268801141774845,0.010581708530573785,0.16253817729194173
24232,0.0212364706802789,0.02486167426862071,0.9539018550511004
24233,0.12592965068532297,0.0020623996143921256,0.872007949700285
24234,0.9440732154379906,0.0033659241936301702,0.052560860368379175
24235,0.03670747545827685,0.003291382688022528,0.9600011418537007
24236,0.934706023663237,0.014060783774820488,0.05123319256194256
24237,0.945592729138617,0.0035869500222416167,0.050820320839141356
24238,0.9732065142943939,0.0015253333884598474,0.02526815231714629
24239,0.8585320563229837,0.00465184006054285,0.1368161036164734
24240,0.988083850805626,0.0005223933267198542,0.011393755867654115
24241,0.9276224306942311,0.004875337337261819,0.0675022319685071
24242,0.06567082219874154,0.011489135804758433,0.9228400419965
24243,0.12764311216753532,0.30076056871245277,0.571596319120012
24244,0.5707308858173328,0.012585506164278408,0.41668360801838883
24245,0.0009932459887367125,0.0008254755345587983,0.9981812784767045
24246,0.9822640527470069,0.0018966099144276485,0.0158393373385655
24247,0.8660660462144443,0.005526752194340066,0.12840720159121555
24248,0.5627613201912606,0.3806942048512328,0.05654447495750676
24249,0.19398872989412574,0.011458568378199568,0.7945527017276747
24250,0.970233530385776,0.000396586133706925,0.029369883480517035
24251,0.8534123775262099,0.0471750516098512,0.09941257086393898
24252,0.9565806738845616,0.002642835305926081,0.0407764908095123
24253,0.003313442182537543,0.0011795745832294913,0.9955069832342329
24254,0.35607959066334666,0.01979375811033353,0.6241266512263198
24255,0.24330912864628818,0.002820900546912139,0.7538699708067997
24256,0.8957469523775129,0.03517222010472608,0.06908082751776104
24257,0.7207705330062711,0.05947846828426676,0.21975099870946205
24258,0.003884701725518447,0.0013181282860091465,0.9947971699884723
24259,0.8293677472222486,0.001636958569925778,0.16899529420782564
24260,0.8688568350354209,0.0018174979902138763,0.12932566697436526
24261,0.9345746140553214,0.002710909796500299,0.06271447614817828
24262,0.0033867180607768574,0.004327785977290893,0.9922854959619323
24263,0.9710472227949988,0.005415875264773651,0.023536901940227638
24264,0.0020323184797853408,0.00014509486354067648,0.9978225866566739
24265,0.35146436976132045,0.011558464769301328,0.6369771654693783
24266,0.977596419369412,0.0014026345535202503,0.0210009460770678
24267,0.20335182351606762,0.04398385743152787,0.7526643190524045
24268,0.8063207178132613,0.002239488554131856,0.19143979363260683
24269,0.8436458376238608,0.004386605256821125,0.1519675571193181
24270,0.9182026242575111,0.009299128256122119,0.07249824748636692
24271,0.94719392122882,0.0037349230895850497,0.04907115568159506
24272,0.9812858429217748,0.008241085098450512,0.010473071979774765
24273,0.8734300705244223,0.00017626779151564507,0.126393661684062
24274,0.5205323558630761,0.02663234043775372,0.45283530369917
24275,0.9816194447216964,0.001949938571099305,0.016430616707204273
24276,0.3323670479688984,0.5345646506219013,0.13306830140920023
24277,0.8664119768036267,0.025655380607037457,0.10793264258933585
24278,0.9767119659624032,0.0008913528690637969,0.022396681168532977
24279,0.29367361618549215,0.004741837978471209,0.7015845458360367
24280,0.9701654166285048,0.00031890941369526666,0.029515673957799905
24281,0.7597047212436179,0.002550783247363206,0.2377444955090189
24282,0.0035689515560025703,0.0049837604820444255,0.9914472879619531
24283,0.9522711945745952,0.00468082979234562,0.0430479756330591
24284,0.6292307414390264,0.01757625842928031,0.3531930001316932
24285,0.0388237615792581,0.00467912569535147,0.9564971127253904
24286,0.9459421991948167,0.029045529527411663,0.02501227127777165
24287,0.013666986381729949,0.001265611991049928,0.9850674016272201
24288,0.19760613760924708,0.011202581315825301,0.7911912810749278
24289,0.742857927036774,0.020469113815313838,0.2366729591479123
24290,0.24642084782553733,0.00901057385259182,0.7445685783218707
24291,0.1924941480044618,0.015328429876425034,0.7921774221191132
24292,0.543375925918753,0.021645915433589017,0.4349781586476578
24293,0.8835979747606054,0.03486563460068458,0.08153639063871003
24294,0.9534329817794909,0.0014302320979466042,0.04513678612256249
24295,0.8012545865639463,0.027469365056830602,0.1712760483792231
24296,0.8981473226622925,0.0005565543347640503,0.10129612300294355
24297,0.03671812985402675,0.0006415109435159361,0.9626403592024574
24298,0.2562352905007597,0.097621215787962,0.6461434937112783
24299,0.7765477000125658,0.15090352475261234,0.07254877523482174
24300,0.8904390524880779,0.005695810395952885,0.10386513711596919
24301,0.4041846955490109,0.004207724752792149,0.591607579698197
24302,0.9905791271269383,0.0008849034787906274,0.008535969394271186
24303,0.8522051127870888,0.006914775803147716,0.14088011140976364
24304,0.020644589247945287,0.003132708686095079,0.9762227020659596
24305,0.9851983855804904,0.0031938557596264635,0.011607758659883229
24306,0.9843897755385803,0.001751783498509603,0.013858440962909977
24307,0.9764725407526998,0.0005048345595771915,0.023022624687723002
24308,0.9801472299717304,0.006718789792619233,0.013133980235650376
24309,0.9128280700475382,0.015361931870439612,0.07180999808202215
24310,0.008962992588278233,0.02241907585547468,0.9686179315562471
24311,0.01068945418841027,0.00290705130661473,0.986403494504975
24312,0.9479299188219471,0.008453816224493154,0.043616264953559664
24313,0.9747132467239823,0.00207011851572612,0.02321663476029146
24314,0.23518022994155474,0.3024590882076601,0.4623606818507852
24315,0.8688308313746329,0.05512773600771062,0.07604143261765647
24316,0.9170362991112576,0.009409104494000122,0.07355459639474228
24317,0.03396464166654988,0.0018642074097837656,0.9641711509236665
24318,0.9392574725064318,0.033503128757523315,0.027239398736044952
24319,0.4893490287645202,0.011278690599495475,0.49937228063598427
24320,0.9596089780745993,0.0013842773478889032,0.039006744577511764
24321,0.9580955911344491,0.004086501296239191,0.037817907569311714
24322,0.9075960318427334,0.004981608284039654,0.087422359873227
24323,0.9298896275336632,0.018630679996569782,0.05147969246976695
24324,0.9001784945974962,0.0507574422291056,0.049064063173398204
24325,0.9739591429531911,0.0020251506068184435,0.02401570643999049
24326,0.7890978821103121,0.05245605376893234,0.15844606412075554
24327,0.9831012551980458,0.00016132265925776295,0.016737422142696433
24328,0.05266837212655143,0.001933256648576111,0.9453983712248725
24329,0.5780447045414718,0.031946009207502124,0.39000928625102615
24330,0.95842011387276,0.004328491463069213,0.037251394664170726
24331,0.671431573133138,0.005342144523523281,0.3232262823433389
24332,0.917086632147096,0.02090259593188382,0.06201077192102012
24333,0.8432653974266402,0.0021946483523175107,0.15453995422104227
24334,0.7627251292157725,0.005332290891936303,0.2319425798922914
24335,0.7473060626114633,0.009841559129845636,0.24285237825869113
24336,0.1403473688149469,0.009089373413965488,0.8505632577710875
24337,0.5881068555846535,0.023314476752829348,0.38857866766251714
24338,0.8089664297318635,0.16416380410113934,0.02686976616699701
24339,0.06375040653830862,0.002895693288061186,0.9333539001736302
24340,0.17382557823573155,0.0049558392147277894,0.8212185825495406
24341,0.025510303947882392,0.03125490846772323,0.9432347875843944
24342,0.009486397304168647,0.0001907641747468499,0.9903228385210844
24343,0.6775186264293989,0.04963306533208908,0.27284830823851214
24344,0.9731833698365981,0.0005565032928874713,0.0262601268705145
24345,0.9054878963742753,0.008924759772762067,0.08558734385296259
24346,0.9834064829989971,0.0007229289563271796,0.01587058804467571
24347,0.9823210422227203,0.0018941570162937895,0.015784800760985842
24348,0.9881546250931832,0.007673793997256674,0.004171580909560101
24349,0.8037470421426173,0.007657027144813908,0.18859593071256878
24350,0.9001588397186145,0.018664300810310317,0.08117685947107507
24351,0.929423529730276,0.003486089857432781,0.06709038041229128
24352,0.52484924928364,0.2586861440685254,0.21646460664783468
24353,0.2833305553876035,0.014619880689245144,0.7020495639231514
24354,0.15553028210642514,0.013090288914813529,0.8313794289787614
24355,0.9806908565641388,0.005422922033453492,0.01388622140240766
24356,0.44001612786065303,0.001762101470410641,0.5582217706689363
24357,0.9959855690250559,0.0006484585390907386,0.003365972435853572
24358,0.5816267245460742,0.029870322344235395,0.38850295310969035
24359,0.9588284346693577,0.009067842179563721,0.03210372315107863
24360,0.49693328279337035,0.0016851320577512682,0.5013815851488784
24361,0.3811208908393806,0.03276327102011311,0.5861158381405063
24362,0.9656876802449842,0.0008504259177315048,0.03346189383728426
24363,0.012324772041461733,0.0015323540221334564,0.9861428739364049
24364,0.8895390024894038,0.0016043663636803455,0.10885663114691585
24365,0.9159770244268762,0.0026694868420550776,0.0813534887310688
24366,0.5345574180904307,0.0006071652509583962,0.4648354166586109
24367,0.7705844181426348,0.012883798688601771,0.21653178316876343
24368,0.8022247545510063,0.009577582113338432,0.18819766333565544
24369,0.8074463138769132,0.020621698480198885,0.1719319876428879
24370,0.9780503065813276,0.0018875802598157696,0.02006211315885658
24371,0.9434784404640141,0.023553049551971385,0.03296850998401453
24372,0.016786318936478986,0.0005948158826859021,0.9826188651808351
24373,0.015210349173762766,0.011462016581594901,0.9733276342446423
24374,0.02582229423924582,0.0025943674525498394,0.9715833383082043
24375,0.008772107965684652,0.00028025116096706343,0.9909476408733483
24376,0.7121770758073575,0.09391532480138816,0.1939075993912545
24377,0.9886090179585745,0.0003939422266753655,0.010997039814750236
24378,0.40019714259827965,0.018675293767157337,0.581127563634563
24379,0.7636782213691873,0.001578976838457709,0.23474280179235507
24380,0.9890225673112939,0.0019105478369071064,0.00906688485179893
24381,0.951471533155472,0.010241463473275515,0.03828700337125247
24382,0.6140923244676065,0.09734269108533289,0.2885649844470606
24383,0.9634437169489732,0.002400820712032307,0.03415546233899444
24384,0.3542267205491996,0.17111894154225268,0.4746543379085476
24385,0.967098549828542,0.005039945453364895,0.027861504718093073
24386,0.2527910479701909,0.009249877432570452,0.7379590745972385
24387,0.018802125703003526,0.0020785549692928246,0.9791193193277037
24388,0.9471524998249274,0.0018868143329209522,0.05096068584215158
24389,0.9750720286661313,0.005253223256047789,0.01967474807782094
24390,0.9833935052512801,0.0003251411231449515,0.016281353625574806
24391,0.9618284999946916,0.002074047426017072,0.036097452579291395
24392,0.030585512505666934,0.01663158344493902,0.952782904049394
24393,0.9352599087886823,0.04418131170009202,0.020558779511225755
24394,0.8873046966620297,0.0040188167571381505,0.1086764865808322
24395,0.8944878357946626,0.0018556709763119272,0.10365649322902537
24396,0.5881536687683806,0.03551887571316337,0.3763274555184561
24397,0.9124127175794141,0.0016509763831457549,0.08593630603744014
24398,0.48944982182379854,0.07478653318050928,0.4357636449956921
24399,0.9591191843297808,0.005336361498027936,0.03554445417219123
24400,0.9381804109192441,0.005504255266489477,0.05631533381426636
24401,0.23129594762774414,0.0014063244459790673,0.7672977279262767
24402,0.8728116720103981,0.003595786130177727,0.12359254185942407
24403,0.03126728222592125,0.001726707191391797,0.9670060105826871
24404,0.9288832917741426,0.003870775677565585,0.0672459325482917
24405,0.8287521182991765,0.00037787375413763855,0.17087000794668594
24406,0.33478804268883006,0.015430699095907328,0.6497812582152626
24407,0.8796629364260611,0.004039603945530903,0.11629745962840787
24408,0.9831092757045619,0.0023753232134428887,0.014515401081995316
24409,0.9793570173924941,0.0010343609084375342,0.019608621699068313
24410,0.8667019582218873,0.006472725387278733,0.1268253163908339
24411,0.9705517303169207,0.002396200056960226,0.02705206962611912
24412,0.503934657642551,0.012765346306263354,0.48329999605118557
24413,0.9254447853211007,0.005422742485741924,0.06913247219315735
24414,0.8354264675399382,0.004733152640493097,0.15984037981956864
24415,0.009484698850600519,0.0011637088374713781,0.9893515923119282
24416,0.47036977341717656,0.0009133508168519458,0.5287168757659715
24417,0.867242289497152,0.08239321113530466,0.05036449936754334
24418,0.9131603683542426,0.05400693412676796,0.03283269751898936
24419,0.9607659222124879,0.0028117275125751594,0.03642235027493698
24420,0.14170700072561776,0.005857681903455419,0.8524353173709267
24421,0.9473035602806928,0.0026094177025996613,0.05008702201670758
24422,0.9648601745992698,0.0007499205746776445,0.034389904826052524
24423,0.11198245725369362,0.00469054975864486,0.8833269929876615
24424,0.3168111087223329,0.013189385241550215,0.6699995060361169
24425,0.8846007492069864,0.004227338856372671,0.11117191193664096
24426,0.44781463579303116,0.02642459633099043,0.5257607678759785
24427,0.8140693563780889,0.015990186659134407,0.1699404569627768
24428,0.7898142449774793,0.0008192077986437328,0.209366547223877
24429,0.7050386326294319,0.07561954281802993,0.21934182455253826
24430,0.3885016515060558,0.0040268058204622325,0.607471542673482
24431,0.15243198059009927,0.005278880245781647,0.8422891391641191
24432,0.9737463328384742,0.0074012049951870836,0.01885246216633868
24433,0.97659115236085,0.001196415932468081,0.022212431706681943
24434,0.3484977303838874,0.003639080359725474,0.6478631892563871
24435,0.6825374940032817,0.011565074601116627,0.3058974313956016
24436,0.8822690559651235,0.007062920952732066,0.11066802308214428
24437,0.4334344625935053,0.015741709298550836,0.5508238281079437
24438,0.8953312571728135,0.010685634549834896,0.0939831082773517
24439,0.5090851506400066,0.00985653182816939,0.481058317531824
24440,0.958274875141861,0.0032668391166101227,0.038458285741528875
24441,0.9143984790242314,0.0005512411495767055,0.08505027982619184
24442,0.42967815142181653,0.016411689178965776,0.5539101593992177
24443,0.9483767736482217,0.000852275800576937,0.05077095055120131
24444,0.9526103899000263,0.008194594573548621,0.039195015526425056
24445,0.09524778174648703,0.029964639442479856,0.8747875788110332
24446,0.013616451678420006,0.003288268460081064,0.983095279861499
24447,0.004003111873418254,0.00039337681663567496,0.9956035113099461
24448,0.5221865806715122,0.008556255425096708,0.46925716390339106
24449,0.03446833974363454,0.004008652061094099,0.9615230081952713
24450,0.12885419435188378,0.01440930672067998,0.8567364989274363
24451,0.046103729152644046,0.01054075252950733,0.9433555183178487
24452,0.9638618080834624,0.0017600404692882311,0.03437815144724925
24453,0.9612517233239374,0.0020050381693828352,0.036743238506679744
24454,0.051745212976364405,0.08727454467186825,0.8609802423517673
24455,0.6941416279515891,0.2157188496749605,0.09013952237345049
24456,0.2893722954047333,0.002810317321658097,0.7078173872736087
24457,0.9843164610300376,0.0013768989004862816,0.014306640069476238
24458,0.305874170253766,0.07480453334069798,0.619321296405536
24459,0.19016826389222732,0.5738616150803009,0.23597012102747178
24460,0.9951043103705243,0.000622923809229134,0.004272765820246639
24461,0.9845488993655436,0.005364573915864819,0.010086526718591646
24462,0.622773496445672,0.007085730829024881,0.37014077272530305
24463,0.4495759703547537,0.015069670752401685,0.5353543588928446
24464,0.9810197174988237,0.006799220209448014,0.012181062291728486
24465,0.9347298600764437,0.0023994377507241286,0.06287070217283228
24466,0.60418160221848,0.013694498306625657,0.38212389947489434
24467,0.9794443658324196,0.010156905936819284,0.010398728230761059
24468,0.14843764722463473,0.009742873116776237,0.841819479658589
24469,0.14607743849251864,0.009401571558029613,0.8445209899494518
24470,0.9779599760875106,0.000593035916524514,0.021446987995964766
24471,0.9586205305929519,0.0023540721627818904,0.03902539724426627
24472,0.7399704767736909,0.0017222056903064495,0.25830731753600267
24473,0.9186702046226392,0.03242038767369293,0.04890940770366795
24474,0.015810220070515194,0.0009578934352696834,0.9832318864942151
24475,0.974570528944792,0.0035351261581158503,0.021894344897092157
24476,0.6298667063667324,0.007704174858124957,0.3624291187751427
24477,0.9493761431154725,0.009206849448893793,0.04141700743563382
24478,0.9802580696419876,0.006436478922608877,0.013305451435403456
24479,0.7028870314109378,0.012061987582587867,0.28505098100647425
24480,0.10205349467794127,0.0012447014605766165,0.8967018038614821
24481,0.435831800027139,0.2248876535884712,0.3392805463843897
24482,0.8816513314612805,0.0013003173679674211,0.11704835117075202
24483,0.13267149288893845,0.15534421773361906,0.7119842893774426
24484,0.6569381422732505,0.005402800870716246,0.33765905685603315
24485,0.7972502463958603,0.002610881817069946,0.20013887178706977
24486,0.9306402707951715,0.002551066027699069,0.06680866317712937
24487,0.07666225439045378,0.007273189417020457,0.9160645561925258
24488,0.08878666146123254,0.021482481066076687,0.8897308574726909
24489,0.21722904612073504,0.0014199582607911326,0.7813509956184739
24490,0.04019352315821897,0.011151005523492965,0.9486554713182881
24491,0.9741440951646945,0.0011989979025050612,0.0246569069328003
24492,0.9780025274085448,0.0034663689634142074,0.01853110362804114
24493,0.9202800952420304,0.00269951066705699,0.07702039409091282
24494,0.9139894157652964,0.03653295335226049,0.049477630882443155
24495,0.9840977366634285,0.001314906372532565,0.014587356964038786
24496,0.8636918272656554,0.002724395798155757,0.1335837769361889
24497,0.047677883500316855,0.006192945337926416,0.9461291711617568
24498,0.9201573641654556,0.01146583739604339,0.06837679843850096
24499,0.9567212425530549,0.00038701585943171714,0.04289174158751342
24500,0.8800465075658152,0.04944083565716213,0.07051265677702291
24501,0.9270421392222205,0.008830533811396786,0.06412732696638265
24502,0.9863025118332042,0.004982428492188871,0.008715059674606902
24503,0.9640028319820495,0.005621942533172161,0.030375225484778473
24504,0.34704584595296506,0.1649941218903176,0.4879600321567174
24505,0.9311894254568859,0.0038401374044923723,0.0649704371386217
24506,0.011564483596681201,0.0027575151976251258,0.9856780012056937
24507,0.016949545768404666,0.01627020352521395,0.9667802507063815
24508,0.3449945563808502,0.014948763793946813,0.640056679825203
24509,0.9691278216187206,0.0012136604878963137,0.029658517893383123
24510,0.011122135774678066,0.0003213237597778455,0.9885565404655441
24511,0.9897754052420126,0.0021600899724483033,0.008064504785539068
24512,0.05562346411149431,0.017033281275258112,0.9273432546132476
24513,0.9321235796961528,0.0008054123911934669,0.06707100791265379
24514,0.14696326349973052,0.001510299715768305,0.8515264367845011
24515,0.7796879839503255,0.003970554670739999,0.2163414613789345
24516,0.7918623848786835,0.0005738788288573906,0.20756373629245894
24517,0.02573435544838796,0.0008258858589533899,0.9734397586926588
24518,0.7146181386789003,0.026172758921290503,0.2592091023998092
24519,0.9893036473768901,0.001350351754098225,0.009346000869011606
24520,0.18340697660539199,0.006367593766816498,0.8102254296277915
24521,0.8936853637908345,0.010147940555255688,0.09616669565390977
24522,0.7286709879010822,0.06564437890344842,0.20568463319546937
24523,0.9633222090006074,0.005996550593252446,0.030681240406140082
24524,0.010117407397827929,0.020525245322991388,0.9693573472791807
24525,0.9647218209208211,0.005686656405663646,0.029591522673515232
24526,0.28043852902915267,0.4551800832156404,0.2643813877552069
24527,0.9544881955375563,0.0007211947183136507,0.04479060974413015
24528,0.0101716252132375,0.0009114755110095645,0.988916899275753
24529,0.9569667028733764,0.01899211177596494,0.02404118535065862
24530,0.04844887786993301,0.000756774237007696,0.9507943478930593
24531,0.9880281598593238,0.00020085602629765583,0.01177098411437848
24532,0.09208542075471367,0.040339230538880874,0.8675753487064055
24533,0.9551089859955585,0.025808291618679056,0.01908272238576245
24534,0.9752875109984911,0.008430133928043053,0.0162823550734658
24535,0.9594233882948018,0.0009711060963677997,0.0396055056088303
24536,0.04419629591552106,0.0033731454235411866,0.9524305586609378
24537,0.9767496130502047,0.004165341452296457,0.019085045497498933
24538,0.7961665909436878,0.05611227085192971,0.1477211382043824
24539,0.07582745356048198,0.10396894166874893,0.8202036047707691
24540,0.9734687959480719,0.0020677319045806684,0.024463472147347513
24541,0.9488753274773931,0.005448350218806935,0.04567632230380004
24542,0.6854023542825973,0.010623208332980569,0.30397443738442204
24543,0.5805823062544115,0.00915973728892788,0.41025795645666047
24544,0.9831412148845348,0.005729488351265341,0.0111292967641999
24545,0.6253818843739289,0.06101062784363732,0.3136074877824337
24546,0.7302965356230277,0.02558814034458082,0.24411532403239142
24547,0.9336235546532828,0.009322445439116086,0.05705399990760115
24548,0.9439537321686563,0.0052685336632682924,0.050777734168075364
24549,0.9674921468356489,0.004369194356009859,0.028138658808341304
24550,0.9748505356412274,0.002878927486382974,0.022270536872389543
24551,0.9862289163081099,0.008810098568573451,0.004960985123316491
24552,0.9849443394846753,0.0019341510745755019,0.013121509440749194
24553,0.985863101280989,0.004086635376603266,0.010050263342407805
24554,0.00899766042229653,0.004889689716641696,0.9861126498610618
24555,0.6372004332367753,0.00235458413084507,0.36044498263237956
24556,0.942851736450878,0.018345485028517784,0.03880277852060411
24557,0.0054491349401165744,0.002767464740904196,0.9917834003189793
24558,0.3000630662458369,0.028625277671037574,0.6713116560831255
24559,0.843284594152473,0.0007739945775020094,0.15594141127002484
24560,0.5873103809522723,0.007883279147325457,0.40480633990040227
24561,0.9810371692927261,0.0017998038514660932,0.017163026855807843
24562,0.8075666826211508,0.0015388271442640534,0.19089449023458513
24563,0.8467216114394638,0.03884579634184179,0.1144325922186944
24564,0.8389692975834289,0.0022733859461174333,0.15875731647045369
24565,0.9667364888810527,0.0020931490537832507,0.031170362065163975
24566,0.5640267230512535,0.008094003489135637,0.42787927345961074
24567,0.9862821045206397,0.006206234363080516,0.007511661116279836
24568,0.9876853410364737,0.0005996769052242063,0.011714982058302141
24569,0.31791696958828597,0.023701837681161103,0.6583811927305528
24570,0.9051002145452284,0.0016969752432376614,0.09320281021153401
24571,0.9471328937116134,0.00547278210301036,0.047394324185376265
24572,0.9480424060892836,0.020781329348123056,0.031176264562593356
24573,0.7854210268931716,0.01128880567847685,0.20329016742835154
24574,0.04462250166132189,0.05922889839979817,0.8961485999388799
24575,0.9438782097588464,0.007056670855636394,0.04906511938551731
24576,0.9024603365910495,0.003969761249102966,0.0935699021598476
24577,0.0021244403664505782,0.00275829838424634,0.9951172612493031
24578,0.10923404289934911,0.0028255690904315177,0.8879403880102194
24579,0.9759603523678093,0.005951936007413849,0.018087711624776834
24580,0.18050753277008574,0.006406803245686815,0.8130856639842273
24581,0.9471882277664466,0.0007691752643919667,0.05204259696916151
24582,0.0037623654593166678,0.00045418644417078547,0.9957834480965125
24583,0.16260442642414957,0.008983169625547597,0.8284124039503028
24584,0.8332769189571422,0.01899931661635107,0.14772376442650673
24585,0.03648688569959711,0.01196342683253509,0.9515496874678678
24586,0.027758284674714327,0.0008725714905929787,0.9713691438346926
24587,0.9765452431360515,0.009049436115280075,0.014405320748668333
24588,0.02797103762111974,0.012029491152232579,0.9599994712266476
24589,0.7547594593966223,0.1364138523852272,0.1088266882181505
24590,0.8947771630438163,0.01629526061108983,0.0889275763450938
24591,0.6207390295945329,0.26726250371162724,0.11199846669383981
24592,0.4987051572227671,0.004258909690761312,0.4970359330864716
24593,0.9674263371236431,0.0015161341960480022,0.031057528680308893
24594,0.8825909966016136,0.027820673223441506,0.08958833017494498
24595,0.9651557766375858,0.008935933501451884,0.025908289860962372
24596,0.32818881239579206,0.006163307785945244,0.6656478798182627
24597,0.4613665863493102,0.05136768562156473,0.4872657280291251
24598,0.927690019478859,0.01302058535398579,0.05928939516715518
24599,0.6255409308760561,0.2889822843743476,0.08547678474959636
24600,0.9747621292120883,0.008520415482509858,0.016717455305401883
24601,0.4499696843409624,0.005220200391820263,0.5448101152672173
24602,0.7133783225451713,0.0154687988967743,0.2711528785580543
24603,0.9863297452410095,0.004020584611486822,0.009649670147503677
24604,0.9895596832068496,0.003626712272462599,0.006813604520687799
24605,0.9471994786588497,0.0054404931848028165,0.04736002815634756
24606,0.9758482393649337,0.0023394753368451817,0.0218122852982212
24607,0.8298307303489134,0.002794002989205865,0.16737526666188066
24608,0.032060485892898095,0.002012619385582444,0.9659268947215195
24609,0.6770990944446155,0.0020281970935481157,0.3208727084618363
24610,0.9924740864012314,0.00028976587785331157,0.007236147720915266
24611,0.8169419933893316,0.054055084350905995,0.1290029222597624
24612,0.8835913330488447,0.0026192407765992247,0.11378942617455613
24613,0.983352198400039,0.0020902409309926616,0.014557560668968213
24614,0.1967673630617116,0.01589753605598849,0.7873351008822999
24615,0.04553208768972917,0.023965442854654913,0.9305024694556159
24616,0.27101729542476605,0.001703569958404549,0.7272791346168295
24617,0.5374890465622347,0.027676101897019058,0.4348348515407463
24618,0.9765298363866606,0.0027743655604481783,0.020695798052891377
24619,0.025828922914814405,0.0012569665526726056,0.972914110532513
24620,0.9765345849282949,0.011942568643583586,0.011522846428121332
24621,0.9741315647167587,0.0054439780695117665,0.020424457213729513
24622,0.9198758492425254,0.006251082037406807,0.07387306872006792
24623,0.9584719516526315,0.005990100660907816,0.03553794768646062
24624,0.9603331986094968,0.0010984562503016974,0.0385683451402015
24625,0.7732457539008318,0.006958538977893075,0.21979570712127516
24626,0.46703811822842073,0.011449231003198656,0.5215126507683806
24627,0.044821314062609974,0.0019383498842500864,0.95324033605314
24628,0.9865242078002368,0.004335379854568493,0.009140412345194752
24629,0.7356346579190755,0.0013246488837165235,0.263040693197208
24630,0.33400455176369787,0.032380324242858624,0.6336151239934437
24631,0.8295425806730614,0.0013707418132436634,0.169086677513695
24632,0.8235188453359185,0.015698898282114876,0.16078225638196653
24633,0.8468204133716558,0.0015782901082203224,0.15160129652012383
24634,0.7961938116345476,0.012193184415070732,0.19161300395038172
24635,0.8872013883139221,0.006674279011335319,0.10612433267474258
24636,0.4866547200197395,0.007284769752022574,0.506060510228238
24637,0.9464648468565169,0.005041582049712338,0.0484935710937709
24638,0.9829906915069025,0.0003460571586211891,0.016663251334476308
24639,0.9628609965669083,0.018682351133344717,0.018456652299746912
24640,0.989118529904436,0.0013405486596267263,0.009540921435937183
24641,0.9390889435195887,0.0038262526359915863,0.057084803844419774
24642,0.8686916732476518,0.008609341664334923,0.12269898508801327
24643,0.9885933773348056,0.0018847112010486153,0.00952191146414574
24644,0.42196513036067157,0.005123255141306626,0.5729116144980217
24645,0.9561445796413156,0.024120717266107265,0.019734703092577174
24646,0.43693549123582126,0.009803691321742032,0.5532608174424368
24647,0.30908778107706747,0.14880573071038902,0.5421064882125436
24648,0.12065512435533716,0.019701487898410894,0.859643387746252
24649,0.9706283913665456,0.011245351277642911,0.018126257355811505
24650,0.8728322295843772,0.014553083434018312,0.11261468698160454
24651,0.8694402056579927,0.005712710110266008,0.12484708423174129
24652,0.9120096086095664,0.0013071590865956389,0.08668323230383808
24653,0.37638939847415853,0.002617031031049563,0.6209935704947919
24654,0.086910907065646,0.00998449656820348,0.9031045963661505
24655,0.9542968911433346,0.0009113217314541833,0.044791787125211084
24656,0.9897988578187725,0.0013463642441284222,0.008854777937099071
24657,0.9841771524016836,0.002768589841100432,0.013054257757215864
24658,0.045035508935225795,0.003483963274946475,0.9514805277898278
24659,0.6217476530371646,0.008103665476977997,0.3701486814858574
24660,0.5835797159341211,0.0026442943524205786,0.4137759897134584
24661,0.888007384627513,0.005009528885371757,0.10698308648711527
24662,0.4276342989900302,0.11829564705446488,0.45407005395550476
24663,0.9037756228266209,0.013528279722171884,0.08269609745120719
24664,0.004347705860121264,0.001512314736699166,0.9941399794031797
24665,0.04389001573704054,0.009582466861008946,0.9465275174019505
24666,0.6715098268294681,0.031089805379840695,0.2974003677906911
24667,0.9335883271976196,0.01189248935139526,0.05451918345098507
24668,0.4716260723444718,0.0138445951353334,0.5145293325201948
24669,0.9587916847844778,0.00023989618871377342,0.040968419026808346
24670,0.08658503839473225,0.008576219719732912,0.9048387418855347
24671,0.774086647160032,0.030168627486114846,0.19574472535385312
24672,0.014061496709899514,0.0004097896672499131,0.9855287136228505
24673,0.9168251763447711,0.005452721894810393,0.07772210176041842
24674,0.02303847353084934,0.004011865369175387,0.9729496610999753
24675,0.9928873369695922,0.0034880865978367463,0.0036245764325710784
24676,0.9678069263802523,0.01803921033825015,0.014153863281497474
24677,0.82986307597647,0.009762082345597722,0.1603748416779322
24678,0.857438989506669,0.016473569395563666,0.1260874410977673
24679,0.01525684497810649,0.0019786816841587396,0.9827644733377348
24680,0.8681739198852745,0.0042739294791576,0.12755215063556788
24681,0.06915092267611202,0.0036607486383589826,0.9271883286855291
24682,0.9838024862287916,0.001327257914519415,0.014870255856688877
24683,0.046583639248472496,0.04372160178011891,0.9096947589714086
24684,0.5672754980452906,0.022848632969677443,0.40987586898503187
24685,0.20099152012918597,0.15399736839939812,0.6450111114714158
24686,0.9545362902683684,0.0005763401260976025,0.04488736960553397
24687,0.9374693556715066,0.00020974963657352917,0.062320894691919836
24688,0.981188676154983,0.006154250138007809,0.012657073707009307
24689,0.6694664486276103,0.03149375938368622,0.2990397919887035
24690,0.7996983348865512,0.09634263822636546,0.10395902688708328
24691,0.9327473562960775,0.013425172230095851,0.0538274714738267
24692,0.8985093706546428,0.00242535222553597,0.09906527711982112
24693,0.20787212645314884,0.003363247077182505,0.7887646264696687
24694,0.9849981017614526,0.0076177128057380574,0.007384185432809255
24695,0.768353678832288,0.002946495915086369,0.22869982525262564
24696,0.9601526746866702,0.0006051734524335128,0.03924215186089623
24697,0.9729439787468226,0.0051575898026916716,0.021898431450485676
24698,0.956026546418092,0.011218571586151655,0.03275488199575628
24699,0.428699213304542,0.007822763797098804,0.5634780228983592
24700,0.9838844784483154,0.010422225830667537,0.005693295721017173
24701,0.9653781710157449,0.011613654259588036,0.02300817472466715
24702,0.7650030456826177,0.04230750673464353,0.19268944758273876
24703,0.9680091450531674,0.0015713379988426693,0.030419516947989955
24704,0.8265894994411133,0.002173620176257342,0.17123688038262938
24705,0.9723858286610257,0.004883114214766235,0.02273105712420802
24706,0.9116012650405405,0.0006756459673807754,0.08772308899207869
24707,0.018790651675763912,9.999791617845917e-05,0.9811093504080575
24708,0.002595049541835547,0.00020457301015447854,0.9972003774480099
24709,0.9231953513404925,0.011378579273075562,0.06542606938643193
24710,0.16183189466653072,0.019196887157767805,0.8189712181757015
24711,0.618948245839176,0.07821341281455478,0.3028383413462692
24712,0.9960274608550574,0.0006069587839695811,0.003365580360973053
24713,0.9917020620230987,0.0010441790349644754,0.007253758941936771
24714,0.7101752749986505,0.0575705934595346,0.23225413154181493
24715,0.8787452856303806,0.009818879483484932,0.11143583488613441
24716,0.017775736608283313,0.0012827336256304197,0.9809415297660863
24717,0.9902959745170007,0.0010044681156108108,0.008699557367388585
24718,0.9227739068155688,0.003755459502271712,0.07347063368215942
24719,0.9850166437629041,0.000550067795191684,0.014433288441904068
24720,0.8656588517837286,0.004390662064872227,0.12995048615139912
24721,0.8620788342907981,0.0010600751669277836,0.13686109054227405
24722,0.0474686861108789,0.018215892965981712,0.9343154209231395
24723,0.6397058402443824,0.005106391224211409,0.3551877685314064
24724,0.9900148865123635,0.0007365868694774883,0.009248526618159057
24725,0.9590106401899597,0.013503033510959774,0.027486326299080575
24726,0.9476977692050179,0.0030316351905238957,0.04927059560445825
24727,0.9711968295888094,0.0013395767441576466,0.027463593667032944
24728,0.8323055272656615,0.10117238343749854,0.06652208929684005
24729,0.98754014152441,0.0002685169097940771,0.01219134156579588
24730,0.05796334679949132,0.007741415484358601,0.9342952377161501
24731,0.9856370561551517,0.0009151190621053427,0.013447824782742857
24732,0.9223095632296511,0.006738305708549499,0.07095213106179947
24733,0.9746900887732995,0.003079838254329799,0.022230072972370733
24734,0.7831024892264714,0.023912140552580553,0.19298537022094803
24735,0.9716898587310857,0.013659924512251015,0.0146502167566632
24736,0.6248185081425665,0.00971481590564287,0.3654666759517908
24737,0.08942790187477768,0.003847313608136132,0.9067247845170862
24738,0.8968021307956118,0.004738725135222641,0.09845914406916569
24739,0.28609626638233965,0.010172201979024954,0.7037315316386354
24740,0.9918248662386137,0.0020191160345102597,0.006156017726876127
24741,0.08180558143234927,0.0056261683143298625,0.9125682502533209
24742,0.9572089259101612,0.0008698479652631943,0.041921226124575627
24743,0.4124097553599114,0.017151203180965607,0.5704390414591229
24744,0.8540685096380297,0.018402723413731753,0.12752876694823861
24745,0.9926526728716184,0.0003267254299190755,0.007020601698462491
24746,0.871843849956864,0.003691338427216362,0.12446481161591964
24747,0.9883840467371698,0.0004491112619018201,0.011166842000928434
24748,0.9772803671822281,0.004891577713283402,0.01782805510448852
24749,0.945242319413548,0.011181196571225727,0.04357648401522636
24750,0.9549537501745007,0.0021085278187842446,0.04293772200671512
24751,0.019037381047972573,0.00591976362914725,0.9750428553228802
24752,0.9234815399336693,0.0038302860714185707,0.07268817399491219
24753,0.7984911240895552,0.01148041650356659,0.19002845940687818
24754,0.968480302792658,0.0033930193777078396,0.02812667782963419
24755,0.9675926602945782,0.017415526367738646,0.0149918133376831
24756,0.8279558613255023,0.007088745560073002,0.16495539311442475
24757,0.935815277189415,0.0019091132645960348,0.062275609545989
24758,0.010607360469339579,0.002636599973890464,0.9867560395567699
24759,0.966915528402906,0.0011939497904986471,0.03189052180659547
24760,0.8022018788298547,0.007867208003228734,0.18993091316691652
24761,0.9874680790810126,0.0006091520632667265,0.011922768855720724
24762,0.9812550646678434,0.0025636812389303954,0.016181254093226145
24763,0.9846643859158225,0.004120406875580907,0.011215207208596497
24764,0.9855536093578193,0.0015493536411171633,0.0128970370010634
24765,0.8904315996957384,0.0007140949871245835,0.10885430531713709
24766,0.8816664851944291,0.0009216714658067429,0.11741184333976418
24767,0.16389138652934843,0.30245534768747534,0.5336532657831761
24768,0.9689273849344784,0.0004429339210720781,0.03062968114444962
24769,0.5305712251642337,0.10696986374508716,0.36245891109067907
24770,0.989010729613853,0.0009467626693888316,0.010042507716758135
24771,0.9656064467565838,0.0005963219042383875,0.03379723133917779
24772,0.8466794166570542,0.005074393438679977,0.14824618990426586
24773,0.9473950581975218,0.003391535062653446,0.04921340673982484
24774,0.9827791575118255,0.002678816094234751,0.014542026393939634
24775,0.9361978025233055,0.006644913859219665,0.0571572836174748
24776,0.9280038528354133,0.0008117608413190691,0.07118438632326754
24777,0.9371682274778033,0.012015745270864199,0.050816027251332566
24778,0.967045280914826,0.0005752923463544992,0.032379426738819564
24779,0.9589858241226318,0.0027101724601838145,0.03830400341718439
24780,0.938277070588415,0.007630930416289776,0.05409199899529529
24781,0.8438335749081411,0.01088216645962904,0.14528425863222966
24782,0.5394239319977235,0.02563500159503264,0.4349410664072437
24783,0.5555596472132269,0.007145817740126752,0.4372945350466462
24784,0.9140286748616513,0.021840976303571215,0.0641303488347775
24785,0.9744841240320019,0.002274732816138756,0.023241143151859357
24786,0.6459956809778716,0.005869761979572528,0.3481345570425558
24787,0.840337097471486,0.0008431263463608558,0.15881977618215318
24788,0.000795785605673231,0.0002541946946813137,0.9989500196996455
24789,0.9354454224864647,0.018805629673632696,0.04574894783990259
24790,0.8549250653995052,0.003992966042127549,0.14108196855836733
24791,0.9603702058700471,0.008730561375284223,0.030899232754668788
24792,0.005445586215841363,0.0005081505635647536,0.9940462632205939
24793,0.9287963983766625,0.004057911433592316,0.0671456901897452
24794,0.5455627212953857,0.008778398608047031,0.44565888009656734
24795,0.8679985608511428,0.012223204304218386,0.11977823484463888
24796,0.29395350848869123,0.009304380699259256,0.6967421108120496
24797,0.994761690855727,9.999819735104218e-05,0.005138310946921923
24798,0.09583845880288926,0.005190065716198251,0.8989714754809125
24799,0.4290857615681305,0.023852632820318784,0.5470616056115508
24800,0.04089585082871924,0.0012095550613685356,0.9578945941099122
24801,0.19305718329311375,0.003160126454421262,0.8037826902524651
24802,0.2047086491107796,0.009286651897156035,0.7860046989920643
24803,0.10818773708421288,0.0016006782735550939,0.890211584642232
24804,0.14718891789948016,0.0036643545111344866,0.8491467275893854
24805,0.9764601808645877,0.0061510332183692985,0.017388785917042984
24806,0.9107856905870066,0.015892808939954716,0.07332150047303877
24807,0.9653370807401043,0.000352863843045723,0.034310055416849956
24808,0.962017697034523,0.0032697926512202497,0.03471251031425688
24809,0.9129413317000433,0.014565002696597848,0.07249366560335874
24810,0.057041725210059416,0.016243071171315567,0.926715203618625
24811,0.9913504925047513,0.0019153389413895505,0.006734168553859208
24812,0.9860071157394912,0.0068516367376740845,0.007141247522834794
24813,0.09341226937735785,0.005860009511412889,0.9007277211112293
24814,0.29326921297569547,0.1441379799305405,0.562592807093764
24815,0.4891407825889921,0.0030727485771914784,0.5077864688338164
24816,0.9220945740252996,0.0008802456424815077,0.07702518033221889
24817,0.0017075910875438355,0.0008984857240704532,0.9973939231883857
24818,0.7758635776911441,0.014083819224543844,0.21005260308431212
24819,0.9220066475798574,0.0020122753936045994,0.07598107702653802
24820,0.986323660838184,0.0013313573020689456,0.012344981859747027
24821,0.9809568994036605,0.0019288623981104692,0.01711423819822905
24822,0.9302718226317108,0.007186776282798144,0.06254140108549104
24823,0.8942868058883406,0.008812863061677691,0.09690033104998164
24824,0.9873070883541593,0.0018392904907959784,0.010853621155044924
24825,0.8559410011821021,0.009913101186529593,0.13414589763136828
24826,0.013807107356271666,0.0004139450742181553,0.9857789475695102
24827,0.09069832995734065,0.006454927732733143,0.9028467423099262
24828,0.8143019760919464,0.007445802287901153,0.17825222162015245
24829,0.5526171978591012,0.08068835354847029,0.3666944485924285
24830,0.13553090083936814,0.00828369854231624,0.8561854006183156
24831,0.49652378980320067,0.4173358267746049,0.08614038342219443
24832,0.09055710436699813,0.005616384269622796,0.9038265113633791
24833,0.023734043491224065,0.005158259273481623,0.9711076972352942
24834,0.9663158454857643,0.008907382736955037,0.02477677177728063
24835,0.5490951933253345,0.056648206916072016,0.3942565997585935
24836,0.5158397208106448,0.020359172155398453,0.46380110703395677
24837,0.008944771999447425,0.0019025036946472532,0.9891527243059054
24838,0.8977296099241314,0.005818578457651014,0.09645181161821757
24839,0.9465040420891146,0.0009562995008577282,0.052539658410027605
24840,0.09198060408259945,0.0013042069581492633,0.9067151889592513
24841,0.19297003687221242,0.010033680943865494,0.796996282183922
24842,0.9861755813792458,0.0012328008599898012,0.012591617760764446
24843,0.5893095653792753,0.0029461471529534126,0.40774428746777125
24844,0.3914680114242652,0.05924037408797319,0.5492916144877616
24845,0.9931955999301624,0.0001848242033022812,0.006619575866535326
24846,0.06447917316379817,0.005529730306639955,0.9299910965295618
24847,0.9738860434992773,0.020171666791090444,0.005942289709632198
24848,0.9918510903490836,0.0005048537674594844,0.007644055883457007
24849,0.7034551904295836,0.1162126159916492,0.18033219357876726
24850,0.2337042103388032,0.006779004923252057,0.7595167847379447
24851,0.8699035831080927,0.005388025316317925,0.1247083915755894
24852,0.12723792848087873,0.004523097919802368,0.8682389735993189
24853,0.7253794467568695,0.013813782148607127,0.26080677109452327
24854,0.9150996342723005,0.0034316901245376183,0.08146867560316191
24855,0.3746816276530606,0.010434053084713537,0.6148843192622258
24856,0.9846232343803879,0.00577254378910029,0.00960422183051186
24857,0.7999048189271151,0.0012764976803804615,0.1988186833925046
24858,0.18146049029289582,0.05904453468204525,0.7594949750250589
24859,0.22956946811232506,0.022348947518038658,0.7480815843696363
24860,0.01678455514143626,0.01659414856562395,0.9666212962929398
24861,0.2130371902238665,0.024026180962688794,0.7629366288134447
24862,0.01430573825940215,0.0017413120626694023,0.9839529496779286
24863,0.05146221919775174,0.0438807833712601,0.9046569974309882
24864,0.984994219569299,0.005058730535069008,0.009947049895632006
24865,0.5940297945202216,0.0995536557085696,0.30641654977120886
24866,0.8083037551946175,0.01612151279146004,0.17557473201392243
24867,0.6637653863118257,0.05544845811668646,0.2807861555714878
24868,0.9300705526585156,0.0036634823301825445,0.06626596501130187
24869,0.983925178404813,0.0017632038451161332,0.014311617750070867
24870,0.005734779555093206,0.0007818172437225328,0.9934834032011842
24871,0.8872698191591519,0.002990902680808797,0.10973927816003934
24872,0.936592769928079,0.009191691104258244,0.05421553896766264
24873,0.9405300212385563,0.00535276351261274,0.05411721524883086
24874,0.22431020906088417,0.013822194810140409,0.7618675961289754
24875,0.6669877784260149,0.02158010813969117,0.311432113434294
24876,0.9730439240131091,0.0008720827150864516,0.026083993271804457
24877,0.9564886617553818,0.003336495816788586,0.040174842427829566
24878,0.5878555313383145,0.010489710928226705,0.4016547577334588
24879,0.9617662044827583,0.004706665156903855,0.033527130360337914
24880,0.13234166276924528,0.06924020997382287,0.798418127256932
24881,0.9340137134428486,0.014868172280056137,0.051118114277095304
24882,0.9712303076531408,0.00017817588617817607,0.028591516460681005
24883,0.939521555930593,0.0026114716363361315,0.05786697243307077
24884,0.9862083995071682,0.0019602480476528495,0.011831352445178944
24885,0.7944331107317683,0.015535823477843762,0.190031065790388
24886,0.8382540445677503,0.11650515952273885,0.04524079590951085
24887,0.9474489972863626,0.001542860382075898,0.051008142331561514
24888,0.9625142361661817,0.0012951480495295739,0.03619061578428883
24889,0.8568630786780621,0.003237821529951655,0.13989909979198623
24890,0.22972134058387605,0.2954756097360411,0.4748030496800829
24891,0.8366585149621083,0.007362616904536299,0.15597886813335549
24892,0.9431654957705315,0.004728267236708581,0.052106236992759944
24893,0.906077554188545,0.005182370475686925,0.08874007533576812
24894,0.9684549936077045,0.0051384821041767625,0.026406524288118884
24895,0.17858103564290578,0.023760843838578297,0.7976581205185159
24896,0.9658287412068068,0.010927012531052794,0.023244246262140392
24897,0.404500568628397,0.00774640117554287,0.5877530301960602
24898,0.8104281050422012,0.008320715399759782,0.18125117955803904
24899,0.9150783131721621,0.004219670469367312,0.08070201635847059
24900,0.9753633743201906,0.008887382378466696,0.015749243301342707
24901,0.5666349791595425,0.02557253719195903,0.40779248364849846
24902,0.7527477185011647,0.009635747953150755,0.23761653354568457
24903,0.9721835735534025,0.001503478415640892,0.026312948030956625
24904,0.8511793167851407,0.0013880314021408261,0.14743265181271845
24905,0.8930486002173649,0.003797450448400639,0.10315394933423443
24906,0.759605407325349,0.0008077357993383012,0.23958685687531278
24907,0.16503498718470658,0.002550210105573443,0.8324148027097199
24908,0.9689782637291243,0.0024476171943810026,0.028574119076494646
24909,0.6153598129508921,0.05154707235140079,0.3330931146977071
24910,0.9747326859693078,0.011729331382316226,0.013537982648375791
24911,0.013914145066262934,0.003178876272352815,0.9829069786613843
24912,0.9798187834195461,0.005156560351691024,0.015024656228762898
24913,0.9350383163496416,0.0034922533897369656,0.061469430260621453
24914,0.9949296743133298,0.0005309123550389231,0.004539413331631283
24915,0.010247806139409225,0.002061609029425183,0.9876905848311656
24916,0.9440029626168379,0.031216404689827042,0.024780632693335036
24917,0.7885630455691485,0.0005574668261184166,0.21087948760473313
24918,0.7564857209302701,0.04126900276653162,0.20224527630319838
24919,0.34826591478042485,0.03185373686533679,0.6198803483542383
24920,0.7081857110066571,0.023261153432513823,0.26855313556082916
24921,0.3616127537213223,0.1803848851776384,0.4580023611010393
24922,0.7071510247435929,0.009705197991476379,0.2831437772649306
24923,0.9677738934162999,0.00911247415247946,0.023113632431220596
24924,0.866805899552527,0.010443560851539323,0.12275053959593364
24925,0.07798882084121994,0.0016363154787474455,0.9203748636800325
24926,0.023622071691953225,0.00923653877832676,0.96714138952972
24927,0.6530058096693471,0.008409857791641146,0.3385843325390118
24928,0.8921329969316141,0.007283077432959184,0.10058392563542663
24929,0.7016695390064877,0.014458065124580526,0.2838723958689319
24930,0.9917653476512677,0.00013790430232348967,0.008096748046408858
24931,0.0836765309632749,0.005874084382733848,0.9104493846539912
24932,0.9082858742813565,0.011014598659844816,0.08069952705879858
24933,0.9802307833655213,0.004690111195970588,0.015079105438508236
24934,0.9481847650926272,0.004662673905717833,0.047152561001654894
24935,0.8059075698094076,0.023175948038012463,0.17091648215257987
24936,0.07789471416348091,0.0031852383451872893,0.9189200474913318
24937,0.7550176487660153,0.009033389846197643,0.23594896138778698
24938,0.9783261329839413,0.003629837126829746,0.018044029889228902
24939,0.5179958906541551,0.00597414215460701,0.4760299671912378
24940,0.7765743035286427,0.004003706188936362,0.21942199028242096
24941,0.9622641654134322,0.007002968191348653,0.030732866395219185
24942,0.49824306808686053,0.01670250790500955,0.48505442400813004
24943,0.8013835323773318,0.017916386171077082,0.1807000814515911
24944,0.000818216758276286,0.0007219249996776679,0.9984598582420462
24945,0.3391316033678566,0.015293402087203157,0.6455749945449404
24946,0.9065232666272455,0.000499817603167597,0.09297691576958694
24947,0.7737461570466913,0.1285658379295957,0.09768800502371312
24948,0.7975331036675727,0.023567989632956383,0.17889890669947087
24949,0.9896507509016296,0.0017613222850226679,0.008587926813347732
24950,0.9544416786236944,0.03495978278664684,0.010598538589658733
24951,0.274836097606903,0.028346405629944334,0.6968174967631527
24952,0.7029842571404195,0.09733127673922763,0.19968446612035298
24953,0.3050954992651555,0.010507755771407645,0.6843967449634368
24954,0.6961087150350765,0.005324570156285639,0.29856671480863783
24955,0.9581123506893013,0.0029915089674989984,0.03889614034319968
24956,0.1596996694830599,0.7301499947383383,0.11015033577860185
24957,0.9432001491003245,0.015066656713985731,0.041733194185689895
24958,0.014833134217880213,0.00319041016178753,0.9819764556203323
24959,0.014013293161329987,0.002126518568028376,0.9838601882706416
24960,0.9701744649296685,0.001399585134268438,0.028425949936063056
24961,0.9857523822816069,0.0007242049984925081,0.013523412719900615
24962,0.9456552122121552,0.0013608744338627226,0.05298391335398196
24963,0.9742505858619375,0.00016815288260867159,0.025581261255453954
24964,0.0036269398387727184,0.00016386026103026454,0.996209199900197
24965,0.6212553389035056,0.005772949804005893,0.37297171129248846
24966,0.08264405463951119,0.003122369257518159,0.9142335761029706
24967,0.4982234089234701,0.008333840783992083,0.49344275029253787
24968,0.0821128398820646,0.010515111765145867,0.9073720483527896
24969,0.7730152481673404,0.00449178475886987,0.2224929670737897
24970,0.972143951386671,0.007049419166974831,0.020806629446354197
24971,0.01831114183500633,0.0006183170278727824,0.9810705411371209
24972,0.01378010046744885,0.001035863408509424,0.9851840361240417
24973,0.915122842703467,0.0069006582447577345,0.07797649905177544
24974,0.1378759913519046,0.005125292452222128,0.8569987161958733
24975,0.3225695212089579,0.014384342196573408,0.6630461365944688
24976,0.6734458683731693,0.013841944681034595,0.3127121869457961
24977,0.9768250172822245,0.0003663381258722774,0.022808644591903314
24978,0.818957636830261,0.002958968595489774,0.1780833945742493
24979,0.9449055649100778,0.00018739884368750194,0.05490703624623456
24980,0.9126674548661602,0.0035935605575243847,0.08373898457631543
24981,0.5297884717526009,0.0023483325457280767,0.467863195701671
24982,0.12505780827446114,0.014519959743841564,0.8604222319816972
24983,0.9288950488505541,0.0051772211765952186,0.06592772997285058
24984,0.32569040213660416,0.10688733243417271,0.5674222654292231
24985,0.018158313464519935,0.0009163261260686285,0.9809253604094115
24986,0.8024142508648714,0.05610975864244133,0.14147599049268722
24987,0.48337232503886207,0.47220136074139585,0.04442631421974203
24988,0.9467254038207715,0.030521955757360768,0.022752640421867653
24989,0.231928137722168,0.05898620166474406,0.7090856606130879
24990,0.9299502479781024,0.005703094476116439,0.06434665754578109
24991,0.4037795377448604,0.016503212901694105,0.5797172493534455
24992,0.7388407321731495,0.019397148595050658,0.24176211923179994
24993,0.9434952477588405,0.020573347018891335,0.035931405222268314
24994,0.11198298591063324,0.006634729800476116,0.8813822842888908
24995,0.9489139766004359,0.018268057004619233,0.03281796639494493
24996,0.030155778323027804,0.008291793251335736,0.9615524284256365
24997,0.9124909394329441,0.006294024406203919,0.0812150361608519
24998,0.9317173178318915,0.0006345230508801333,0.0676481591172284
24999,0.6158269636422826,0.10406061088075662,0.2801124254769607
